clonotype_id,frequency,proportion,cdr3s_aa,cdr3s_nt,inkt_evidence,mait_evidence
clonotype1,74,0.07129094412331406,TRB:CASSPWGGNSPLHF;TRA:CIVRDNNAGNMLTF,TRB:TGTGCCAGCAGCCCCTGGGGGGGCAATTCACCCCTCCACTTT;TRA:TGCATCGTCAGAGATAATAATGCAGGCAACATGCTCACCTTT,,
clonotype2,71,0.06840077071290944,TRB:CASSFLYTDTQYF;TRA:CAVFVATGANSKLTF,TRB:TGTGCCAGCAGTTTCCTATACACAGATACGCAGTATTTT;TRA:TGTGCTGTGTTCGTAGCAACTGGAGCCAATAGTAAGCTGACATTT,,
clonotype3,39,0.03757225433526012,TRB:CSVGQGAYEQYF;TRA:CAASASNFNKFYF,TRB:TGCAGCGTTGGACAGGGGGCCTACGAGCAGTACTTC;TRA:TGTGCAGCAAGCGCGTCCAACTTCAACAAATTTTACTTT,,
clonotype4,24,0.023121387283236993,TRB:CSVRPSGNTIYF;TRA:CAATLPGTASKLTF;TRA:CAVVGSARQLTF,TRB:TGCAGTGTCCGGCCCTCGGGAAACACCATATATTTT;TRA:TGTGCAGCAACCCTACCCGGCACTGCCAGTAAACTCACCTTT;TRA:TGTGCCGTGGTGGGTTCTGCAAGGCAACTGACCTTT,,TRB:gene
clonotype5,20,0.019267822736030827,TRB:CASSNRLAGGEQYF;TRA:CAYRRGGANNLFF,TRB:TGTGCCAGTAGTAATCGACTAGCGGGAGGAGAGCAGTACTTC;TRA:TGTGCTTATAGGAGGGGCGGGGCAAACAACCTCTTCTTT,,
clonotype6,19,0.018304431599229287,TRB:CASTGTASTDTQYF;TRA:CAESETGANNLFF,TRB:TGTGCCAGCACCGGGACCGCATCCACAGATACGCAGTATTTT;TRA:TGTGCAGAGAGCGAAACTGGGGCAAACAACCTCTTCTTT,,TRB:gene
clonotype7,17,0.016377649325626204,TRB:CASSLGHRRWTQYF;TRA:CGTDRWGSGGSNYKLTF,TRB:TGTGCCAGCAGCCTGGGACACCGTAGGTGGACCCAGTACTTC;TRA:TGCGGCACAGACCGCTGGGGGAGTGGAGGTAGCAACTATAAACTGACATTT,,
clonotype8,17,0.016377649325626204,TRB:CASGPEGSPLRQEQFF;TRA:CIVRVNNDMRF,TRB:TGTGCTAGTGGTCCCGAGGGGTCCCCCCTTCGACAGGAGCAGTTCTTC;TRA:TGCATCGTCAGAGTTAACAATGACATGCGCTTT,,
clonotype9,16,0.015414258188824663,TRB:CSVIGTDYGYTF;TRA:CAGDPPYGQNFVF,TRB:TGCAGCGTTATTGGGACGGACTATGGCTACACCTTC;TRA:TGTGCAGGAGATCCCCCCTATGGTCAGAATTTTGTCTTT,,
clonotype10,15,0.014450867052023121,TRB:CASTSTDSLTKVAFF;TRA:CALSDNERSGGSNYKLTF;TRA:CASGGGAQKLVF,TRB:TGTGCCAGTACCTCTACTGACAGCCTAACAAAGGTGGCTTTCTTT;TRA:TGTGCTCTAAGTGATAACGAAAGGAGTGGAGGTAGCAACTATAAACTGACATTT;TRA:TGTGCCTCCGGCGGGGGAGCCCAGAAGCTGGTATTT,,
clonotype11,14,0.01348747591522158,TRB:CATYGGVTGELFF;TRA:CAVEVVNTGGFKTIF,TRB:TGTGCCACCTACGGGGGGGTCACCGGGGAGCTGTTTTTT;TRA:TGTGCTGTCGAAGTAGTAAATACTGGAGGCTTCAAAACTATCTTT,,
clonotype12,12,0.011560693641618497,TRB:CASSQSARPQHF;TRA:CAVSSFAGGTSYGKLTF,TRB:TGTGCCAGCAGCCAATCGGCAAGGCCCCAGCATTTT;TRA:TGTGCTGTGAGCTCCTTTGCTGGTGGTACTAGCTATGGAAAGCTGACATTT,,
clonotype13,12,0.011560693641618497,TRB:CASSEGQGAEEKLFF;TRA:CAMREGWDTGRRALTF,TRB:TGTGCCAGCAGTGAAGGACAGGGGGCCGAAGAAAAACTGTTTTTT;TRA:TGTGCAATGAGAGAGGGCTGGGACACGGGCAGGAGAGCACTTACTTTT,,
clonotype14,12,0.011560693641618497,TRB:CASSSLAGVGETQYF;TRA:CLVGEVNNDMRF,TRB:TGTGCCAGCAGCTCCCTAGCGGGAGTGGGAGAGACCCAGTACTTC;TRA:TGCCTCGTGGGTGAGGTTAACAATGACATGCGCTTT,,
clonotype15,12,0.011560693641618497,TRB:CASSLNRAGGPNEQFF,TRB:TGTGCCAGCAGCTTAAACCGGGCGGGAGGGCCTAATGAGCAGTTCTTC,,
clonotype16,12,0.011560693641618497,TRB:CASSGTGSVNYGYTF;TRA:CAMREKTGGGADGLTF,TRB:TGTGCCAGCAGTGGAACAGGGAGTGTAAACTATGGCTACACCTTC;TRA:TGTGCAATGAGAGAGAAAACAGGAGGAGGTGCTGACGGACTCACCTTT,,
clonotype17,11,0.010597302504816955,TRB:CASSSGTVAGELFF;TRA:CAESEGYSTLTF,TRB:TGTGCCAGCAGTTCCGGGACCGTGGCCGGGGAGCTGTTTTTT;TRA:TGTGCAGAGAGTGAAGGATACAGCACCCTCACCTTT,,
clonotype18,11,0.010597302504816955,TRB:CASSNRGGQETQYF;TRA:CAPFNFNKFYF,TRB:TGTGCCAGCAGCAACCGCGGGGGGCAAGAGACCCAGTACTTC;TRA:TGTGCTCCTTTCAACTTCAACAAATTTTACTTT,,
clonotype19,11,0.010597302504816955,TRB:CASSDRTSGERETQYF;TRA:CIPEGNAGNMLTF,TRB:TGTGCCAGCAGCGACCGGACTAGCGGGGAGCGAGAGACCCAGTACTTC;TRA:TGCATCCCTGAGGGGAATGCAGGCAACATGCTCACCTTT,,
clonotype20,9,0.008670520231213872,TRB:CASSPPDEQFF;TRA:CALSEASTGANSKLTF,TRB:TGTGCCAGCAGCCCCCCGGATGAGCAGTTCTTC;TRA:TGTGCTCTGAGTGAGGCATCCACTGGAGCCAATAGTAAGCTGACATTT,,
clonotype21,9,0.008670520231213872,TRB:CASSIGRGDEQFF;TRA:CAVRALDRGSTLGRLYF,TRB:TGTGCCAGTAGTATAGGACGGGGGGATGAGCAGTTCTTC;TRA:TGTGCTGTGAGAGCGCTCGACAGAGGCTCAACCCTGGGGAGGCTATACTTT,,
clonotype22,9,0.008670520231213872,TRB:CASSKRQRYAYEQYF;TRA:CALSDPSGSRLTF,TRB:TGTGCCAGCAGCAAAAGACAGAGATATGCCTACGAGCAGTACTTC;TRA:TGTGCTCTGAGTGATCCCAGTGGCTCTAGGTTGACCTTT,,
clonotype23,9,0.008670520231213872,TRB:CASSGTMRGRFYNEQFF;TRA:CVTKKAAGNKLTF,TRB:TGTGCCAGTAGCGGGACAATGCGGGGGAGGTTCTACAATGAGCAGTTCTTC;TRA:TGTGTGACAAAAAAAGCTGCAGGCAACAAGCTAACTTTT,,
clonotype24,8,0.007707129094412331,TRB:CKAGGDYNEQFF;TRA:CAYRVQYSGAGSYQLTF,TRB:TGCAAAGCGGGGGGGGACTACAATGAGCAGTTCTTC;TRA:TGTGCTTATAGGGTGCAATACTCTGGGGCTGGGAGTTACCAACTCACTTTC,,TRB:gene
clonotype25,8,0.007707129094412331,TRB:CASSFIRRGVAFF;TRA:CIVRVANNAGNMLTF,TRB:TGTGCCAGCAGCTTTATCCGGAGGGGAGTAGCTTTCTTT;TRA:TGCATCGTCAGAGTCGCTAATAATGCAGGCAACATGCTCACCTTT,,
clonotype26,8,0.007707129094412331,TRB:CASKPSLGSSPLHF;TRA:CAFILTGNQFYF,TRB:TGTGCCAGTAAACCCTCTTTGGGGAGTTCACCCCTCCACTTT;TRA:TGTGCTTTCATACTCACCGGTAACCAGTTCTATTTT,,
clonotype27,7,0.00674373795761079,TRB:CASTLAGGPREQYF;TRA:CAVHPGYSSASKIIF,TRB:TGTGCCAGCACACTAGCGGGGGGGCCGCGAGAGCAGTACTTC;TRA:TGTGCCGTCCACCCGGGGTACAGCAGTGCTTCCAAGATAATCTTT,,
clonotype28,7,0.00674373795761079,TRB:CSARHRGLAGESGNEQFF,TRB:TGCAGTGCCCGCCACAGGGGGCTAGCGGGAGAATCGGGCAATGAGCAGTTCTTC,,TRB:gene
clonotype29,7,0.00674373795761079,TRB:CASSLGPLVGTEAFF;TRA:CAVAFFKAAGNKLTF,TRB:TGTGCCAGCAGCTTAGGGCCGCTGGTCGGCACTGAAGCTTTCTTT;TRA:TGTGCTGTGGCCTTTTTCAAAGCTGCAGGCAACAAGCTAACTTTT,,
clonotype30,7,0.00674373795761079,TRB:CASSPETGISNQPQHF;TRA:CVVRNNNAGNMLTF,TRB:TGTGCCAGCAGCCCCGAGACCGGGATTAGCAATCAGCCCCAGCATTTT;TRA:TGTGTGGTGAGGAATAATAATGCAGGCAACATGCTCACCTTT,,
clonotype31,7,0.00674373795761079,TRB:CASSVEPGGALGTEAFF;TRA:CAVDAPGGSYIPTF;TRA:CVVNRNSSASKIIF,TRB:TGTGCCAGCAGCGTAGAGCCAGGGGGGGCCTTGGGCACTGAAGCTTTCTTT;TRA:TGTGCTGTGGACGCGCCAGGAGGAAGCTACATACCTACATTT;TRA:TGTGTGGTGAACAGGAACAGCAGTGCTTCCAAGATAATCTTT,,
clonotype32,6,0.005780346820809248,TRB:CSASGTGWSPLHF,TRB:TGCAGTGCTTCCGGGACAGGGTGGTCACCCCTCCACTTT,,TRB:gene
clonotype33,6,0.005780346820809248,TRB:CSAATRPGGNYEQYF;TRA:CAVDSGNTPLVF,TRB:TGCAGTGCCGCAACGAGGCCGGGGGGGAACTACGAGCAGTACTTC;TRA:TGTGCTGTAGATTCAGGAAACACACCTCTTGTCTTT,,TRB:gene
clonotype34,6,0.005780346820809248,TRB:CASSAGLFTDTQYF;TRA:CIVREALNDMRF,TRB:TGTGCCAGCAGCGCCGGATTGTTCACAGATACGCAGTATTTT;TRA:TGCATCGTCAGAGAGGCCCTCAATGACATGCGCTTT,,
clonotype35,6,0.005780346820809248,TRB:CASSSGQGRSNYGYTF;TRA:CAVKERDYGQNFVF,TRB:TGTGCCAGCAGTTCGGGACAGGGACGGTCTAACTATGGCTACACCTTC;TRA:TGTGCTGTGAAGGAAAGGGACTATGGTCAGAATTTTGTCTTT,,
clonotype36,6,0.005780346820809248,TRB:CASSLTLLAGDSYNEQFF;TRA:CLLGDPAVTDKLIF,TRB:TGTGCCAGCAGCTTAACCCTTTTAGCGGGAGACTCCTACAATGAGCAGTTCTTC;TRA:TGTCTTCTGGGAGATCCGGCGGTCACCGACAAGCTCATCTTT,,
clonotype37,5,0.004816955684007707,TRB:CSVRDRGLYGYTF;TRA:CIVLVWAGGTSYGKLTF,TRB:TGCAGCGTCCGGGACAGGGGCCTCTATGGCTACACCTTC;TRA:TGCATCGTGCTTGTATGGGCTGGTGGTACTAGCTATGGAAAGCTGACATTT,,
clonotype38,5,0.004816955684007707,TRB:CSAIDSQISGELFF;TRA:CAVFVATGANSKLTF,TRB:TGCAGTGCTATAGATAGCCAGATCTCCGGGGAGCTGTTTTTT;TRA:TGTGCTGTGTTCGTAGCAACTGGAGCCAATAGTAAGCTGACATTT,,TRB:gene
clonotype39,5,0.004816955684007707,TRB:CASSSLNTEAFF;TRA:CIVRVGGDSWGKLQF,TRB:TGTGCCAGCAGTTCTCTGAACACTGAAGCTTTCTTT;TRA:TGCATCGTCAGAGTCGGAGGGGACAGCTGGGGGAAATTGCAGTTT,,
clonotype40,5,0.004816955684007707,TRB:CASSEWGGTDTQYF;TRA:CILLNNNAGNMLTF,TRB:TGTGCCAGCAGCGAGTGGGGGGGCACAGATACGCAGTATTTT;TRA:TGCATCCTCCTGAATAATAATGCAGGCAACATGCTCACCTTT,,
clonotype41,5,0.004816955684007707,TRB:CASAAALAKNIQYF;TRA:CAASGASYDKVIF,TRB:TGTGCCAGCGCGGCAGCTCTAGCCAAAAACATTCAGTACTTC;TRA:TGTGCAGCAAGCGGGGCCTCCTACGACAAGGTGATATTT,,
clonotype42,5,0.004816955684007707,TRB:CASSAHSANQPQHF;TRA:CAGSGAGSYQLTF,TRB:TGTGCCAGCAGCGCACACAGCGCCAATCAGCCCCAGCATTTT;TRA:TGTGCTGGTTCTGGGGCTGGGAGTTACCAACTCACTTTC,,
clonotype43,5,0.004816955684007707,TRB:CASSVGLTFADTQYF;TRA:CASGGGADGLTF,TRB:TGTGCCAGCAGCGTAGGACTAACCTTCGCAGATACGCAGTATTTT;TRA:TGTGCATCAGGAGGAGGTGCTGACGGACTCACCTTT,,
clonotype44,5,0.004816955684007707,TRB:CASRPRPGLRGANVLTF;TRA:CAGRGSGNTPLVF,TRB:TGCGCCAGCAGGCCTAGGCCAGGGTTACGCGGGGCCAACGTCCTGACTTTC;TRA:TGTGCTGGGCGAGGTTCAGGAAACACACCTCTTGTCTTT,,
clonotype45,4,0.0038535645472061657,TRB:CSVDRGPGYTF;TRA:CALSGSSGGYQKVTF,TRB:TGCAGCGTTGACAGGGGGCCTGGCTACACCTTC;TRA:TGTGCTCTAAGTGGAAGTTCTGGGGGTTACCAGAAAGTTACCTTT,,
clonotype46,4,0.0038535645472061657,TRB:CSAQPLGETQYF;TRA:CAMSEKGTDKLIF,TRB:TGCAGTGCTCAACCTTTGGGAGAGACCCAGTACTTC;TRA:TGTGCAATGAGCGAGAAGGGAACCGACAAGCTCATCTTT,,TRB:gene
clonotype47,4,0.0038535645472061657,TRB:CSVAGQGVSGEQFF,TRB:TGCAGCGTTGCCGGACAGGGGGTAAGCGGCGAGCAGTTCTTC,,
clonotype48,4,0.0038535645472061657,TRB:CASSSTGEQFF;TRA:CALSEWNQGGKLIF;TRA:CATDQTDSWGKFQF,TRB:TGTGCCAGCAGCTCGACGGGCGAGCAGTTCTTC;TRA:TGTGCTCTGAGTGAATGGAACCAGGGAGGAAAGCTTATCTTC;TRA:TGTGCTACGGACCAAACTGACAGCTGGGGGAAATTCCAGTTT,,
clonotype49,4,0.0038535645472061657,TRB:CSATGTGGQGEKLFF,TRB:TGCAGTGCTACCGGGACAGGGGGACAGGGCGAAAAACTGTTTTTT,,TRB:gene
clonotype50,4,0.0038535645472061657,TRB:CADPPAGSSGANVLTF;TRB:CSAREVAAASYEQYF;TRA:CAVRESWGKLQF,TRB:TGTGCCGACCCTCCGGCAGGGAGCTCTGGGGCCAACGTCCTGACTTTC;TRB:TGCAGTGCTAGAGAGGTGGCGGCCGCCTCCTACGAGCAGTACTTC;TRA:TGTGCTGTGAGGGAAAGCTGGGGGAAATTGCAGTTT,,TRB:gene
clonotype51,4,0.0038535645472061657,TRB:CASSLEGDQPQHF;TRA:CAVRYGQNFVF,TRB:TGCGCCAGCAGCTTGGAAGGGGATCAGCCCCAGCATTTT;TRA:TGTGCTGTCCGCTATGGTCAGAATTTTGTCTTT,,
clonotype52,4,0.0038535645472061657,TRB:CASSYTATNEKLFF;TRA:CATPLVGNARLMF,TRB:TGTGCCAGCAGTTATACAGCGACTAATGAAAAACTGTTTTTT;TRA:TGTGCAACCCCTCTCGTAGGAAATGCCAGACTCATGTTT,,
clonotype53,4,0.0038535645472061657,TRB:CASSTRDTGYGYTF;TRA:CAVGPMGGYNKLIF,TRB:TGTGCCAGCAGCACGCGGGACACCGGCTATGGCTACACCTTC;TRA:TGTGCTGTGGGTCCCATGGGTGGCTACAATAAGCTGATTTTT,,
clonotype54,4,0.0038535645472061657,TRB:CASTREGVRETQYF;TRA:CAVKNDYKLSF,TRB:TGTGCCAGCACTCGGGAGGGGGTAAGAGAGACCCAGTACTTC;TRA:TGTGCTGTGAAGAACGACTACAAGCTCAGCTTT,,
clonotype55,4,0.0038535645472061657,TRB:CASSPGLMNTEAFF;TRA:CAAMEGNNDMRF,TRB:TGTGCCAGCAGCCCCGGACTTATGAACACTGAAGCTTTCTTT;TRA:TGTGCAGCAATGGAGGGCAACAATGACATGCGCTTT,,
clonotype56,4,0.0038535645472061657,TRB:CASRLSSGVTDTQYF;TRA:CAAGGSQGNLIF;TRA:CAGLKTSYDKVIF,TRB:TGTGCCAGCAGGCTAAGTAGCGGGGTAACAGATACGCAGTATTTT;TRA:TGTGCAGCTGGAGGAAGCCAAGGAAATCTCATCTTT;TRA:TGTGCAGGTTTGAAAACCTCCTACGACAAGGTGATATTT,,
clonotype57,4,0.0038535645472061657,TRB:CASSREGVRRTEAFF;TRA:CVANEASGGYQKVTF,TRB:TGTGCCAGCAGCAGAGAAGGGGTCAGGAGGACTGAAGCTTTCTTT;TRA:TGTGTGGCGAACGAGGCATCTGGGGGTTACCAGAAAGTTACCTTT,,
clonotype58,4,0.0038535645472061657,TRB:CASSPRDRVFSNTDTQYF;TRA:CATDGDNNNDMRF;TRA:CAVTRPNRDDKIIF,TRB:TGTGCCAGCAGCCCCCGGGACAGGGTCTTTTCTAACACAGATACGCAGTATTTT;TRA:TGTGCTACGGACGGCGACAATAACAATGACATGCGCTTT;TRA:TGTGCTGTGACCCGGCCGAACAGAGATGACAAGATCATCTTT,,
clonotype59,3,0.002890173410404624,TRB:CSARATGYEQYF;TRA:CAGWDSGTYKYIF,TRB:TGCAGTGCTAGAGCGACAGGATACGAGCAGTACTTC;TRA:TGTGCAGGATGGGACTCAGGAACCTACAAATACATCTTT,,TRB:gene
clonotype60,3,0.002890173410404624,TRB:CSVIEVRKNIQYF;TRA:CILRDHPSGTYKYIF,TRB:TGCAGCGTTATTGAAGTTAGAAAAAACATTCAGTACTTC;TRA:TGCATCCTGAGAGACCACCCCTCAGGAACCTACAAATACATCTTT,,
clonotype61,3,0.002890173410404624,TRB:CASRVIGYEQYF;TRA:CAVNSRRAGGFKTIF,TRB:TGTGCCAGCAGGGTGATCGGATACGAGCAGTACTTC;TRA:TGTGCCGTGAACTCAAGGCGTGCTGGAGGCTTCAAAACTATCTTT,,TRB:gene
clonotype62,3,0.002890173410404624,TRB:CASSLGGYEQYF,TRB:TGTGCCAGCAGCTTAGGGGGCTACGAGCAGTACTTC,,
clonotype63,3,0.002890173410404624,TRB:CASSSLNTEAFF;TRA:CIVRVGGDSWGKLQF,TRB:TGTGCCAGCAGTAGCCTGAACACTGAAGCTTTCTTT;TRA:TGCATCGTCAGAGTCGGAGGTGACAGCTGGGGGAAATTGCAGTTT,,
clonotype64,3,0.002890173410404624,TRB:CASNDLEVTGELFF;TRA:CAASILLLRPGAAGNKLTF;TRA:CAFRTGGSYIPTF,TRB:TGTGCCAGCAACGACCTGGAGGTCACCGGGGAGCTGTTTTTT;TRA:TGTGCAGCAAGCATTCTGTTACTACGACCTGGAGCTGCAGGCAACAAGCTAACTTTT;TRA:TGTGCTTTCAGAACAGGAGGAAGCTACATACCTACATTT,TRB:gene,
clonotype65,3,0.002890173410404624,TRB:CSVTLTSGGPTGAQYF;TRA:CAGNSGYSTLTF,TRB:TGCAGCGTCACCCTGACTAGCGGGGGGCCCACCGGGGCCCAGTACTTC;TRA:TGTGCAGGGAATTCAGGATACAGCACCCTCACCTTT,,
clonotype66,3,0.002890173410404624,TRB:CASSLQGANYEQYF;TRA:CILRGAGGTSYGKLTF,TRB:TGTGCCAGCAGTTTACAGGGGGCTAACTACGAGCAGTACTTC;TRA:TGCATCCTGAGAGGGGCTGGTGGTACTAGCTATGGAAAGCTGACATTT,,
clonotype67,3,0.002890173410404624,TRB:CASSLGGTRLEPQHF;TRA:CAVYGGSQGNLIF,TRB:TGTGCCAGCAGCTTGGGGGGGACCCGCTTGGAGCCCCAGCATTTT;TRA:TGTGCTGTGTATGGAGGAAGCCAAGGAAATCTCATCTTT,,
clonotype68,3,0.002890173410404624,TRB:CASSLAQARNSPLHF;TRA:CAFMKPEVSNQFYF,TRB:TGCGCCAGCAGCTTGGCACAGGCTCGTAATTCACCCCTCCACTTT;TRA:TGTGCTTTCATGAAGCCTGAAGTGAGTAACCAGTTCTATTTT,,
clonotype69,3,0.002890173410404624,TRB:CASSVGLTFADTQYF,TRB:TGTGCCAGCAGCGTAGGACTAACCTTCGCAGATACGCAGTATTTT,,
clonotype70,3,0.002890173410404624,TRB:CATSDPPRRGDNEQFF,TRB:TGTGCCACCAGTGACCCACCTCGGCGGGGGGACAATGAGCAGTTCTTC,,
clonotype71,3,0.002890173410404624,TRB:CASSLEQGSGTEAFF;TRA:CAATSYGKLTF,TRB:TGTGCCAGCAGCTTGGAACAGGGATCGGGCACTGAAGCTTTCTTT;TRA:TGTGCAGCCACTAGCTATGGAAAGCTGACATTT,,
clonotype72,3,0.002890173410404624,TRB:CASSSLFTGANVLTF;TRA:CALSGGSNYQLIW,TRB:TGTGCCAGCAGCTCCCTGTTTACTGGGGCCAACGTCCTGACTTTC;TRA:TGTGCTCTGAGTGGGGGGAGCAACTATCAGTTAATCTGG,,
clonotype73,3,0.002890173410404624,TRB:CASSFAAAGRWTEAFF;TRA:CAQATRGSYIPTF,TRB:TGCGCCAGCAGCTTCGCAGCAGCCGGGCGCTGGACTGAAGCTTTCTTT;TRA:TGTGCTCAGGCCACCCGAGGAAGCTACATACCTACATTT,,
clonotype74,3,0.002890173410404624,TRB:CASSLRQGARGNTEAFF;TRA:CVVTLKNDKIIF,TRB:TGTGCCAGCAGTCTGCGACAGGGGGCAAGAGGGAACACTGAAGCTTTCTTT;TRA:TGTGTGGTGACCCTAAAAAATGACAAGATCATCTTT,,TRB:gene
clonotype75,3,0.002890173410404624,TRB:CASSPPNEGAAGELFF;TRA:CAVRDPSGGSYIPTF,TRB:TGTGCCAGCAGCCCCCCAAATGAGGGGGCGGCCGGGGAGCTGTTTTTT;TRA:TGTGCTGTGAGAGACCCATCAGGAGGAAGCTACATACCTACATTT,,
clonotype76,3,0.002890173410404624,TRB:CASSHPLGGGGTDTQYF;TRA:CAYRSDYNTDKLIF,TRB:TGTGCCAGCAGCCACCCTCTCGGGGGCGGGGGCACAGATACGCAGTATTTT;TRA:TGTGCTTATAGGAGCGATTATAACACCGACAAGCTCATCTTT,,
clonotype77,3,0.002890173410404624,TRB:CASSLSLTGTGGTIYEQYF,TRB:TGCGCCAGCAGCTTGTCCTTAACCGGGACAGGGGGGACTATATACGAGCAGTACTTC,,
clonotype78,2,0.0019267822736030828,TRB:CASSFVGNEQYF;TRB:CASSPWGGNSPLHF;TRA:CIVRDNNAGNMLTF,TRB:TGTGCCAGCAGCTTTGTCGGCAACGAGCAGTACTTC;TRB:TGTGCCAGCAGCCCCTGGGGGGGCAATTCACCCCTCCACTTT;TRA:TGCATCGTCAGAGATAATAATGCAGGCAACATGCTCACCTTT,,
clonotype79,2,0.0019267822736030828,TRB:CAWSVRTGELFF,TRB:TGTGCCTGGAGTGTCCGCACCGGGGAGCTGTTTTTT,,
clonotype80,2,0.0019267822736030828,TRB:CSAGFEGNTIYF;TRA:CVVTPGGSYIPTF,TRB:TGCAGTGCCGGGTTTGAAGGAAACACCATATATTTT;TRA:TGTGTGGTGACCCCAGGAGGAAGCTACATACCTACATTT,,TRB:gene
clonotype81,2,0.0019267822736030828,TRB:CSLGLDGGPQHF,TRB:TGCAGTCTCGGACTTGACGGGGGGCCCCAGCATTTT,,TRB:gene
clonotype82,2,0.0019267822736030828,TRB:CASRAGYGYTF;TRA:CAASPSTQAGTALIF,TRB:TGTGCCAGCAGGGCAGGCTATGGCTACACCTTC;TRA:TGTGCAGCAAGCCCTTCGACCCAGGCAGGAACTGCTCTGATCTTT,,
clonotype83,2,0.0019267822736030828,TRB:CAISEPSYEQYF,TRB:TGTGCCATCAGTGAGCCCTCCTACGAGCAGTACTTC,,
clonotype84,2,0.0019267822736030828,TRB:CSASVRDRGLFEQYF,TRB:TGCAGTGCTAGCGTTAGGGACAGGGGGCTCTTCGAGCAGTACTTC,,TRB:gene
clonotype85,2,0.0019267822736030828,TRB:CASSPDGYEQYF;TRA:CALILLFSGGYNKLIF,TRB:TGTGCCAGCAGCCCAGACGGCTACGAGCAGTACTTC;TRA:TGTGCTCTGATTCTACTGTTTTCTGGTGGCTACAATAAGCTGATTTTT,,
clonotype86,2,0.0019267822736030828,TRB:CASSLTRGQPQHF;TRA:CAVNTGNQFYF,TRB:TGCGCCAGCAGCCTGACCCGCGGTCAGCCCCAGCATTTT;TRA:TGTGCTGTGAACACCGGTAACCAGTTCTATTTT,,
clonotype87,2,0.0019267822736030828,TRB:CASSLGPNYEQYF;TRA:CAASSNQGGKLIF,TRB:TGTGCCAGCAGCCTAGGACCGAACTACGAGCAGTACTTC;TRA:TGTGCAGCAAGCAGTAACCAGGGAGGAAAGCTTATCTTC,,
clonotype88,2,0.0019267822736030828,TRB:CASSLQGGNYGYTF;TRA:CILRGAGGTSYGKLTF,TRB:TGTGCCAGCAGTTTACAGGGGGGGAACTATGGCTACACCTTC;TRA:TGCATCCTGAGGGGAGCTGGTGGTACTAGCTATGGAAAGCTGACATTT,,
clonotype89,2,0.0019267822736030828,TRB:CASSRTSGTNEQFF;TRA:CAVLGDGNKLVF,TRB:TGCGCCAGCAGCCGAACTAGCGGAACCAATGAGCAGTTCTTC;TRA:TGTGCAGTCCTGGGCGATGGAAACAAACTGGTCTTT,,
clonotype90,2,0.0019267822736030828,TRB:CASSPTGGIEAFF;TRA:CAYKTSGSRLTF,TRB:TGTGCCAGCAGCCCGACCGGGGGGATAGAAGCTTTCTTT;TRA:TGTGCTTATAAGACCAGTGGCTCTAGGTTGACCTTT,,
clonotype91,2,0.0019267822736030828,TRB:CASRRAGSQPQHF;TRA:CAMSARGGATNKLIF,TRB:TGTGCCAGCAGGAGGGCCGGTAGTCAGCCCCAGCATTTT;TRA:TGTGCAATGAGCGCGCGGGGTGGTGCTACAAACAAGCTCATCTTT,,
clonotype92,2,0.0019267822736030828,TRB:CASSWGQEYYEQYF;TRA:CAYRSANAGNNRKLIW;TRA:CGAPIYNQGGKLIF,TRB:TGTGCCAGCAGTTGGGGACAGGAATACTACGAGCAGTACTTC;TRA:TGTGCTTATAGGAGCGCGAATGCTGGCAACAACCGTAAGCTGATTTGG;TRA:TGCGGCGCGCCGATTTATAACCAGGGAGGAAAGCTTATCTTC,,
clonotype93,2,0.0019267822736030828,TRB:CASSSIRLGRPFF;TRA:CAASATPVRTNYGGSQGNLIF,TRB:TGTGCCAGCAGCTCCATTCGCCTTGGCCGACCCTTCTTC;TRA:TGTGCAGCAAGCGCGACCCCCGTGAGGACAAATTATGGAGGAAGCCAAGGAAATCTCATCTTT,,
clonotype94,2,0.0019267822736030828,TRB:CASSGDWYYNEQFF;TRA:CASPPGGGADGLTF,TRB:TGTGCCAGCAGTGGGGATTGGTATTACAATGAGCAGTTCTTC;TRA:TGTGCCTCCCCCCCAGGAGGAGGTGCTGACGGACTCACCTTT,,
clonotype95,2,0.0019267822736030828,TRA:CAVFVATGANSKLTF,TRA:TGTGCTGTGTTCGTAGCAACTGGAGCCAATAGTAAGCTGACATTT,,
clonotype96,2,0.0019267822736030828,TRB:CASSLSSGGHTEAFF;TRA:CAVTIVGGSYIPTF,TRB:TGTGCCAGCAGCTTGTCCTCGGGGGGGCACACTGAAGCTTTCTTT;TRA:TGTGCCGTGACTATAGTAGGAGGAAGCTACATACCTACATTT,,
clonotype97,2,0.0019267822736030828,TRB:CASSGTGSVNYGYTF,TRB:TGTGCCAGCAGTGGAACAGGGAGTGTAAACTATGGCTACACCTTC,,
clonotype98,2,0.0019267822736030828,TRB:CASSLAPGLKETQYF,TRB:TGCGCCAGCAGCTTGGCTCCGGGACTGAAAGAGACCCAGTACTTC,,
clonotype99,2,0.0019267822736030828,TRB:CASSVGLTFADTQYF;TRA:CILRAGNYGQNFVF,TRB:TGTGCCAGCAGCGTAGGACTAACCTTCGCAGATACGCAGTATTTT;TRA:TGCATCCTGAGGGCCGGTAACTATGGTCAGAATTTTGTCTTT,,
clonotype100,2,0.0019267822736030828,TRB:CASSQTPRIAYGYTF;TRA:CGTVTNTGNQFYF;TRA:CILSERDNYGQNFVF,TRB:TGCGCCAGCAGCCAAACCCCCAGGATCGCCTATGGCTACACCTTC;TRA:TGCGGCACAGTCACGAACACCGGTAACCAGTTCTATTTT;TRA:TGCATCCTGAGCGAACGGGATAACTATGGTCAGAATTTTGTCTTT,,
clonotype101,2,0.0019267822736030828,TRB:CAIKIQDLYSYEQYF;TRA:CAMSETNRDDKIIF,TRB:TGTGCCATTAAGATACAGGACCTTTACTCCTACGAGCAGTACTTC;TRA:TGTGCAATGAGTGAAACGAACAGAGATGACAAGATCATCTTT,,
clonotype102,2,0.0019267822736030828,TRB:CASSARDRRRYGYTF;TRA:CAISGSNDYKLSF;TRA:CAVRDYRGTNAGKSTF,TRB:TGTGCCAGCAGCGCTAGGGACAGGCGCCGATATGGCTACACCTTC;TRA:TGTGCAATCTCTGGTTCTAACGACTACAAGCTCAGCTTT;TRA:TGTGCTGTGAGAGATTATAGAGGGACCAATGCAGGCAAATCAACCTTT,,
clonotype103,2,0.0019267822736030828,TRB:CASSWGRGGVSPLHF;TRA:CAMRDPPDDYKLSF,TRB:TGTGCCAGCAGTTGGGGGCGCGGGGGCGTTTCACCCCTCCACTTT;TRA:TGTGCAATGAGAGATCCCCCCGACGACTACAAGCTCAGCTTT,,
clonotype104,2,0.0019267822736030828,TRB:CASSPNRGSLYEQYF,TRB:TGTGCCAGCTCACCGAATAGGGGCAGTCTCTACGAGCAGTACTTC,,
clonotype105,2,0.0019267822736030828,TRB:CASSPGLPSSYEQYF,TRB:TGTGCCAGCAGCCCCGGACTTCCAAGCTCCTACGAGCAGTACTTC,,
clonotype106,2,0.0019267822736030828,TRB:CASSLWGTRGNYEQYF,TRB:TGTGCCAGCAGCTTGTGGGGCACACGAGGAAACTACGAGCAGTACTTC,,
clonotype107,2,0.0019267822736030828,TRB:CASSQERRISQETQYF;TRA:CAMRVPGGYNKLIF,TRB:TGCGCCAGCAGCCAAGAACGCCGAATTTCTCAAGAGACCCAGTACTTC;TRA:TGTGCAATGAGGGTCCCTGGTGGCTACAATAAGCTGATTTTT,,
clonotype108,2,0.0019267822736030828,TRB:CASSFVRRVYNEQFF;TRA:CALSDFGNQFYF,TRB:TGTGCCAGCAGCTTCGTACGACGGGTCTACAATGAGCAGTTCTTC;TRA:TGTGCTCTGAGTGATTTCGGTAACCAGTTCTATTTT,,
clonotype109,2,0.0019267822736030828,TRB:CATLTSKVTSDTQYF;TRA:CAVNPYGQNFVF,TRB:TGTGCCACGTTGACTAGCAAAGTAACGTCCGATACGCAGTATTTT;TRA:TGTGCCGTGAACCCCTATGGTCAGAATTTTGTCTTT,,
clonotype110,2,0.0019267822736030828,TRB:CASSSRQDGLREQYF;TRA:CVVRGNYGGSQGNLIF,TRB:TGTGCCAGCAGCTCCCGACAGGATGGATTGAGGGAGCAGTACTTC;TRA:TGTGTGGTGAGGGGGAATTATGGAGGAAGCCAAGGAAATCTCATCTTT,,
clonotype111,2,0.0019267822736030828,TRB:CASSHLGLPVNTEAFF;TRA:CAVTEGFKTIF,TRB:TGTGCCAGCTCACACCTGGGACTGCCGGTGAACACTGAAGCTTTCTTT;TRA:TGTGCTGTGACCGAGGGCTTCAAAACTATCTTT,,
clonotype112,2,0.0019267822736030828,TRB:CASRPQGAIYEQYF;TRA:CAMRKKGGSEKLVF,TRB:TGTGCCAGCAGGCCACAGGGGGCCATCTACGAGCAGTACTTC;TRA:TGTGCAATGAGAAAAAAAGGCGGATCTGAAAAGCTGGTCTTT,,TRB:gene
clonotype113,2,0.0019267822736030828,TRB:CASSQDPQGPTNEKLFF;TRA:CAASIGSNFGNEKLTF;TRA:CAMREPLFSSGSARQLTF,TRB:TGCGCCAGCAGCCAAGACCCACAGGGACCAACTAATGAAAAACTGTTTTTT;TRA:TGTGCAGCAAGTATAGGATCTAACTTTGGAAATGAGAAATTAACCTTT;TRA:TGTGCAATGAGAGAGCCCCTGTTTTCTTCTGGTTCTGCAAGGCAACTGACCTTT,,
clonotype114,2,0.0019267822736030828,TRB:CASSGTVEFPLNTEAFF;TRA:CAALNTNAGKSTF,TRB:TGTGCCAGCAGTGGGACTGTTGAGTTCCCCTTGAACACTGAAGCTTTCTTT;TRA:TGTGCAGCCCTTAACACCAATGCAGGCAAATCAACCTTT,,
clonotype115,2,0.0019267822736030828,TRB:CASSPGLAGGPGTGELFF;TRA:CAVRKATDSWGKFQF,TRB:TGTGCCAGCAGCCCAGGACTAGCGGGGGGGCCGGGCACCGGGGAGCTGTTTTTT;TRA:TGTGCCGTGAGGAAGGCAACTGACAGCTGGGGGAAATTCCAGTTT,,
clonotype116,1,0.0009633911368015414,TRA:CVGDMRF,TRA:TGTGTAGGGGACATGCGCTTT,,
clonotype117,1,0.0009633911368015414,TRB:CSAAIQGTQYF,TRB:TGCAGTGCTGCGATCCAGGGTACGCAGTATTTT,,TRB:gene
clonotype118,1,0.0009633911368015414,TRA:CAVRRALTF,TRA:TGTGCCGTGAGGAGAGCACTTACTTTT,,
clonotype119,1,0.0009633911368015414,TRA:CMSLSNNAGNMLTF,TRA:TGCATGTCCTTATCGAATAATGCAGGCAACATGCTCACCTTT,,
clonotype120,1,0.0009633911368015414,TRB:CAWTIGSYEQYF,TRB:TGTGCCTGGACTATCGGGTCCTACGAGCAGTACTTC,,
clonotype121,1,0.0009633911368015414,TRB:CAWGVGEGAQHF,TRB:TGTGCCTGGGGCGTCGGCGAGGGGGCCCAGCATTTT,,
clonotype122,1,0.0009633911368015414,TRB:CSVVSGASQAFF,TRB:TGCAGCGTTGTTTCAGGGGCGAGTCAAGCTTTCTTT,,
clonotype123,1,0.0009633911368015414,TRB:CSTLYSNQPQHF,TRB:TGCAGTACCCTTTACAGCAATCAGCCCCAGCATTTT,,TRB:gene
clonotype124,1,0.0009633911368015414,TRA:CAETSGTYKYIF,TRA:TGTGCAGAGACCTCAGGAACCTACAAATACATCTTT,,
clonotype125,1,0.0009633911368015414,TRB:CSAREPVYEQYF;TRA:CAVRDIRFSGGYNKLIF,TRB:TGCAGTGCTAGAGAGCCAGTATACGAGCAGTACTTC;TRA:TGTGCTGTGAGAGACATACGATTTTCTGGTGGCTACAATAAGCTGATTTTT,,TRB:gene
clonotype126,1,0.0009633911368015414,TRA:CAAANFNKFYF,TRA:TGTGCAGCAGCCAACTTCAACAAATTTTACTTT,,
clonotype127,1,0.0009633911368015414,TRA:CIVRVGGDSWGKLQF,TRA:TGCATCGTCAGAGTCGGGGGTGACAGCTGGGGGAAATTGCAGTTT,,
clonotype128,1,0.0009633911368015414,TRA:CVVNIVLDMRF,TRA:TGTGTGGTGAACATAGTCTTGGACATGCGCTTT,,
clonotype129,1,0.0009633911368015414,TRB:CSATGKPNYGYTF,TRB:TGCAGCGCGACAGGGAAGCCCAACTATGGCTACACCTTC,,
clonotype130,1,0.0009633911368015414,TRB:CSVGAGEGYEQYF,TRB:TGCAGCGTGGGAGCGGGAGAGGGATACGAGCAGTACTTC,,
clonotype131,1,0.0009633911368015414,TRB:CSVGSGEGYEQYF,TRB:TGCAGCGTTGGGTCGGGAGAGGGTTACGAGCAGTACTTC,,
clonotype132,1,0.0009633911368015414,TRB:CSARATGGDTQYF,TRB:TGCAGTGCTAGAGCCACAGGGGGAGATACGCAGTATTTT,,TRB:gene
clonotype133,1,0.0009633911368015414,TRB:CSARGDRDTEAFF,TRB:TGCAGTGCTAGAGGGGACAGGGACACTGAAGCTTTCTTT,,TRB:gene
clonotype134,1,0.0009633911368015414,TRB:CSGDLLGTREQYF,TRB:TGCAGTGGGGACCTTCTGGGGACTCGCGAGCAGTACTTC,,TRB:gene
clonotype135,1,0.0009633911368015414,TRB:CSPRTPGGNEQYF,TRB:TGCAGCCCGCGGACGCCAGGGGGTAACGAGCAGTACTTC,,TRB:gene
clonotype136,1,0.0009633911368015414,TRB:CSAPGMDTGELFF,TRB:TGCAGTGCCCCTGGGATGGACACCGGGGAGCTGTTTTTT,,TRB:gene
clonotype137,1,0.0009633911368015414,TRB:CASRKAGGQFF,TRB:TGTGCCAGCAGGAAAGCGGGGGGGCAGTTCTTC,,
clonotype138,1,0.0009633911368015414,TRB:CASSLQETQYF,TRB:TGCGCCAGCAGTCTACAAGAGACCCAGTACTTC,,
clonotype139,1,0.0009633911368015414,TRB:CASSGNNEQFF,TRB:TGTGCCAGCAGCGGAAACAATGAGCAGTTCTTC,,
clonotype140,1,0.0009633911368015414,TRA:CAVKGLTGGGNKLTF,TRA:TGTGCTGTGAAGGGACTCACGGGAGGAGGAAACAAACTCACCTTT,,
clonotype141,1,0.0009633911368015414,TRB:CAARVGTEAFF;TRA:CAGDSGYALNF,TRB:TGTGCCGCGAGGGTTGGCACTGAAGCTTTCTTT;TRA:TGTGCAGGAGATTCCGGGTATGCACTCAACTTC,,
clonotype142,1,0.0009633911368015414,TRB:CASSLQETQYF;TRA:CAGQLYEDKIIF,TRB:TGCGCCAGCAGTCTACAAGAGACCCAGTACTTC;TRA:TGTGCTGGGCAGCTTTATGAAGACAAGATCATCTTT,,
clonotype143,1,0.0009633911368015414,TRB:CASSLQETQYF;TRA:CATIYNFNKFYF,TRB:TGCGCCAGCAGTCTACAAGAGACCCAGTACTTC;TRA:TGTGCAACGATATACAACTTCAACAAATTTTACTTT,,
clonotype144,1,0.0009633911368015414,TRB:CSARYVPNYGYTF;TRA:CAVIGAIGFGNVLHC,TRB:TGCAGTGCTAGATATGTCCCTAACTATGGCTACACCTTC;TRA:TGTGCTGTGATTGGGGCGATAGGCTTTGGGAATGTGCTGCATTGC,,TRB:gene
clonotype145,1,0.0009633911368015414,TRB:CSVPGTGDLGYTF;TRA:CAMREGENNARLMF,TRB:TGCAGCGTTCCCGGGACAGGGGATCTTGGCTACACCTTC;TRA:TGTGCAATGAGAGAGGGAGAGAACAATGCCAGACTCATGTTT,,
clonotype146,1,0.0009633911368015414,TRB:CASTRPSMEAFF,TRB:TGTGCCAGCACCCGCCCGTCAATGGAAGCTTTCTTT,,TRB:gene
clonotype147,1,0.0009633911368015414,TRB:CASSGITGELFF,TRB:TGTGCCAGCAGTGGGATCACCGGGGAGCTGTTTTTT,,TRB:gene
clonotype148,1,0.0009633911368015414,TRB:CASTRGVYEQYF,TRB:TGTGCCAGCACCAGGGGAGTTTACGAGCAGTACTTC,,TRB:gene
clonotype149,1,0.0009633911368015414,TRB:CSAWAGTNSYEQYF,TRB:TGCAGCGCTTGGGCGGGGACGAACTCCTACGAGCAGTACTTC,,
clonotype150,1,0.0009633911368015414,TRB:CSASGTGWSPLHF,TRB:TGCAGTGCTTCCGGGACAGGGTGGTCACCCCTCCACTTT,,TRB:gene
clonotype151,1,0.0009633911368015414,TRB:CSARYGGGPGELFF,TRB:TGCAGTGCTAGATACGGGGGGGGACCCGGGGAGCTGTTTTTT,,TRB:gene
clonotype152,1,0.0009633911368015414,TRB:CSARDLFGGTEAFF,TRB:TGCAGTGCTAGAGACCTCTTTGGGGGTACTGAAGCTTTCTTT,,TRB:gene
clonotype153,1,0.0009633911368015414,TRB:CASSSGPPPIF,TRB:TGTGCCAGCAGTTCCGGGCCCCCTCCAATTTTT,,
clonotype154,1,0.0009633911368015414,TRB:CASSSFWYEQYF,TRB:TGTGCCAGCAGTTCATTCTGGTACGAGCAGTACTTC,,
clonotype155,1,0.0009633911368015414,TRB:CAISGGGPGYTF,TRB:TGTGCCATCAGTGGGGGGGGACCCGGCTACACCTTC,,
clonotype156,1,0.0009633911368015414,TRB:CASTGGNTQYF,TRB:TGTGCCAGCACCGGAGGAAATACGCAGTATTTT,,
clonotype157,1,0.0009633911368015414,TRB:CASSSGGREAFF,TRB:TGTGCCAGCAGTTCCGGGGGCAGAGAAGCTTTCTTT,,
clonotype158,1,0.0009633911368015414,TRB:CASSSLNTEAFF,TRB:TGTGCCAGCAGTTCTTTGAACACTGAAGCTTTCTTT,,
clonotype159,1,0.0009633911368015414,TRA:CAGVDGAGSYQLTF,TRA:TGTGCAGGTGTGGACGGGGCTGGGAGTTACCAACTCACTTTC,,
clonotype160,1,0.0009633911368015414,TRB:CAIWGDGNTIYF;TRA:CAGPRDSWGKLQF;TRA:CVVISNYGGSQGNLIF,TRB:TGTGCCATCTGGGGGGATGGAAACACCATATATTTT;TRA:TGTGCAGGGCCACGAGACAGCTGGGGGAAATTGCAGTTT;TRA:TGTGTGGTGATTTCCAATTATGGAGGAAGCCAAGGAAATCTCATCTTT,,
clonotype161,1,0.0009633911368015414,TRB:CATSVGTGELFF;TRA:CAPPGGSSNTGKLIF,TRB:TGCGCCACCTCCGTAGGGACCGGGGAGCTGTTTTTT;TRA:TGTGCCCCACCGGGAGGCTCTAGCAACACAGGCAAACTAATCTTT,,
clonotype162,1,0.0009633911368015414,TRB:CASGQGSYEQYF;TRA:CAGLTNFGNEKLTF,TRB:TGTGCCAGCGGACAAGGCTCCTACGAGCAGTACTTC;TRA:TGTGCTGGACTGACTAACTTTGGAAATGAGAAATTAACCTTT,,
clonotype163,1,0.0009633911368015414,TRB:CASSISIEKLFF;TRA:CVVNLNSWGKFQF,TRB:TGTGCCAGTAGTATATCGATTGAAAAACTGTTTTTT;TRA:TGTGTGGTGAACTTAAACAGCTGGGGGAAATTCCAGTTT,,
clonotype164,1,0.0009633911368015414,TRB:CASSNRAGKFF;TRA:CAVNGGSQGNLIF,TRB:TGTGCCAGCAGCAACAGGGCGGGGAAGTTCTTC;TRA:TGTGCCGTGAATGGAGGAAGCCAAGGAAATCTCATCTTT,,
clonotype165,1,0.0009633911368015414,TRB:CAWDTGPGVDEQFF;TRA:CAASSFRFSDGQKLLF,TRB:TGTGCCTGGGATACGGGACCTGGGGTGGATGAGCAGTTCTTC;TRA:TGTGCAGCAAGTTCCTTCCGGTTTTCAGATGGCCAGAAGCTGCTCTTT,,
clonotype166,1,0.0009633911368015414,TRB:CSAVGGTSNQPQHF;TRA:CAVPPAGGTSYGKLTF,TRB:TGCAGTGCTGTGGGCGGGACCAGCAATCAGCCCCAGCATTTT;TRA:TGTGCCGTGCCGCCTGCTGGTGGTACTAGCTATGGAAAGCTGACATTT,,TRB:gene
clonotype167,1,0.0009633911368015414,TRB:CAIQTGRTEAFF;TRA:CAFMKPGAGSYQLTF,TRB:TGTGCCATTCAGACGGGGCGTACTGAAGCTTTCTTT;TRA:TGTGCTTTCATGAAGCCAGGGGCTGGGAGTTACCAACTCACTTTC,,
clonotype168,1,0.0009633911368015414,TRB:CAISECDYEQYF;TRA:CAASPRSYAGGTSYGKLTF,TRB:TGTGCCATCAGTGAGTGTGACTACGAGCAGTACTTC;TRA:TGTGCTGCCTCGCCACGGTCCTACGCTGGTGGTACTAGCTATGGAAAGCTGACATTT,,
clonotype169,1,0.0009633911368015414,TRB:CASTGGSHGYTF;TRA:CALDRASNTGKLIF,TRB:TGCGCCAGCACGGGGGGCTCTCATGGCTACACCTTC;TRA:TGTGCTCTAGACAGGGCTAGCAACACAGGCAAACTAATCTTT,,
clonotype170,1,0.0009633911368015414,TRB:CASSRGGGTEAFF,TRB:TGTGCCAGCAGCCGTGGGGGAGGGACTGAAGCTTTCTTT,TRB:gene+junction,
clonotype171,1,0.0009633911368015414,TRB:CASSMGRDQPQHF,TRB:TGTGCCAGTAGTATGGGGAGGGATCAGCCCCAGCATTTT,,
clonotype172,1,0.0009633911368015414,TRB:CASSLGRNTEAFF,TRB:TGTGCCAGTAGTCTTGGGCGGAACACTGAAGCTTTCTTT,,
clonotype173,1,0.0009633911368015414,TRB:CASSIKVGTEAFF,TRB:TGTGCCAGTAGTATAAAGGTCGGCACTGAAGCTTTCTTT,,
clonotype174,1,0.0009633911368015414,TRB:CASSMGLWDEAFF,TRB:TGTGCCAGTAGTATGGGACTATGGGATGAAGCTTTCTTT,,
clonotype175,1,0.0009633911368015414,TRB:CSARDPRGSSYEQYF,TRB:TGCAGTGCTAGAGATCCCAGGGGAAGCTCCTACGAGCAGTACTTC,,TRB:gene
clonotype176,1,0.0009633911368015414,TRB:CSARGAGTDYNEQFF,TRB:TGCAGTGCTAGAGGGGCCGGGACAGACTACAATGAGCAGTTCTTC,,TRB:gene
clonotype177,1,0.0009633911368015414,TRB:CASRQGQGGAFF,TRB:TGTGCCAGCAGGCAGGGACAGGGGGGAGCTTTCTTT,,
clonotype178,1,0.0009633911368015414,TRB:CASKDRYYEQYF,TRB:TGTGCCAGCAAGGACAGGTACTACGAGCAGTACTTC,,
clonotype179,1,0.0009633911368015414,TRB:CVEGGTDYGYTF,TRB:TGTGTCGAGGGTGGAACAGACTATGGCTACACCTTC,,
clonotype180,1,0.0009633911368015414,TRB:CASSLRGNEQFF,TRB:TGTGCCAGCAGCTTGAGGGGGAATGAGCAGTTCTTC,,
clonotype181,1,0.0009633911368015414,TRB:CASSLQPPGEQYF,TRB:TGTGCCAGCAGTTTGCAGCCCCCGGGCGAGCAGTACTTC,,
clonotype182,1,0.0009633911368015414,TRB:CASSLAGIETQYF,TRB:TGCGCCAGCAGCTTGGCGGGGATTGAGACCCAGTACTTC,,
clonotype183,1,0.0009633911368015414,TRB:CASSQFSDHEQFF,TRB:TGCGCCAGCAGCCAATTCAGTGACCATGAGCAGTTCTTC,,
clonotype184,1,0.0009633911368015414,TRB:CASSVGASGVQFF,TRB:TGTGCCAGCAGCGTAGGGGCTAGCGGCGTGCAGTTCTTC,,
clonotype185,1,0.0009633911368015414,TRB:CASSSPGRNEQYF,TRB:TGTGCCAGCAGCTCCCCGGGTCGCAACGAGCAGTACTTC,,
clonotype186,1,0.0009633911368015414,TRB:CASSRGPYEQYF,TRB:TGTGCCAGCAGCCGGGGCCCCTACGAGCAGTACTTC,,
clonotype187,1,0.0009633911368015414,TRB:CASSTWETYEQYF;TRA:CAGNDYKLSF,TRB:TGTGCCAGCAGCACTTGGGAAACCTACGAGCAGTACTTC;TRA:TGTGCAGGGAACGACTACAAGCTCAGCTTT,,
clonotype188,1,0.0009633911368015414,TRB:CASSIKTGTEAFF;TRA:CIPVNNNAGNMLTF,TRB:TGTGCCAGTAGTATAAAGACAGGTACTGAAGCTTTCTTT;TRA:TGCATCCCTGTGAATAATAATGCAGGCAACATGCTCACCTTT,,
clonotype189,1,0.0009633911368015414,TRB:CASSLAQSYEQYF;TRA:CIVRPIYNFNKFYF,TRB:TGCGCCAGCAGCTTGGCGCAATCCTACGAGCAGTACTTC;TRA:TGCATCGTCAGGCCCATATACAACTTCAACAAATTTTACTTT,,
clonotype190,1,0.0009633911368015414,TRB:CSARDRTSGTYEQYF;TRA:CIVRVLLGGYQKVTF,TRB:TGCAGTGCTAGAGATCGGACTAGCGGTACCTACGAGCAGTACTTC;TRA:TGCATCGTCAGAGTCCTCCTTGGGGGTTACCAGAAAGTTACCTTT,,TRB:gene
clonotype191,1,0.0009633911368015414,TRB:CASSRTQGQPLHF;TRA:CASNTGNQFYF,TRB:TGCGCCAGCAGCCGGACACAGGGCCAACCCCTCCACTTT;TRA:TGTGCTTCGAACACCGGTAACCAGTTCTATTTT,,
clonotype192,1,0.0009633911368015414,TRB:CASSPGGSYGYTF;TRA:CASGAGGGADGLTF,TRB:TGTGCCAGTTCTCCGGGAGGAAGCTATGGCTACACCTTC;TRA:TGTGCCTCCGGGGCAGGAGGAGGTGCTGACGGACTCACCTTT,,TRB:gene
clonotype193,1,0.0009633911368015414,TRB:CASSRGGHYGYTF;TRA:CAVWRETSGSRLTF,TRB:TGTGCCAGCTCCCGGGGGGGTCACTATGGCTACACCTTC;TRA:TGTGCTGTCTGGAGAGAAACCAGTGGCTCTAGGTTGACCTTT,,
clonotype194,1,0.0009633911368015414,TRB:CSANDVVGRNNEQFF;TRA:CAMSRNAGNMLTF,TRB:TGCAGTGCTAACGACGTAGTAGGGCGGAACAATGAGCAGTTCTTC;TRA:TGTGCAATGAGTCGTAATGCAGGCAACATGCTCACCTTT,,TRB:gene
clonotype195,1,0.0009633911368015414,TRB:CASSPGSPEAFF;TRA:CAVRDPGAGSYQLTF,TRB:TGTGCCAGCAGCCCCGGGAGCCCTGAAGCTTTCTTT;TRA:TGTGCTGTGAGAGACCCTGGGGCTGGGAGTTACCAACTCACTTTC,,
clonotype196,1,0.0009633911368015414,TRB:CASSVLGGNEQFF;TRA:CAASVGQGNLIF,TRB:TGTGCCAGCAGCGTCCTTGGGGGGAATGAGCAGTTCTTC;TRA:TGTGCAGCAAGCGTAGGCCAAGGAAATCTCATCTTT,,
clonotype197,1,0.0009633911368015414,TRB:CAWSVGTASNYGYTF;TRA:CAARWWRSNTGKLIF,TRB:TGTGCCTGGAGTGTTGGGACAGCTTCTAACTATGGCTACACCTTC;TRA:TGTGCAGCAAGGTGGTGGCGTAGCAACACAGGCAAACTAATCTTT,,
clonotype198,1,0.0009633911368015414,TRA:CAARGPGGYQKVTF,TRA:TGTGCAGCAAGGGGGCCTGGGGGTTACCAGAAAGTTACCTTT,,
clonotype199,1,0.0009633911368015414,TRB:CASSENVDTGELFF,TRB:TGTGCCAGCAGTGAAAACGTTGACACCGGGGAGCTGTTTTTT,TRB:gene,
clonotype200,1,0.0009633911368015414,TRB:CASSSQGLGNEQFF,TRB:TGTGCCAGCAGTTCACAGGGGCTAGGAAATGAGCAGTTCTTC,,TRB:gene
clonotype201,1,0.0009633911368015414,TRB:CASSTRRGWDGYTF,TRB:TGTGCCAGTAGTACCCGACGGGGTTGGGATGGCTACACCTTC,,
clonotype202,1,0.0009633911368015414,TRB:CASGSVGPLYGYTF,TRB:TGTGCCAGCGGCTCGGTCGGGCCCCTCTATGGCTACACCTTC,,TRB:gene
clonotype203,1,0.0009633911368015414,TRB:CASSDIGRSYEQYF,TRB:TGTGCCAGCAGTGACATCGGCAGATCCTACGAGCAGTACTTC,,TRB:gene
clonotype204,1,0.0009633911368015414,TRB:CSARDLISGTRETQYF,TRB:TGCAGTGCTAGAGATCTGATCAGCGGGACTCGGGAGACCCAGTACTTC,,TRB:gene
clonotype205,1,0.0009633911368015414,TRB:CASSFGREADTQYF,TRB:TGTGCCAGCAGTTTCGGGCGGGAGGCAGATACGCAGTATTTT,,
clonotype206,1,0.0009633911368015414,TRB:CASSPGPNYEQYF,TRB:TGTGCCAGCAGCCCCGGGCCGAACTACGAGCAGTACTTC,,
clonotype207,1,0.0009633911368015414,TRB:CASSWGQEYYEQYF,TRB:TGTGCCAGCAGTTGGGGACAGGAATACTACGAGCAGTACTTC,,
clonotype208,1,0.0009633911368015414,TRB:CASGRQGRSTPLHF,TRB:TGTGCCAGCGGAAGACAGGGTCGCTCAACACCCCTCCACTTT,,
clonotype209,1,0.0009633911368015414,TRB:CASRNAGRPRTQYF,TRB:TGCGCCAGCAGGAATGCGGGGAGACCCCGTACGCAGTATTTT,,
clonotype210,1,0.0009633911368015414,TRB:CASHWASGTYEQYF,TRB:TGCGCCAGCCACTGGGCTAGCGGGACCTACGAGCAGTACTTC,,
clonotype211,1,0.0009633911368015414,TRB:CASSLRGANEQFF,TRB:TGTGCCAGCAGTTTACGGGGGGCCAATGAGCAGTTCTTC,,
clonotype212,1,0.0009633911368015414,TRB:CASSQDLAQETQYF,TRB:TGCGCCAGCAGCCAAGATTTGGCCCAAGAGACCCAGTACTTC,,
clonotype213,1,0.0009633911368015414,TRB:CASSPPGRDNEAFF,TRB:TGTGCCAGCAGCCCTCCGGGTAGGGACAATGAAGCTTTCTTT,,
clonotype214,1,0.0009633911368015414,TRB:CATTSGQASTEAFF;TRA:CAANDYKLSF,TRB:TGTGCCACCACCTCGGGACAGGCGAGCACTGAAGCTTTCTTT;TRA:TGTGCAGCAAACGACTACAAGCTCAGCTTT,,TRB:gene
clonotype215,1,0.0009633911368015414,TRB:CASSLSPRESPLHF;TRA:CAVQASGGSQGNLIF;TRA:CVVNNNDMRF,TRB:TGTGCCAGCAGCCTCAGCCCAAGGGAATCACCCCTCCACTTT;TRA:TGTGCTGTGCAGGCGTCAGGAGGAAGCCAAGGAAATCTCATCTTT;TRA:TGTGTGGTGAACAACAATGACATGCGCTTT,,
clonotype216,1,0.0009633911368015414,TRB:CASSLRGAGELFF;TRA:CAAWDFNKFYF,TRB:TGTGCCAGCAGTCTCAGGGGTGCCGGGGAGCTGTTTTTT;TRA:TGTGCAGCGTGGGACTTCAACAAATTTTACTTT,,
clonotype217,1,0.0009633911368015414,TRB:CAILTSGSSYEQYF;TRA:CAVEPGYNARLMF,TRB:TGCGCCATCTTGACTAGCGGGAGCTCCTACGAGCAGTACTTC;TRA:TGTGCCGTGGAGCCTGGGTACAATGCCAGACTCATGTTT,,
clonotype218,1,0.0009633911368015414,TRB:CASTPAVGVYEQYF;TRA:CAASRSGNYQLIW,TRB:TGTGCCAGTACCCCGGCGGTAGGGGTTTACGAGCAGTACTTC;TRA:TGTGCAGCAAGCAGGAGCGGCAACTATCAGTTAATCTGG,,
clonotype219,1,0.0009633911368015414,TRB:CASSIARRVTPLHF;TRA:CAVRGGDTDKLIF;TRA:CAYRSAFYNAGNMLTF,TRB:TGTGCCAGTAGTATAGCCCGTCGGGTTACACCCCTCCACTTT;TRA:TGTGCTGTCAGAGGGGGGGACACCGACAAGCTCATCTTT;TRA:TGTGCTTATAGGAGCGCGTTTTACAATGCAGGCAACATGCTCACCTTT,,
clonotype220,1,0.0009633911368015414,TRB:CASTFDGDYGYTF;TRA:CAMDTGNQFYF,TRB:TGTGCCAGCACCTTTGACGGGGACTATGGCTACACCTTC;TRA:TGTGCAATGGACACCGGTAACCAGTTCTATTTT,,
clonotype221,1,0.0009633911368015414,TRB:CAISEFSSGSEQYF;TRA:CAVDNAGNNRKLIW,TRB:TGTGCCATCAGTGAGTTCTCTAGCGGGAGCGAGCAGTACTTC;TRA:TGTGCTGTGGATAATGCTGGCAACAACCGTAAGCTGATTTGG,,
clonotype222,1,0.0009633911368015414,TRB:CASSLAREYEQYF;TRA:CAVIDTGRRALTF,TRB:TGTGCCAGCAGCTTAGCGAGGGAGTACGAGCAGTACTTC;TRA:TGTGCTGTGATTGACACGGGCAGGAGAGCACTTACTTTT,,
clonotype223,1,0.0009633911368015414,TRB:CASRERGGPTEAFF;TRA:CAGNAGNNRKLIW;TRA:CAGQTNAGKSTF,TRB:TGTGCCAGCAGGGAAAGAGGGGGGCCAACTGAAGCTTTCTTT;TRA:TGTGCTGGTAATGCTGGCAACAACCGTAAGCTGATTTGG;TRA:TGTGCGGGCCAAACCAATGCAGGCAAATCAACCTTT,,
clonotype224,1,0.0009633911368015414,TRB:CASSPVRGRYEQYF;TRA:CAAGFKAAGNKLTF,TRB:TGTGCCAGCAGCCCAGTACGGGGCCGCTACGAGCAGTACTTC;TRA:TGTGCAGCGGGATTCAAAGCTGCAGGCAACAAGCTAACTTTT,,
clonotype225,1,0.0009633911368015414,TRB:CASSPGANTGELFF;TRA:CAVQARSNDYKLSF,TRB:TGTGCCAGCAGCCCAGGGGCGAACACCGGGGAGCTGTTTTTT;TRA:TGTGCTGTGCAGGCCAGGTCTAACGACTACAAGCTCAGCTTT,,
clonotype226,1,0.0009633911368015414,TRB:CASSPPPQGEQYF;TRA:CAFFTAGNMLTF,TRB:TGTGCCAGCAGCCCTCCCCCCCAGGGCGAGCAGTACTTC;TRA:TGTGCTTTCTTTACCGCAGGCAACATGCTCACCTTT,,
clonotype227,1,0.0009633911368015414,TRB:CASSSIRLGRPFF;TRA:CAMTSYNFNKFYF,TRB:TGTGCCAGCAGCTCCATTCGCCTTGGCCGACCCTTCTTC;TRA:TGTGCAATGACCTCATACAACTTCAACAAATTTTACTTT,,
clonotype228,1,0.0009633911368015414,TRB:CASIPGTRLGTQYF;TRA:CAVGVRGGADGLTF,TRB:TGTGCCAGCATACCGGGAACTAGGTTAGGTACGCAGTATTTT;TRA:TGTGCTGTGGGTGTAAGAGGAGGTGCTGACGGACTCACCTTT,,
clonotype229,1,0.0009633911368015414,TRB:CASSAFLAIHEQFF;TRA:CAMGSGGADGLTF,TRB:TGTGCCAGCAGCGCGTTTCTAGCGATCCATGAGCAGTTCTTC;TRA:TGTGCAATGGGCTCTGGAGGTGCTGACGGACTCACCTTT,,
clonotype230,1,0.0009633911368015414,TRB:CSARDGARGPTYEQFF;TRA:CAMRRWGGGFKTIF,TRB:TGCAGTGCTAGAGATGGGGCCCGGGGGCCCACCTATGAGCAGTTCTTC;TRA:TGTGCAATGAGGAGGTGGGGTGGAGGCTTCAAAACTATCTTT,,TRB:gene
clonotype231,1,0.0009633911368015414,TRB:CSVAPTGPGWANVLTF;TRA:CAMRGEYGNKLVF,TRB:TGCAGTGTTGCACCGACAGGGCCTGGCTGGGCCAACGTCCTGACTTTC;TRA:TGTGCAATGAGAGGGGAATATGGAAACAAACTGGTCTTT,,TRB:gene
clonotype232,1,0.0009633911368015414,TRB:CASRLTMNTGELFF;TRA:CAVRDYGGSQGNLIF,TRB:TGCGCCAGCAGACTCACTATGAACACCGGGGAGCTGTTTTTT;TRA:TGTGCCGTGAGGGATTATGGAGGAAGCCAAGGAAATCTCATCTTT,,
clonotype233,1,0.0009633911368015414,TRB:CASSLVRGGYEQYF;TRA:CAFGGGGSEKLVF,TRB:TGTGCCAGCAGCCTCGTGCGGGGAGGCTACGAGCAGTACTTC;TRA:TGTGCTTTTGGGGGAGGCGGATCTGAAAAGCTGGTCTTT,,
clonotype234,1,0.0009633911368015414,TRB:CASSELGLGDTQYF;TRA:CVVNGAPMNTGFQKLVF,TRB:TGTGCCAGCAGTGAATTGGGACTCGGAGATACGCAGTATTTT;TRA:TGTGTGGTGAACGGGGCCCCCATGAACACAGGCTTTCAGAAACTTGTATTT,,TRB:gene
clonotype235,1,0.0009633911368015414,TRB:CASSPLDQETQYF;TRA:CARRYGGSQGNLIF,TRB:TGTGCCAGCAGCCCCCTGGACCAAGAGACCCAGTACTTC;TRA:TGTGCCCGACGTTATGGAGGAAGCCAAGGAAATCTCATCTTT,,
clonotype236,1,0.0009633911368015414,TRB:CASSLRLGGTQYF;TRA:CAARNNDMRF,TRB:TGTGCCAGCAGCTTACGCTTGGGCGGTACGCAGTATTTT;TRA:TGTGCAGCAAGAAACAATGACATGCGCTTT,,
clonotype237,1,0.0009633911368015414,TRB:CASSLNRAGGPNEQFF;TRB:CASSWGQEYYEQYF;TRA:CAVPTPRLYNQGGKLIF;TRA:CAYRSANAGNNRKLIW,TRB:TGTGCCAGCAGCTTAAACCGGGCGGGAGGGCCTAATGAGCAGTTCTTC;TRB:TGTGCCAGCAGTTGGGGACAGGAATACTACGAGCAGTACTTC;TRA:TGTGCTGTCCCCACTCCCCGCCTTTATAACCAGGGAGGAAAGCTTATCTTC;TRA:TGTGCTTATAGGAGCGCGAATGCTGGCAACAACCGTAAGCTGATTTGG,,
clonotype238,1,0.0009633911368015414,TRB:CASSLPGGNTEAFF;TRA:CAYRSISGGGADGLTF,TRB:TGCGCCAGCAGCCTACCGGGGGGGAACACTGAAGCTTTCTTT;TRA:TGTGCTTATAGGAGCATTTCAGGAGGAGGTGCTGACGGACTCACCTTT,,
clonotype239,1,0.0009633911368015414,TRB:CASSWGQPLGTEAFF,TRB:TGTGCCAGTAGTTGGGGTCAGCCCTTAGGCACTGAAGCTTTCTTT,,
clonotype240,1,0.0009633911368015414,TRB:CASSIYGQGADEQYF,TRB:TGTGCCAGTAGTATTTACGGACAGGGGGCCGACGAGCAGTACTTC,,
clonotype241,1,0.0009633911368015414,TRB:CASSPPTESYGYTF,TRB:TGTGCCAGCTCACCACCGACAGAGAGCTATGGCTACACCTTC,,
clonotype242,1,0.0009633911368015414,TRB:CASSFMINSNEQFF,TRB:TGTGCCAGCAGTTTCATGATAAATAGCAATGAGCAGTTCTTC,,
clonotype243,1,0.0009633911368015414,TRB:CASLELAGAGELFF,TRB:TGTGCCAGCCTAGAACTAGCGGGAGCCGGGGAGCTGTTTTTT,,
clonotype244,1,0.0009633911368015414,TRB:CASSRAGYSYEQYF,TRB:TGTGCCAGCAGTCGCGCGGGCTACTCCTACGAGCAGTACTTC,,
clonotype245,1,0.0009633911368015414,TRB:CASRITGDFEKLFF,TRB:TGTGCCAGCCGGATAACAGGGGACTTTGAAAAACTGTTTTTT,,
clonotype246,1,0.0009633911368015414,TRB:CASGLTNQGYGYTF,TRB:TGTGCTAGTGGTTTGACGAACCAGGGTTATGGCTACACCTTC,,
clonotype247,1,0.0009633911368015414,TRB:CASSKRQGSPDTQYF,TRB:TGTGCCAGCAGTAAGCGACAGGGGAGCCCAGATACGCAGTATTTT,,
clonotype248,1,0.0009633911368015414,TRB:CASGGLGQSEKLFF,TRB:TGTGCCAGCGGGGGACTAGGACAGAGTGAAAAACTGTTTTTT,,
clonotype249,1,0.0009633911368015414,TRB:CASSLEVLGNEQFF,TRB:TGTGCCAGCAGCTTAGAGGTGTTAGGGAATGAGCAGTTCTTC,,
clonotype250,1,0.0009633911368015414,TRB:CASSLGTGGYGYTF,TRB:TGTGCCAGCAGCTTAGGGACAGGGGGCTATGGCTACACCTTC,,
clonotype251,1,0.0009633911368015414,TRB:CASSPLAGTDTQYF,TRB:TGTGCCAGCAGCCCACTAGCGGGCACAGATACGCAGTATTTT,,
clonotype252,1,0.0009633911368015414,TRB:CASSSRDRAPEAFF,TRB:TGTGCCAGCAGCTCCCGGGACAGGGCTCCTGAAGCTTTCTTT,,
clonotype253,1,0.0009633911368015414,TRB:CASSLDRGGTEAFF,TRB:TGTGCCAGCAGCTTAGACAGAGGGGGCACTGAAGCTTTCTTT,,
clonotype254,1,0.0009633911368015414,TRB:CASSLGAFGYGYTF,TRB:TGTGCCAGCAGCTTAGGAGCCTTCGGCTATGGCTACACCTTC,,
clonotype255,1,0.0009633911368015414,TRB:CASSTRDGRTDTQYF,TRB:TGTGCCAGCAGTACCCGGGACGGACGCACAGATACGCAGTATTTT,,
clonotype256,1,0.0009633911368015414,TRB:CASSLGQGGMDEQYF,TRB:TGCGCCAGCAGCCTCGGACAGGGAGGGATGGACGAGCAGTACTTC,,
clonotype257,1,0.0009633911368015414,TRB:CASSQSGTGVGEQYF,TRB:TGCGCCAGCAGCCAATCCGGGACAGGCGTGGGAGAGCAGTACTTC,,
clonotype258,1,0.0009633911368015414,TRB:CASSLTGPSNTEAFF,TRB:TGCGCCAGCAGCCTAACCGGGCCGTCGAACACTGAAGCTTTCTTT,,
clonotype259,1,0.0009633911368015414,TRB:CASSQARDPTSEAFF,TRB:TGTGCCAGCAGCCAAGCCCGGGATCCAACCTCTGAAGCTTTCTTT,,
clonotype260,1,0.0009633911368015414,TRB:CASSPWGGTGYGYTF,TRB:TGTGCCAGCAGCCCCTGGGGGGGCACTGGCTATGGCTACACCTTC,,
clonotype261,1,0.0009633911368015414,TRB:CASSPSGTPNYGYTF,TRB:TGTGCCAGCAGCCCTAGCGGGACGCCGAACTATGGCTACACCTTC,,
clonotype262,1,0.0009633911368015414,TRB:CASSASTSGSYEQYF,TRB:TGTGCCAGCAGCGCCTCGACTAGCGGCTCCTACGAGCAGTACTTC,,
clonotype263,1,0.0009633911368015414,TRB:CASSARQREPYEQFF,TRB:TGTGCCAGCAGCGCGCGGCAGCGGGAGCCGTATGAGCAGTTCTTC,,
clonotype264,1,0.0009633911368015414,TRB:CASSASGNRGNEQFF,TRB:TGTGCCAGCAGCGCTAGCGGGAACAGGGGGAATGAGCAGTTCTTC,,
clonotype265,1,0.0009633911368015414,TRB:CASSVEARNLETQYF,TRB:TGTGCCAGCAGCGTAGAGGCCAGGAATCTGGAGACCCAGTACTTC,,
clonotype266,1,0.0009633911368015414,TRB:CASSFGGSSYEQYF,TRB:TGTGCCAGCAGCTTCGGCGGGAGCTCCTACGAGCAGTACTTC,,
clonotype267,1,0.0009633911368015414,TRB:CASSQGYGNNQPQHF;TRA:CAVDDYKLSF,TRB:TGCGCCAGCAGCCAAGGGTATGGGAACAATCAGCCCCAGCATTTT;TRA:TGTGCTGTCGACGACTACAAGCTCAGCTTT,,TRA:gene
clonotype268,1,0.0009633911368015414,TRB:CASSPKVYRTYEQYF;TRA:CAGGGADGLTF,TRB:TGTGCCAGCAGTCCAAAAGTATACAGGACCTACGAGCAGTACTTC;TRA:TGTGCGGGAGGAGGTGCTGACGGACTCACCTTT,,
clonotype269,1,0.0009633911368015414,TRB:CASSLDRGGNQPQHF;TRA:CAVRRSNTGKLIF,TRB:TGCGCCAGCAGCTTGGACCGAGGGGGCAATCAGCCCCAGCATTTT;TRA:TGTGCTGTGAGAAGAAGCAACACAGGCAAACTAATCTTT,,
clonotype270,1,0.0009633911368015414,TRB:CASSQDGGYSGEQFF;TRA:CAPNQAGTALIF,TRB:TGTGCCAGCAGCCAAGATGGAGGATATTCGGGTGAGCAGTTCTTC;TRA:TGTGCTCCTAACCAGGCAGGAACTGCTCTGATCTTT,,
clonotype271,1,0.0009633911368015414,TRB:CASSLMPSGTYEQYF;TRA:CILNSGGSNYKLTF,TRB:TGTGCCAGCAGCTTGATGCCTAGCGGTACCTACGAGCAGTACTTC;TRA:TGCATCCTGAATAGTGGAGGTAGCAACTATAAACTGACATTT,,
clonotype272,1,0.0009633911368015414,TRB:CASSFGTFTSPLHF;TRA:CAVDSGYALNF,TRB:TGTGCCAGCAGCTTCGGGACATTTACTTCACCCCTCCACTTT;TRA:TGTGCTGTGGACTCCGGGTATGCACTCAACTTC,,
clonotype273,1,0.0009633911368015414,TRB:CASSLGEGTGGYTF;TRA:CAVQTDSWGKFQF,TRB:TGTGCCAGCAGCTTGGGCGAGGGGACGGGCGGCTACACCTTC;TRA:TGTGCAGTACAAACTGACAGCTGGGGGAAATTCCAGTTT,,
clonotype274,1,0.0009633911368015414,TRB:CASSQLVGNTGELFF;TRA:CAVDELRDDKIIF,TRB:TGTGCCAGCAGCCAACTCGTCGGGAACACCGGGGAGCTGTTTTTT;TRA:TGTGCCGTGGACGAACTTAGAGATGACAAGATCATCTTT,,
clonotype275,1,0.0009633911368015414,TRB:CASSTRDGYTGELFF;TRA:CVVRPGSYIPTF,TRB:TGTGCCAGCAGTACCCGGGACGGATACACCGGGGAGCTGTTTTTT;TRA:TGTGTGGTGAGGCCAGGAAGCTACATACCTACATTT,,
clonotype276,1,0.0009633911368015414,TRB:CASSLGPGEANEQFF;TRA:CAPGGDSSYKLIF,TRB:TGCGCCAGCAGCTTGGGGCCGGGGGAAGCCAATGAGCAGTTCTTC;TRA:TGTGCGCCCGGAGGGGATAGCAGCTATAAATTGATCTTC,,
clonotype277,1,0.0009633911368015414,TRB:CASSPQADKREKLFF;TRA:CVVNQGNNNDMRF,TRB:TGTGCCAGCAGCCCCCAGGCAGATAAGAGGGAAAAACTGTTTTTT;TRA:TGTGTGGTGAACCAGGGCAATAACAATGACATGCGCTTT,,
clonotype278,1,0.0009633911368015414,TRB:CASSVGGGYTDTQYF;TRA:CAGEGSGAGSYQLTF,TRB:TGTGCCAGCAGCGTAGGCGGGGGGTACACAGATACGCAGTATTTT;TRA:TGTGCAGGGGAGGGCTCTGGGGCTGGGAGTTACCAACTCACTTTC,,
clonotype279,1,0.0009633911368015414,TRB:CASSYRDRSTDTQYF;TRA:CAVLLNTGFQKLVF,TRB:TGTGCCAGCAGTTATCGGGACAGATCCACAGATACGCAGTATTTT;TRA:TGTGCTGTCCTCTTGAACACAGGCTTTCAGAAACTTGTATTT,,TRB:gene
clonotype280,1,0.0009633911368015414,TRB:CASSDRGRTGELFF;TRA:CAVDYYGNNRLAF,TRB:TGTGCCAGCAGCGACAGGGGAAGGACCGGGGAGCTGTTTTTT;TRA:TGTGCTGTGGATTACTATGGGAACAACAGACTCGCTTTT,,
clonotype281,1,0.0009633911368015414,TRB:CASSLAKGRYGYTF;TRA:CAALFNQAGTALIF;TRA:CAVSGVGGFKTIF,TRB:TGTGCCAGCAGCTTAGCGAAGGGTCGGTATGGCTACACCTTC;TRA:TGTGCAGCCCTGTTTAACCAGGCAGGAACTGCTCTGATCTTT;TRA:TGTGCTGTGAGTGGAGTTGGAGGCTTCAAAACTATCTTT,,
clonotype282,1,0.0009633911368015414,TRB:CASSYYANRADTQYF;TRA:CAVGGDKYNNNDMRF,TRB:TGTGCCAGCAGTTACTACGCCAACAGGGCAGATACGCAGTATTTT;TRA:TGTGCTGTCGGGGGGGACAAATACAATAACAATGACATGCGCTTT,,TRB:gene
clonotype283,1,0.0009633911368015414,TRB:CASSQRAPYHEQYF;TRA:CAATDNTGTASKLTF,TRB:TGTGCCAGCAGTCAAAGGGCACCCTATCACGAGCAGTACTTC;TRA:TGTGCAGCAACCGATAATACCGGCACTGCCAGTAAACTCACCTTT,,
clonotype284,1,0.0009633911368015414,TRB:CATSDSQRPPYEQYF;TRA:CAYRSAKDYGGSQGNLIF;TRA:CPFSCPQGAQKLVF,TRB:TGTGCCACCAGTGATTCACAGCGACCCCCCTACGAGCAGTACTTC;TRA:TGTGCTTATAGGAGCGCGAAGGATTATGGAGGAAGCCAAGGAAATCTCATCTTT;TRA:TGCCCATTCAGTTGCCCCCAGGGAGCCCAGAAGCTGGTATTT,,
clonotype285,1,0.0009633911368015414,TRB:CASRLTGPAYEQYF;TRA:CAFMTSGTYKYIF,TRB:TGTGCCAGCAGGTTGACAGGGCCCGCCTACGAGCAGTACTTC;TRA:TGTGCTTTCATGACCTCAGGAACCTACAAATACATCTTT,,
clonotype286,1,0.0009633911368015414,TRB:CASSLAGGSYNEQFF;TRA:CATGRLRSYNTDKLIF,TRB:TGCGCCAGCAGCTTGGCCGGCGGAAGCTACAATGAGCAGTTCTTC;TRA:TGTGCTACGGGTAGGCTTCGATCTTATAACACCGACAAGCTCATCTTT,,
clonotype287,1,0.0009633911368015414,TRB:CASSVETGGTGELFF;TRA:CAMSATSSASKIIF,TRB:TGTGCCAGCAGCGTAGAGACAGGGGGGACCGGGGAGCTGTTTTTT;TRA:TGTGCAATGAGCGCGACCAGCAGTGCTTCCAAGATAATCTTT,,
clonotype288,1,0.0009633911368015414,TRB:CASSGTGSVNYGYTF;TRA:CALSESSNQGGKLIF,TRB:TGTGCCAGCAGTGGAACAGGGAGTGTAAACTATGGCTACACCTTC;TRA:TGTGCTCTGAGTGAGTCGAGCAACCAGGGAGGAAAGCTTATCTTC,,
clonotype289,1,0.0009633911368015414,TRB:CASSKEGKSYEQYF;TRA:CAMREAISGGYNKLIF,TRB:TGTGCCAGCAGCAAGGAGGGCAAATCCTACGAGCAGTACTTC;TRA:TGTGCAATGAGAGAGGCCATTTCTGGTGGCTACAATAAGCTGATTTTT,,
clonotype290,1,0.0009633911368015414,TRB:CASSPPSGGPNTQYF;TRA:CALSSAGGTSYGKLTF,TRB:TGTGCCAGCAGCCCTCCCTCGGGGGGGCCTAATACGCAGTATTTT;TRA:TGTGCTCTGAGTAGCGCTGGTGGTACTAGCTATGGAAAGCTGACATTT,,
clonotype291,1,0.0009633911368015414,TRB:CASSEAISPGDYGYTF,TRB:TGTGCCAGCAGTGAAGCGATATCTCCAGGAGATTATGGCTACACCTTC,,TRB:gene
clonotype292,1,0.0009633911368015414,TRB:CASSYPGQGLRQPQHF,TRB:TGTGCCAGCAGTTACCCTGGACAGGGGTTGCGGCAGCCCCAGCATTTT,,TRB:gene
clonotype293,1,0.0009633911368015414,TRB:CASSYSRYEGPYEQYF,TRB:TGTGCCAGCAGTTACTCCAGGTACGAGGGGCCCTACGAGCAGTACTTC,,TRB:gene
clonotype294,1,0.0009633911368015414,TRB:CASSPPGDIRYGYTF,TRB:TGTGCCAGCTCACCACCGGGGGACATAAGATATGGCTACACCTTC,,
clonotype295,1,0.0009633911368015414,TRB:CASSPGPVIATEAFF,TRB:TGTGCCAGCTCACCAGGTCCGGTCATTGCGACTGAAGCTTTCTTT,,
clonotype296,1,0.0009633911368015414,TRB:CASSSSGTGVHGYTF,TRB:TGTGCCAGCAGTTCCTCCGGGACAGGGGTTCATGGCTACACCTTC,,
clonotype297,1,0.0009633911368015414,TRB:CASSLSLRTGSYEQYF,TRB:TGTGCCAGCAGTTTATCCCTTCGGACAGGTTCCTACGAGCAGTACTTC,,
clonotype298,1,0.0009633911368015414,TRB:CAISEGRPPTLDTQYF,TRB:TGTGCCATCAGTGAGGGGCGACCCCCCACCTTGGATACGCAGTATTTT,,
clonotype299,1,0.0009633911368015414,TRB:CASSLGGLAKNIQYF,TRB:TGTGCCAGCAGCTTGGGAGGGCTAGCCAAAAACATTCAGTACTTC,,
clonotype300,1,0.0009633911368015414,TRB:CASSGDGQRAYEQYF,TRB:TGTGCCAGCAGCGGGGATGGACAGAGAGCCTACGAGCAGTACTTC,,
clonotype301,1,0.0009633911368015414,TRB:CASSLGTGEGYEQYF,TRB:TGTGCCAGCAGCTTGGGGACAGGGGAAGGCTACGAGCAGTACTTC,,
clonotype302,1,0.0009633911368015414,TRB:CASSLAGTGNREQYF,TRB:TGTGCCAGCAGCTTAGCTGGGACAGGGAACCGCGAGCAGTACTTC,,
clonotype303,1,0.0009633911368015414,TRB:CASSLLAGHTGELFF,TRB:TGTGCCAGCAGCCTACTAGCGGGGCATACCGGGGAGCTGTTTTTT,,
clonotype304,1,0.0009633911368015414,TRB:CASSWPQTSTGELFF,TRB:TGTGCCAGCAGCTGGCCCCAGACGTCCACCGGGGAGCTGTTTTTT,,
clonotype305,1,0.0009633911368015414,TRB:CASSTVAGDYNEQFF,TRB:TGTGCCAGCAGCACTGTAGCGGGGGATTACAATGAGCAGTTCTTC,,
clonotype306,1,0.0009633911368015414,TRB:CASSLGGQSTDTQYF,TRB:TGTGCCAGCAGCTTAGGCGGACAGAGCACAGATACGCAGTATTTT,,
clonotype307,1,0.0009633911368015414,TRB:CASSFRLTGAYEQYF,TRB:TGTGCCAGCAGCTTCCGACTAACTGGGGCCTACGAGCAGTACTTC,,
clonotype308,1,0.0009633911368015414,TRB:CASSLGARAPYGYTF,TRB:TGTGCCAGCAGCTTAGGAGCCAGGGCCCCCTATGGCTACACCTTC,,
clonotype309,1,0.0009633911368015414,TRB:CASRGGTSVTNEQFF,TRB:TGTGCCAGCAGGGGCGGAACTAGCGTCACCAATGAGCAGTTCTTC,,
clonotype310,1,0.0009633911368015414,TRB:CASSPRDRSPLRSQHF,TRB:TGTGCCAGCAGTCCCCGGGACAGGTCACCGTTGAGGTCCCAGCATTTT,,
clonotype311,1,0.0009633911368015414,TRB:CASSLWLRGFYNEQFF,TRB:TGTGCCAGCAGCCTATGGCTCAGAGGGTTCTACAATGAGCAGTTCTTC,,
clonotype312,1,0.0009633911368015414,TRB:CASSQEAGISNQPQHF,TRB:TGTGCCAGCAGCCAAGAGGCGGGCATCAGCAATCAGCCCCAGCATTTT,,
clonotype313,1,0.0009633911368015414,TRB:CASSSRLAGEREQFF,TRB:TGTGCCAGCAGCTCCCGTCTAGCGGGAGAACGTGAGCAGTTCTTC,,
clonotype314,1,0.0009633911368015414,TRB:CASSLAGGSYNEQFF;TRA:CALPPKYIF,TRB:TGTGCCAGCAGCTTAGCGGGAGGGTCCTACAATGAGCAGTTCTTC;TRA:TGCGCCCTACCCCCCAAATACATCTTT,,
clonotype315,1,0.0009633911368015414,TRB:CASSQTFRGQGTEAFF;TRA:CAVDGYQKVTF,TRB:TGCGCCAGCAGCCAAACCTTTAGGGGGCAGGGCACTGAAGCTTTCTTT;TRA:TGCGCTGTGGACGGTTACCAGAAAGTTACCTTT,,
clonotype316,1,0.0009633911368015414,TRB:CASSLTPGGGTDTQYF;TRA:CAVLDSNYQLIW,TRB:TGTGCCAGCAGCCTCACTCCGGGGGGAGGCACAGATACGCAGTATTTT;TRA:TGTGCTGTCCTCGATAGCAACTATCAGTTAATCTGG,,TRA:gene+junction
clonotype317,1,0.0009633911368015414,TRB:CASSVSGSGRANEQFF;TRA:CAVRDPGEAYKYIF,TRB:TGCGCCAGCAGTGTCTCCGGGTCGGGGAGGGCCAATGAGCAGTTCTTC;TRA:TGTGCTGTGAGAGATCCCGGAGAAGCCTACAAATACATCTTT,,
clonotype318,1,0.0009633911368015414,TRB:CATSHPSGGGEGGYTF;TRA:CAGQPNTGNQFYF,TRB:TGTGCCACCAGCCACCCCTCAGGAGGGGGCGAAGGTGGCTACACCTTC;TRA:TGTGCTGGGCAGCCGAACACCGGTAACCAGTTCTATTTT,,
clonotype319,1,0.0009633911368015414,TRB:CASSYSRVDRDTQYF;TRA:CAVEEWGNTPLVF,TRB:TGTGCCAGCAGCTACAGTAGGGTAGACAGGGATACGCAGTATTTT;TRA:TGTGCTGTGGAGGAATGGGGAAACACACCTCTTGTCTTT,,
clonotype320,1,0.0009633911368015414,TRB:CASSLRGSGTGELFF;TRA:CAPWDFNKFYF,TRB:TGTGCCAGCAGCTTAAGGGGGAGTGGAACCGGGGAGCTGTTTTTT;TRA:TGTGCCCCATGGGACTTCAACAAATTTTACTTT,,
clonotype321,1,0.0009633911368015414,TRB:CASSYSPPWSTVEQFF;TRA:CAYKVDSNYQLIW,TRB:TGTGCCAGCAGTTACTCCCCCCCTTGGAGCACGGTTGAGCAGTTCTTC;TRA:TGTGCTTATAAGGTGGATAGCAACTATCAGTTAATCTGG,,TRB:gene
clonotype322,1,0.0009633911368015414,TRB:CASSPSGGLYNEQFF;TRA:CAMRLGGFGNVLHC;TRA:CAVRDIERNFNKFYF,TRB:TGTGCCAGCAGCCCCTCGGGGGGACTATACAATGAGCAGTTCTTC;TRA:TGTGCAATGAGACTGGGGGGCTTTGGGAATGTGCTGCATTGC;TRA:TGTGCTGTGAGAGACATTGAACGGAACTTCAACAAATTTTACTTT,,
clonotype323,1,0.0009633911368015414,TRB:CASSLKWGRALEKLFF;TRA:CVVSDPRNAGNMLTF,TRB:TGTGCCAGCAGTTTGAAGTGGGGACGGGCTCTCGAAAAACTGTTTTTT;TRA:TGTGTTGTGAGTGATCCAAGGAATGCAGGCAACATGCTCACCTTT,,
clonotype324,1,0.0009633911368015414,TRB:CASSFPGTGDYNEQFF;TRA:CAMREWGHFNKFYF,TRB:TGTGCCAGCAGTTTCCCCGGGACAGGGGACTACAATGAGCAGTTCTTC;TRA:TGTGCAATGAGAGAATGGGGCCACTTCAACAAATTTTACTTT,TRB:gene,
clonotype325,1,0.0009633911368015414,TRB:CASSYPLADPQETQYF;TRA:CAARKGRTTSGTYKYIF,TRB:TGTGCCAGCAGTTACCCACTAGCGGACCCCCAAGAGACCCAGTACTTC;TRA:TGTGCAGCAAGAAAGGGACGCACTACCTCAGGAACCTACAAATACATCTTT,,TRB:gene
clonotype326,1,0.0009633911368015414,TRB:CASSVKVFIVGRSQRYGYTF;TRB:CASSYSGAQGWETQYF;TRA:CAVNGGLTGGGNKLTF,TRB:TGTGCCAGCAGCGTAAAGGTCTTCATAGTGGGAAGGTCGCAACGGTATGGCTACACCTTC;TRB:TGTGCCAGCAGTTACTCTGGGGCACAGGGATGGGAGACCCAGTACTTC;TRA:TGTGCCGTGAATGGGGGACTCACGGGAGGAGGAAACAAACTCACCTTT,,TRB:gene
clonotype327,1,0.0009633911368015414,TRB:CASSLPAAHPYEQYF;TRA:CALSRADSWGKLQF,TRB:TGTGCCAGCAGCTTACCGGCGGCTCACCCCTACGAGCAGTACTTC;TRA:TGTGCTCTGAGTCGGGCCGACAGCTGGGGGAAATTGCAGTTT,,
clonotype328,1,0.0009633911368015414,TRB:CSVVVRDSQGDSNQPQHF;TRA:CAMRERYTGGFKTIF,TRB:TGCAGCGTTGTAGTTAGGGACAGCCAGGGAGATAGCAATCAGCCCCAGCATTTT;TRA:TGTGCAATGAGAGAGCGTTATACTGGAGGCTTCAAAACTATCTTT,,
clonotype329,1,0.0009633911368015414,TRB:CAISSGQGLSGDTQYF;TRA:CALIYSTGGGNKLTF,TRB:TGTGCCATCTCCTCCGGACAGGGGCTTTCTGGAGATACGCAGTATTTT;TRA:TGTGCTCTGATTTACTCCACGGGAGGAGGAAACAAACTCACCTTT,,
clonotype330,1,0.0009633911368015414,TRB:CASSPQGIAKNIQYF;TRA:CAMREGGRSDYKLSF,TRB:TGTGCCAGCAGCCCACAGGGGATCGCCAAAAACATTCAGTACTTC;TRA:TGTGCAATGAGAGAGGGCGGCCGAAGCGACTACAAGCTCAGCTTT,,
clonotype331,1,0.0009633911368015414,TRB:CASSVGRGQSGNTIYF;TRA:CALSDAGYKRDDKIIF,TRB:TGTGCCAGCAGCGTAGGTCGAGGCCAATCTGGAAACACCATATATTTT;TRA:TGTGCTCTGAGTGATGCAGGGTATAAACGAGATGACAAGATCATCTTT,,
clonotype332,1,0.0009633911368015414,TRB:CACLQGVTSGKRSDTQYF;TRA:CAMREPYSGAGSYQLTF,TRB:TGTGCCTGTCTCCAAGGGGTTACTAGCGGGAAACGGTCGGATACGCAGTATTTT;TRA:TGTGCAATGAGAGAGCCATACTCTGGGGCTGGGAGTTACCAACTCACTTTC,,
clonotype333,1,0.0009633911368015414,TRB:CASSQEFRANNQPQHF;TRA:CAMREGAESGAGSYQLTF,TRB:TGTGCCAGCAGCCAAGAATTCAGGGCTAACAATCAGCCCCAGCATTTT;TRA:TGTGCAATGAGAGAGGGCGCGGAATCTGGGGCTGGGAGTTACCAACTCACTTTC,,
clonotype334,1,0.0009633911368015414,TRB:CASSDLPSRDRVWEQFF,TRB:TGTGCCAGCAGTGACCTCCCATCCCGGGACAGGGTGTGGGAGCAGTTCTTC,,TRB:gene
clonotype335,1,0.0009633911368015414,TRB:CASSVYGLAEYNEQFF,TRB:TGTGCCAGCAGCGTTTATGGACTAGCGGAATACAATGAGCAGTTCTTC,,
clonotype336,1,0.0009633911368015414,TRB:CASSENPHLPGEKLFF,TRB:TGTGCCAGCAGTGAGAACCCCCATTTGCCAGGTGAAAAACTGTTTTTT,,
clonotype337,1,0.0009633911368015414,TRB:CASSPGTGTSYNEQFF,TRB:TGTGCCAGCAGCCCCGGGACCGGGACTTCCTACAATGAGCAGTTCTTC,,
clonotype338,1,0.0009633911368015414,TRB:CASSLVPSGSRGEQFF,TRB:TGTGCCAGCAGCTTAGTTCCTAGCGGGAGTAGGGGTGAGCAGTTCTTC,,
clonotype339,1,0.0009633911368015414,TRB:CASSLRFGSGGDEQYF,TRB:TGTGCCAGCAGCTTAAGGTTCGGTAGCGGGGGTGACGAGCAGTACTTC,,
clonotype340,1,0.0009633911368015414,TRB:CASSLAADPQYNEQFF,TRB:TGTGCCAGCAGCTTAGCCGCGGACCCACAATATAATGAGCAGTTCTTC,,
clonotype341,1,0.0009633911368015414,TRB:CASSPWLGQVVNTEAFF,TRB:TGTGCCAGCAGTCCCTGGCTTGGACAGGTGGTGAACACTGAAGCTTTCTTT,,
clonotype342,1,0.0009633911368015414,TRB:CASSYPAGGTLFGELFF,TRB:TGTGCCAGCTCTTACCCAGCGGGGGGAACTTTATTCGGGGAGCTGTTTTTT,,
clonotype343,1,0.0009633911368015414,TRB:CATSRLPGQIRSYEQYF,TRB:TGTGCCACCAGCAGACTCCCCGGACAGATACGCTCCTACGAGCAGTACTTC,,
clonotype344,1,0.0009633911368015414,TRB:CASSPRRGQRLAEQYF,TRB:TGTGCCAGCAGCCCCAGGAGGGGACAGAGACTCGCCGAGCAGTACTTC,,
clonotype345,1,0.0009633911368015414,TRB:CASSRHPKQGLDEQFF;TRA:CIPGLTF,TRB:TGTGCCAGCAGCCGACACCCGAAACAGGGGCTCGATGAGCAGTTCTTC;TRA:TGCATCCCGGGATTAACCTTT,,
clonotype346,1,0.0009633911368015414,TRB:CASSLAGGGPPAQQYF;TRA:CATDGNTDKLIF,TRB:TGTGCCAGCAGCTTAGCGGGCGGAGGGCCTCCCGCACAGCAGTACTTC;TRA:TGTGCTACGGACGGCAACACCGACAAGCTCATCTTT,,
clonotype347,1,0.0009633911368015414,TRB:CASSLAVTGGGETQYF;TRA:CAVSFNDKLIF,TRB:TGTGCCAGCAGCTTAGCGGTGACAGGGGGCGGAGAGACCCAGTACTTC;TRA:TGTGCTGTGAGTTTCAACGACAAGCTCATCTTT,,
clonotype348,1,0.0009633911368015414,TRB:CASSDRLAGTTDTQYF;TRA:CAVTTGSQFYF,TRB:TGTGCCAGCAGCGACCGACTAGCGGGGACCACAGATACGCAGTATTTT;TRA:TGTGCTGTGACCACCGGGAGTCAGTTCTATTTT,,
clonotype349,1,0.0009633911368015414,TRB:CASSQLTGGRVGETQYF;TRA:CAAQNTGNQFYF,TRB:TGCGCCAGCAGCCAGCTGACAGGGGGTCGGGTGGGAGAGACCCAGTACTTC;TRA:TGTGCTGCCCAGAACACCGGTAACCAGTTCTATTTT,,
clonotype350,1,0.0009633911368015414,TRB:CSAYRLAGGSLTSHYEQYF;TRA:CAAPTNFGNEKLTF,TRB:TGCAGTGCCTACCGACTAGCGGGAGGGTCTCTTACTTCCCACTACGAGCAGTACTTC;TRA:TGTGCTGCCCCTACTAACTTTGGAAATGAGAAATTAACCTTT,,TRB:gene
clonotype351,1,0.0009633911368015414,TRB:CASSFKFGRGKDTEAFF;TRA:CVHTGGFKTIF,TRB:TGTGCCAGCAGTTTTAAGTTTGGCAGAGGTAAAGACACTGAAGCTTTCTTT;TRA:TGTGTACATACTGGAGGCTTCAAAACTATCTTT,,
clonotype352,1,0.0009633911368015414,TRB:CASSGDRLIPNYGYTF;TRA:CAGRLTGGGNKLTF,TRB:TGTGCCAGCAGTGGGGACAGACTTATACCTAACTATGGCTACACCTTC;TRA:TGTGCTGGTAGACTCACGGGAGGAGGAAACAAACTCACCTTT,,
clonotype353,1,0.0009633911368015414,TRB:CASSPRTGERVYTEAFF;TRA:CAMSEPGGFKTIF,TRB:TGTGCCAGCAGTCCGAGGACAGGGGAGAGGGTTTATACTGAAGCTTTCTTT;TRA:TGTGCAATGAGCGAGCCTGGAGGCTTCAAAACTATCTTT,,
clonotype354,1,0.0009633911368015414,TRB:CASSTPSGGTPGNTIYF;TRA:CAYNQGAQKLVF,TRB:TGTGCCAGCAGCACCCCCTCGGGGGGAACTCCTGGAAACACCATATATTTT;TRA:TGTGCTTATAACCAGGGAGCCCAGAAGCTGGTATTT,,
clonotype355,1,0.0009633911368015414,TRB:CASSQFGASPGNTIYF;TRA:CAVSENYGGSQGNLIF,TRB:TGTGCCAGCAGCCAATTTGGGGCTTCCCCAGGAAACACCATATATTTT;TRA:TGTGCTGTGAGTGAGAATTATGGAGGAAGCCAAGGAAATCTCATCTTT,,
clonotype356,1,0.0009633911368015414,TRB:CASSLNRAGGPNEQFF;TRA:CAVPTPRLYNQGGKLIF,TRB:TGTGCCAGCAGCTTAAACCGGGCGGGAGGGCCTAATGAGCAGTTCTTC;TRA:TGTGCTGTCCCCACTCCCCGCCTTTATAACCAGGGAGGAAAGCTTATCTTC,,
clonotype357,1,0.0009633911368015414,TRB:CASSQELYWPSGTEAFF;TRA:CAAPKGGMTTDSWGKLQF,TRB:TGCGCCAGCAGCCAAGAATTGTATTGGCCGAGTGGGACTGAAGCTTTCTTT;TRA:TGTGCAGCACCAAAAGGGGGGATGACAACTGACAGCTGGGGGAAATTGCAGTTT,,
clonotype358,1,0.0009633911368015414,TRB:CASSASGGSSLPDTQYF;TRA:CAMREGGTGGFKTIF,TRB:TGTGCCAGCAGCGCCTCAGGGGGCAGTAGTCTTCCAGATACGCAGTATTTT;TRA:TGTGCAATGAGAGAGGGTGGGACTGGAGGCTTCAAAACTATCTTT,,
clonotype359,1,0.0009633911368015414,TRB:CASSSLGEAGKYNEQFF,TRB:TGTGCCAGCAGCTCCCTAGGAGAAGCGGGAAAGTACAATGAGCAGTTCTTC,,
clonotype360,1,0.0009633911368015414,TRB:CASSFNSREYRTDTQYF,TRB:TGTGCCAGCAGTTTCAACTCCAGGGAGTATCGCACAGATACGCAGTATTTT,,
clonotype361,1,0.0009633911368015414,TRB:CASSQANGTGKTQETQYF,TRB:TGTGCCAGCAGCCAAGCTAATGGGACAGGGAAAACTCAAGAGACCCAGTACTTC,,
clonotype362,1,0.0009633911368015414,TRB:CASSTEKGLASFDTQYF,TRB:TGTGCCAGCAGCACCGAAAAGGGTCTAGCAAGTTTTGATACGCAGTATTTT,,
clonotype363,1,0.0009633911368015414,TRB:CASRTRGTDGRNQPQHF;TRA:CAVSHGSARQLTF,TRB:TGTGCCAGCAGAACCCGAGGGACCGACGGCCGCAATCAGCCCCAGCATTTT;TRA:TGCGCTGTGAGTCACGGTTCTGCAAGGCAACTGACCTTT,,
clonotype364,1,0.0009633911368015414,TRB:CASSIVEGLGQITGELFF;TRA:CVVTPRSYNTDKLIF,TRB:TGTGCCAGTAGTATAGTAGAGGGGTTGGGGCAGATCACCGGGGAGCTGTTTTTT;TRA:TGTGTGGTGACCCCAAGATCTTATAACACCGACAAGCTCATCTTT,,
clonotype365,1,0.0009633911368015414,TRB:CASSLPLGQGSTYGYTF;TRA:CAMRDSGAGSYQLTF,TRB:TGTGCCAGCAGCTTGCCGCTTGGACAGGGGAGCACCTATGGCTACACCTTC;TRA:TGTGCAATGAGAGACTCTGGGGCTGGGAGTTACCAACTCACTTTC,,
clonotype366,1,0.0009633911368015414,TRB:CASNHRGGRSYSNQPQHF,TRB:TGTGCCAGCAACCATCGGGGCGGACGATCTTATAGCAATCAGCCCCAGCATTTT,,
clonotype367,1,0.0009633911368015414,TRB:CASGPRWGTSRRGIYGYTF,TRB:TGTGCCAGTGGGCCCCGCTGGGGGACATCGAGGAGAGGAATCTATGGCTACACCTTC,,
clonotype368,1,0.0009633911368015414,TRB:CASSHVTWASEPSTDTQYF,TRB:TGTGCCAGCAGCCACGTTACGTGGGCTAGCGAGCCTAGCACAGATACGCAGTATTTT,,
clonotype369,1,0.0009633911368015414,TRB:CASSPWDRGTYLAKNIQYF,TRB:TGTGCCAGCAGCCCATGGGACAGGGGAACCTATCTAGCCAAAAACATTCAGTACTTC,,
clonotype370,1,0.0009633911368015414,TRB:CASSLSSNTEAFF,TRB:TGTGCTAGCAGCTTAAGCTCGAACACTGAAGCTTTCTTT,,
clonotype371,1,0.0009633911368015414,TRB:CASSVAGTSGRAADNEQFF;TRA:CAGKGYGQNFVF,TRB:TGTGCCAGCAGCGTAGCCGGGACTAGCGGGAGGGCCGCGGATAATGAGCAGTTCTTC;TRA:TGTGCAGGGAAGGGCTATGGTCAGAATTTTGTCTTT,,
clonotype372,1,0.0009633911368015414,TRB:CASRPGQGALLTAGNTIYF;TRA:CAARFWGSNYKLTF,TRB:TGTGCCAGCAGACCTGGACAGGGGGCACTCCTCACGGCTGGAAACACCATATATTTT;TRA:TGTGCAGCAAGGTTTTGGGGTAGCAACTATAAACTGACATTT,,TRB:gene
clonotype373,1,0.0009633911368015414,TRB:CASSLSPGQGPSSYNEQFF,TRB:TGTGCCAGCAGCCTCTCTCCGGGACAGGGGCCGTCCTCCTACAATGAGCAGTTCTTC,,
clonotype374,1,0.0009633911368015414,TRB:CASSEPSRDRGLPSKNIQYF,TRB:TGCGCCAGCAGTGAGCCAAGCCGGGACAGGGGCCTACCCTCCAAAAACATTCAGTACTTC,,
clonotype375,1,0.0009633911368015414,TRB:CASSLGLGRGEQYF;TRA:CAGGSYIPTF,TRB:TGTGCTAGCAGCTTAGGCCTGGGTCGGGGCGAGCAGTACTTC;TRA:TGTGCAGGAGGAAGCTACATACCTACATTT,,
clonotype376,1,0.0009633911368015414,TRB:CASREGLAGKWDSYNEQFF;TRA:CAVRSFRGGADGLTF,TRB:TGTGCCAGCAGGGAGGGACTAGCGGGCAAATGGGACTCCTACAATGAGCAGTTCTTC;TRA:TGTGCTGTCAGATCTTTCCGAGGAGGTGCTGACGGACTCACCTTT,,
clonotype377,1,0.0009633911368015414,TRB:CASSLRGINYGYTF,TRB:TGTGCCAGCAGCTTAAGGGGGATTAACTATGGCTACACCTTC,,
clonotype378,1,0.0009633911368015414,TRB:CASSQDPHLPLLPRQAHLYEQFF,TRB:TGTGCCAGCAGCCAAGATCCACACCTCCCACTACTACCCAGGCAAGCCCATTTGTATGAGCAGTTCTTC,,
clonotype379,1,0.0009633911368015414,TRB:CASSSRSTGEETQYF,TRB:TGTGCCAGCAGCTCACGATCGACAGGGGAAGAGACCCAGTACTTC,,
clonotype380,1,0.0009633911368015414,TRB:CASSRRTVGSSGANVLTF;TRA:CAFMKPWDAGGTSYGKLTF,TRB:TGTGCCAGCAGCCGTCGGACAGTGGGAAGCTCTGGGGCCAACGTCCTGACTTTC;TRA:TGTGCTTTCATGAAGCCCTGGGATGCTGGTGGTACTAGCTATGGAAAGCTGACATTT,,
