,barcode,x,y
0,AAACCTGAGTAAGTAC,5,5
1,AAACCTGGTAGGGACT,3,3
2,AAACCTGGTTTAGGAA,17,17
3,AAACCTGTCCAATGGT,8,8
4,AAACCTGTCCGAATGT,4,4
5,AAACCTGTCTTTCCTC,9,8
6,AAACGGGAGACTAGGC,16,16
7,AAAGATGCATCTCCCA,11,11
8,AAAGATGGTCGAACAG,19,20
9,AAAGATGGTGCATCTA,4,4
10,AAAGATGGTTGAGGTG,13,13
11,AAAGCAACAAGAAGAG,9,9
12,AAAGCAACACAGCCCA,8,8
13,AAAGCAAGTGCAGGTA,7,7
14,AAAGCAAGTTACCAGT,6,6
15,AAAGCAAGTTGCCTCT,9,9
16,AAAGCAATCGCCAGCA,9,9
17,AAAGTAGAGGCTCTTA,17,17
18,AAAGTAGTCAGTACGT,2,2
19,AAAGTAGTCGGACAAG,10,10
20,AAATGCCAGGCATGTG,8,8
21,AAATGCCGTCGTTGTA,5,5
22,AAATGCCGTGTGCCTG,11,11
23,AAATGCCGTTCAGCGC,5,5
24,AACACGTAGCAATATG,3,3
25,AACACGTCAGACGCTC,3,3
26,AACACGTCATGGTCTA,3,3
27,AACACGTGTGACGCCT,4,4
28,AACACGTGTGTAAGTA,9,9
29,AACACGTTCATGGTCA,4,4
30,AACACGTTCGTTTGCC,3,3
31,AACCATGAGAATAGGG,6,6
32,AACCATGAGAGGTACC,5,5
33,AACCATGAGTACATGA,13,13
34,AACCATGCAACTTGAC,10,10
35,AACCATGGTCCTCTTG,7,7
36,AACCATGTCATAGCAC,5,5
37,AACCGCGGTTGCCTCT,9,9
38,AACCGCGTCGAGAACG,6,6
39,AACGTTGAGATGGCGT,9,9
40,AACGTTGAGCTAACAA,4,4
41,AACGTTGCATTCCTGC,9,9
42,AACGTTGGTGCGCTTG,3,3
43,AACGTTGTCGGCTTGG,16,16
44,AACTCAGAGGGTCTCC,12,12
45,AACTCAGCACACAGAG,3,3
46,AACTCAGCACAGACAG,11,11
47,AACTCAGGTCTTTCAT,10,10
48,AACTCCCAGTTAACGA,24,24
49,AACTCCCCAAGAGTCG,10,10
50,AACTCCCCAAGCCGCT,5,5
51,AACTCCCCAGCCTTGG,6,6
52,AACTCCCCATTACCTT,10,10
53,AACTCCCTCAACACTG,6,6
54,AACTCCCTCACTGGGC,8,8
55,AACTCTTAGAATTGTG,8,8
56,AACTCTTCAAGGTGTG,4,4
57,AACTCTTCATTATCTC,13,13
58,AACTCTTTCAACACCA,9,9
59,AACTCTTTCGTATCAG,6,6
60,AACTGGTTCGCGGATC,4,4
61,AACTGGTTCTGAAAGA,7,7
62,AACTTTCAGCGATATA,8,8
63,AACTTTCCACCAGCAC,5,5
64,AACTTTCTCTCAACTT,5,5
65,AAGACCTAGACCCACC,22,22
66,AAGACCTGTGTGGCTC,3,3
67,AAGACCTTCATCGATG,3,3
68,AAGACCTTCTACCAGA,6,6
69,AAGCCGCAGCTAGTCT,7,7
70,AAGCCGCCACAAGTAA,13,13
71,AAGCCGCCACCCATTC,23,23
72,AAGCCGCCAGTCAGAG,16,16
73,AAGCCGCTCAACCAAC,13,14
74,AAGGAGCAGTGTGGCA,4,4
75,AAGGAGCCATGACATC,6,6
76,AAGGAGCTCTGACCTC,8,8
77,AAGGCAGAGAAGAAGC,3,3
78,AAGGCAGAGTGGTAAT,9,9
79,AAGGCAGCACCCATGG,4,4
80,AAGGCAGGTTGGTTTG,8,8
81,AAGGCAGTCTGATTCT,18,18
82,AAGGTTCAGAGATGAG,5,5
83,AAGGTTCAGGGATGGG,2,2
84,AAGGTTCAGTGGGATC,13,13
85,AAGGTTCCACCGATAT,11,11
86,AAGGTTCCAGTATCTG,9,9
87,AAGGTTCGTTATCGGT,7,7
88,AAGGTTCTCCCAAGTA,14,14
89,AAGGTTCTCCGTAGTA,5,5
90,AAGGTTCTCGATAGAA,4,4
91,AAGTCTGCAAAGCGGT,11,11
92,AAGTCTGGTGACTCAT,22,22
93,AAGTCTGTCCACGTGG,7,7
94,AAGTCTGTCTCGAGTA,7,7
95,AATCCAGAGCTAGTCT,11,11
96,AATCCAGAGTCAAGGC,9,9
97,AATCCAGCAGATTGCT,8,8
98,AATCCAGCATGGTCTA,5,5
99,AATCCAGTCACTTCAT,7,7
100,AATCCAGTCGAACGGA,4,4
101,AATCGGTAGAACAACT,7,7
102,AATCGGTAGATCCCAT,12,12
103,AATCGGTAGCGATTCT,9,9
104,AATCGGTAGTGTACGG,16,16
105,AATCGGTAGTTAGCGG,8,8
106,AATCGGTTCCGTTGCT,3,3
107,AATCGGTTCCTGCTTG,20,20
108,ACACCAACAAACTGCT,5,5
109,ACACCAACAATAGAGT,6,6
110,ACACCAACAGGCGATA,9,9
111,ACACCAAGTAACGACG,6,6
112,ACACCAAGTCCATCCT,7,7
113,ACACCAATCAAAGACA,18,18
114,ACACCCTAGAAACCTA,9,9
115,ACACCCTAGCTGTCTA,6,6
116,ACACCCTAGTTGCAGG,12,12
117,ACACCCTCAAAGTCAA,15,15
118,ACACCCTCAGCATACT,7,12
119,ACACCCTGTACTTGAC,6,6
120,ACACCCTTCAGCGACC,8,8
121,ACACCGGAGACCGGAT,8,8
122,ACACCGGAGGAGCGAG,8,8
123,ACACCGGCAACGCACC,10,10
124,ACACCGGCAAGTCTGT,11,11
125,ACACCGGGTACCTACA,8,8
126,ACACCGGGTCATATCG,13,13
127,ACACCGGTCAAACAAG,7,7
128,ACACTGAAGAAGATTC,6,6
129,ACACTGAAGCTTCGCG,6,6
130,ACAGCCGAGCTATGCT,12,12
131,ACAGCCGAGTGTTAGA,11,11
132,ACAGCCGCATAGTAAG,17,18
133,ACAGCTAAGGGTTTCT,3,3
134,ACAGCTAAGTGTCCCG,14,14
135,ACAGCTAAGTTCCACA,5,5
136,ACAGCTACACAGCGTC,6,6
137,ACAGCTACAGTTCCCT,13,13
138,ACAGCTAGTTTAGGAA,12,12
139,ACAGCTATCTGCTGCT,5,5
140,ACATACGAGGATGGTC,5,5
141,ACATACGAGGGTTTCT,3,3
142,ACATACGCAATACGCT,7,7
143,ACATACGGTTGCGTTA,5,5
144,ACATACGTCACTATTC,7,7
145,ACATCAGAGACTAGAT,5,5
146,ACATCAGAGATCGGGT,6,6
147,ACATCAGCATGGTCAT,6,6
148,ACATCAGGTCTCACCT,13,13
149,ACATCAGGTCTCTCGT,3,3
150,ACATGGTAGAAGATTC,13,13
151,ACATGGTAGATATGGT,16,16
152,ACATGGTAGGTACTCT,5,5
153,ACATGGTCAGACAAGC,10,10
154,ACATGGTGTCGCCATG,7,7
155,ACATGGTTCCTAGTGA,8,8
156,ACCAGTACAAAGAATC,4,4
157,ACCAGTACACATGACT,4,4
158,ACCAGTACAGCCAATT,4,4
159,ACCAGTAGTGTAACGG,5,5
160,ACCCACTCAGGGTTAG,6,6
161,ACCCACTCATGACGGA,8,8
162,ACCCACTGTTGGTAAA,21,21
163,ACCCACTTCGCGGATC,11,11
164,ACCGTAACACAGGTTT,5,5
165,ACCGTAACAGCTTAAC,7,7
166,ACCGTAACATCCTAGA,3,3
167,ACCGTAAGTCCAAGTT,8,7
168,ACCGTAAGTTACAGAA,5,5
169,ACCGTAATCACCACCT,5,5
170,ACCTTTAAGCTGAACG,7,7
171,ACCTTTAAGTCCAGGA,10,10
172,ACCTTTAGTACAGACG,7,7
173,ACGAGCCAGAAGATTC,9,9
174,ACGAGCCAGGTAGCTG,10,10
175,ACGAGCCGTTCTGTTT,12,12
176,ACGAGCCTCCTAAGTG,5,5
177,ACGAGGAAGTGATCGG,10,10
178,ACGAGGAGTGCAACTT,12,12
179,ACGAGGATCCGAATGT,6,6
180,ACGATACAGCATCATC,2,2
181,ACGATACAGTGACTCT,11,11
182,ACGATACCACAGGCCT,3,3
183,ACGATGTAGTGAAGTT,8,8
184,ACGATGTAGTTAAGTG,23,23
185,ACGATGTCATATGAGA,6,6
186,ACGATGTTCATCACCC,3,3
187,ACGCAGCAGATGCCAG,40,41
188,ACGCAGCAGCTGCCCA,14,14
189,ACGCAGCCATCGACGC,14,15
190,ACGCAGCGTAAATGAC,5,5
191,ACGCAGCTCATCTGCC,6,6
192,ACGCCAGAGATGTGGC,11,11
193,ACGCCAGAGCCATCGC,10,10
194,ACGCCAGGTCCCGACA,21,21
195,ACGCCAGGTCGAACAG,6,6
196,ACGCCAGGTCTGCGGT,4,4
197,ACGCCAGGTTCAGACT,6,6
198,ACGCCAGGTTCCCGAG,3,3
199,ACGCCAGTCCGCGTTT,7,7
200,ACGCCAGTCGAGAGCA,8,8
201,ACGCCGAAGTATGACA,18,18
202,ACGCCGACACGTGAGA,6,6
203,ACGCCGACAGTCGTGC,2,2
204,ACGCCGACATTGGCGC,6,6
205,ACGCCGAGTCGTGGCT,19,19
206,ACGCCGATCCGATATG,6,10
207,ACGCCGATCCGATATG,6,6
208,ACGCCGATCCGATATG,10,10
209,ACGCCGATCCGATATG,10,6
210,ACGGAGAAGGCGATAC,12,12
211,ACGGAGACATCAGTCA,10,10
212,ACGGAGATCAGCGACC,22,22
213,ACGGAGATCCAAACAC,19,19
214,ACGGAGATCGCAGGCT,4,4
215,ACGGAGATCGGCGCAT,8,8
216,ACGGCCAAGAGCCTAG,4,4
217,ACGGCCACACAGACAG,19,19
218,ACGGCCAGTATAGGGC,13,13
219,ACGGCCAGTCCCTTGT,8,8
220,ACGGCCAGTCCGTTAA,14,14
221,ACGGCCAGTCCTAGCG,11,11
222,ACGGCCATCCAAAGTC,9,9
223,ACGGCCATCTGGCGAC,9,9
224,ACGGGCTAGATGGCGT,27,27
225,ACGGGCTAGGCGATAC,23,23
226,ACGGGCTGTAAATGAC,8,8
227,ACGGGCTGTCAGAGGT,11,11
228,ACGGGCTTCCGTTGTC,10,10
229,ACGGGCTTCGCGGATC,11,11
230,ACGGGCTTCTCTGAGA,9,9
231,ACGGGTCCATCGGAAG,4,4
232,ACGGGTCGTACTCAAC,14,14
233,ACGGGTCTCTCATTCA,3,3
234,ACGTCAACAGCTCGAC,9,9
235,ACGTCAAGTACATGTC,10,10
236,ACGTCAAGTCTCCACT,6,6
237,ACGTCAATCGGACAAG,2,2
238,ACTATCTAGCGCCTTG,8,8
239,ACTATCTAGGTAAACT,10,10
240,ACTATCTCACATAACC,10,10
241,ACTATCTCATGGATGG,16,16
242,ACTATCTGTCTTCTCG,11,11
243,ACTATCTGTGCGAAAC,15,15
244,ACTATCTTCCACGTGG,7,8
245,ACTATCTTCCTTGACC,6,6
246,ACTGAACAGTACTTGC,5,5
247,ACTGAACCAAGCGTAG,11,11
248,ACTGAACCACCAGCAC,13,13
249,ACTGAACCACCAGTTA,12,12
250,ACTGAACCATAGGATA,11,11
251,ACTGAACTCCTCCTAG,13,13
252,ACTGAACTCTTCGGTC,6,6
253,ACTGAGTAGCGATGAC,6,6
254,ACTGAGTAGGCGACAT,5,5
255,ACTGAGTCAATCAGAA,11,11
256,ACTGAGTCAGTGAGTG,4,4
257,ACTGAGTGTAATCACC,12,12
258,ACTGAGTGTAGTGAAT,4,4
259,ACTGAGTGTCAGCTAT,4,4
260,ACTGAGTGTTACCGAT,2,2
261,ACTGAGTTCTTCAACT,12,12
262,ACTGATGCACAGAGGT,20,20
263,ACTGATGCATGTTGAC,6,6
264,ACTGATGGTTATCACG,4,4
265,ACTGATGTCCGCGGTA,3,8
266,ACTGATGTCCTTAATC,4,4
267,ACTGCTCAGCCACGCT,4,4
268,ACTGCTCAGTACTTGC,7,7
269,ACTGCTCCAGTCACTA,15,15
270,ACTGCTCCATAAGACA,4,4
271,ACTGCTCCATGACGGA,4,4
272,ACTGCTCGTAAATGAC,12,12
273,ACTGCTCGTGATGTCT,4,4
274,ACTGCTCTCCGCGCAA,16,16
275,ACTGCTCTCCTTAATC,8,8
276,ACTGCTCTCGATCCCT,16,16
277,ACTGTCCCAAGCTGGA,6,6
278,ACTGTCCCACTACAGT,7,7
279,ACTGTCCCAGGGTACA,10,10
280,ACTTACTAGTCCGGTC,16,16
281,ACTTACTCACGGCTAC,5,5
282,ACTTACTCACGGCTAC,5,4
283,ACTTACTCACGGCTAC,4,5
284,ACTTACTCACGGCTAC,4,4
285,ACTTACTCATCGATTG,9,9
286,ACTTACTGTCTTCAAG,7,7
287,ACTTACTGTGCAACGA,11,11
288,ACTTACTTCCGATATG,3,3
289,ACTTGTTAGCTACCTA,4,4
290,ACTTGTTCATTGGTAC,20,20
291,ACTTTCAAGAGGTTAT,7,7
292,ACTTTCAAGGAGTACC,8,8
293,ACTTTCAAGGATATAC,9,9
294,ACTTTCAGTAGAGTGC,6,6
295,ACTTTCAGTAGTACCT,4,4
296,ACTTTCAGTCCTAGCG,5,5
297,ACTTTCATCTTGACGA,4,4
298,AGAATAGAGATCACGG,3,3
299,AGAATAGAGCTTTGGT,11,11
300,AGAATAGCACAAGTAA,13,13
301,AGAATAGCATGGATGG,8,8
302,AGAATAGGTAAAGTCA,39,36
303,AGAATAGGTAAGGATT,8,8
304,AGAATAGGTCCGTTAA,23,23
305,AGAATAGTCAGGCGAA,6,6
306,AGAATAGTCCACGCAG,8,8
307,AGAATAGTCCCTTGCA,15,15
308,AGAATAGTCCGTCAAA,4,4
309,AGAATAGTCGTCGTTC,10,10
310,AGACGTTCACGAGAGT,12,12
311,AGACGTTCAGCTGCAC,15,15
312,AGACGTTCATCCCACT,17,17
313,AGACGTTGTACCCAAT,3,3
314,AGACGTTGTACTTGAC,7,7
315,AGACGTTGTGGGTCAA,7,7
316,AGACGTTTCAGTTGAC,46,43
317,AGAGCGAAGGGCTTGA,5,5
318,AGAGCGACATGCTGGC,19,19
319,AGAGCGACATGTCCTC,3,3
320,AGAGCGAGTTCCATGA,13,13
321,AGAGCGATCCGCATAA,8,8
322,AGAGCTTAGAGCCCAA,9,9
323,AGAGCTTAGAGCCCAA,9,9
324,AGAGCTTAGAGCCCAA,9,9
325,AGAGCTTAGAGCCCAA,9,9
326,AGAGCTTAGATCCTGT,6,6
327,AGAGCTTAGTCATGCT,2,2
328,AGAGCTTGTCTTCAAG,14,14
329,AGAGCTTGTCTTCAAG,14,6
330,AGAGCTTGTCTTCAAG,6,14
331,AGAGCTTGTCTTCAAG,6,6
332,AGAGCTTGTGCGAAAC,9,10
333,AGAGCTTTCACGACTA,3,3
334,AGAGCTTTCCCTTGCA,3,3
335,AGAGTGGAGAGACTTA,14,14
336,AGAGTGGAGATGCCTT,23,23
337,AGAGTGGAGCAGATCG,8,8
338,AGAGTGGAGGATATAC,9,9
339,AGAGTGGCACGAAAGC,8,8
340,AGAGTGGCAGTCGATT,6,6
341,AGAGTGGGTGGCAAAC,3,3
342,AGAGTGGGTTAGTGGG,6,6
343,AGATCTGAGAACAATC,24,24
344,AGATCTGCACGGTAGA,12,12
345,AGATCTGGTAGCTAAA,9,9
346,AGATCTGGTGCGAAAC,10,10
347,AGATCTGGTTACGGAG,8,8
348,AGATTGCAGTGTACGG,5,5
349,AGATTGCCATTGGCGC,12,12
350,AGCAGCCAGATCGGGT,9,9
351,AGCAGCCAGCGTGAAC,19,19
352,AGCAGCCCACCCAGTG,10,10
353,AGCAGCCCAGCTGTTA,15,15
354,AGCAGCCTCGGTCCGA,1,1
355,AGCATACAGGCGTACA,9,9
356,AGCATACAGTGTCTCA,16,16
357,AGCATACCAAGAGGCT,7,7
358,AGCATACCAAGGACTG,4,4
359,AGCATACCACAGACTT,7,13
360,AGCATACCACTGTCGG,3,3
361,AGCATACCAGTCAGCC,8,8
362,AGCATACCATCACGTA,8,8
363,AGCATACGTTTACTCT,16,16
364,AGCCTAAAGACTACAA,9,9
365,AGCCTAAAGCTCCCAG,18,18
366,AGCCTAAGTACGACCC,3,3
367,AGCCTAAGTCTTCAAG,14,14
368,AGCCTAATCCCGGATG,12,12
369,AGCCTAATCCCTCAGT,4,4
370,AGCGGTCAGCGCTTAT,7,7
371,AGCGGTCAGTAGATGT,10,10
372,AGCGGTCAGTGTCCCG,7,7
373,AGCGGTCAGTTACGGG,3,3
374,AGCGGTCCACGAAAGC,11,11
375,AGCGGTCGTAAGGGCT,14,14
376,AGCGGTCGTGATAAGT,4,4
377,AGCGGTCGTTAAGAAC,7,8
378,AGCGTATCAATGGATA,4,4
379,AGCGTATCAGGATCGA,8,8
380,AGCGTATCAGGGTACA,8,8
381,AGCGTATCATCCTAGA,24,28
382,AGCGTATGTAGTGAAT,3,3
383,AGCGTATTCCGCGGTA,2,2
384,AGCTCCTAGTCGCCGT,25,17
385,AGCTCCTCACACATGT,7,7
386,AGCTCCTCATTTCACT,11,11
387,AGCTCCTCATTTCACT,11,11
388,AGCTCCTCATTTCACT,11,11
389,AGCTCCTCATTTCACT,11,11
390,AGCTCCTTCACTTCAT,6,6
391,AGCTCCTTCTGTACGA,6,6
392,AGCTCTCAGTACGCCC,5,5
393,AGCTCTCCACCAACCG,8,8
394,AGCTCTCGTACTCTCC,11,11
395,AGCTCTCGTCTAGTGT,1,1
396,AGCTCTCGTGAGGGAG,7,7
397,AGCTCTCTCTCCCTGA,15,15
398,AGCTTGAAGTAGGCCA,9,9
399,AGCTTGACACGGCGTT,5,5
400,AGCTTGAGTCTCCCTA,7,7
401,AGCTTGATCTCGAGTA,9,9
402,AGGCCACAGGGTCGAT,24,24
403,AGGCCACCAGCTGTGC,17,17
404,AGGCCACGTACCGTTA,11,12
405,AGGCCACGTCAACATC,10,10
406,AGGCCGTCATGACATC,6,6
407,AGGCCGTGTGCTGTAT,3,3
408,AGGCCGTGTTACCAGT,9,9
409,AGGCCGTGTTACGGAG,4,4
410,AGGGAGTAGCTGAACG,4,4
411,AGGGAGTGTTCAGCGC,22,22
412,AGGGAGTGTTCCAACA,5,5
413,AGGGAGTTCAATAAGG,15,15
414,AGGGAGTTCCTATTCA,8,8
415,AGGGATGAGCCGTCGT,5,5
416,AGGGATGAGTCGTACT,9,9
417,AGGGATGCAGGATTGG,9,9
418,AGGGATGGTCATCGGC,14,14
419,AGGGATGTCCCAGGTG,17,17
420,AGGGATGTCTGCTGCT,5,5
421,AGGGTGACAAACTGCT,15,15
422,AGGGTGACAGGCGATA,15,15
423,AGGGTGACAGTCCTTC,6,6
424,AGGGTGATCAGCCTAA,8,8
425,AGGGTGATCATTGCCC,11,11
426,AGGTCATAGAGTGACC,7,7
427,AGGTCATAGCCGGTAA,15,15
428,AGGTCATAGTTGAGAT,20,20
429,AGGTCATCAAATCCGT,12,12
430,AGGTCATCAGATGGCA,26,26
431,AGGTCATGTACTTGAC,4,4
432,AGGTCATGTCGCGTGT,3,3
433,AGGTCCGAGCAGCGTA,30,30
434,AGGTCCGAGTCTCCTC,6,6
435,AGGTCCGGTATCGCAT,6,5
436,AGGTCCGGTATCGCAT,6,6
437,AGGTCCGGTATCGCAT,5,5
438,AGGTCCGGTATCGCAT,5,6
439,AGGTCCGGTCGTTGTA,4,4
440,AGGTCCGGTGCGAAAC,6,6
441,AGGTCCGTCCAAACAC,11,12
442,AGTAGTCCAGTGAGTG,8,8
443,AGTAGTCGTGCCTGTG,2,2
444,AGTCTTTGTCTCAACA,4,4
445,AGTCTTTTCTGCCCTA,8,8
446,AGTGAGGAGATCTGCT,9,9
447,AGTGAGGAGTGAATTG,5,5
448,AGTGAGGGTCCTCTTG,7,7
449,AGTGAGGTCGGTTCGG,16,16
450,AGTGAGGTCTTGTTTG,4,4
451,AGTGGGACAGTAAGAT,6,6
452,AGTGGGAGTCCATGAT,5,5
453,AGTGGGAGTCCGTCAG,9,9
454,AGTGGGATCAGTTGAC,4,4
455,AGTGTCAAGATCCTGT,10,10
456,AGTGTCACAAGCCGCT,9,9
457,AGTGTCACACACCGCA,10,10
458,AGTGTCACATCGACGC,6,6
459,AGTGTCAGTAGTACCT,2,2
460,AGTGTCAGTCAACATC,3,3
461,AGTGTCATCAGCTCTC,13,13
462,AGTTGGTAGATGTAAC,4,4
463,AGTTGGTAGCAGGCTA,3,3
464,AGTTGGTAGCCACCTG,14,14
465,AGTTGGTAGCTAAACA,7,7
466,AGTTGGTCAAGTCTAC,8,8
467,AGTTGGTCACTCTGTC,13,13
468,AGTTGGTGTCTCAACA,6,6
469,AGTTGGTTCAAGGTAA,5,5
470,AGTTGGTTCAGCGATT,6,6
471,ATAACGCGTCAATGTC,6,6
472,ATAACGCGTGTGACCC,6,6
473,ATAACGCTCACGATGT,2,2
474,ATAACGCTCAGCTCGG,8,8
475,ATAAGAGAGACACTAA,8,8
476,ATAAGAGCACATTAGC,21,21
477,ATAAGAGCATGAGCGA,4,4
478,ATAAGAGTCGTTACAG,4,4
479,ATAGACCAGTGTACTC,10,10
480,ATAGACCGTAAATACG,9,9
481,ATCACGATCAACACCA,10,12
482,ATCACGATCGGCTTGG,6,6
483,ATCATCTCAAGTTAAG,2,2
484,ATCATCTGTATTCTCT,9,9
485,ATCATCTGTTGAACTC,11,11
486,ATCATCTTCCTGTACC,5,5
487,ATCATCTTCGCGCCAA,6,6
488,ATCATGGAGCACGCCT,11,11
489,ATCATGGAGCGATCCC,9,9
490,ATCATGGAGCGCCTTG,15,15
491,ATCATGGCAAACAACA,18,18
492,ATCATGGCACGACGAA,4,4
493,ATCATGGGTGCAGGTA,4,4
494,ATCATGGGTGTGCCTG,3,3
495,ATCATGGGTTCTCATT,3,3
496,ATCATGGTCAGCTGGC,17,17
497,ATCATGGTCCAAACTG,7,7
498,ATCCACCAGAACAACT,4,4
499,ATCCACCAGATGTCGG,10,10
500,ATCCACCCACCAGTTA,11,11
501,ATCCACCCACCCATTC,9,9
502,ATCCACCCAGGTGGAT,7,7
503,ATCCACCTCCATTCTA,7,7
504,ATCCGAAAGAGACTAT,5,5
505,ATCCGAAAGCTAACAA,8,8
506,ATCCGAACAATAGCGG,4,4
507,ATCCGAACAGATGGCA,8,8
508,ATCCGAACATGACATC,6,6
509,ATCCGAAGTGTTGGGA,2,2
510,ATCGAGTAGTAGATGT,9,9
511,ATCGAGTGTTCGCGAC,6,6
512,ATCGAGTTCCATTCTA,8,8
513,ATCGAGTTCGTACGGC,10,11
514,ATCTACTCACGCATCG,5,5
515,ATCTACTGTAGCACGA,18,18
516,ATCTACTGTAGCTCCG,3,3
517,ATCTACTGTATGAATG,9,9
518,ATCTACTGTTACGTCA,6,6
519,ATCTACTGTTGATTCG,3,3
520,ATCTGCCAGTACGCGA,11,11
521,ATCTGCCCATCGACGC,8,8
522,ATCTGCCGTATCGCAT,18,18
523,ATCTGCCGTTACCAGT,2,2
524,ATCTGCCTCCCAACGG,5,5
525,ATCTGCCTCGCCTGTT,7,7
526,ATCTGCCTCGTGACAT,16,16
527,ATGAGGGAGTGGGTTG,12,12
528,ATGAGGGAGTGTGGCA,6,6
529,ATGAGGGGTACCGTTA,8,8
530,ATGAGGGTCCACGACG,9,9
531,ATGCGATGTGACTCAT,4,4
532,ATGCGATGTTGTCTTT,3,3
533,ATGCGATTCCTCGCAT,12,12
534,ATGGGAGAGCGATATA,3,3
535,ATGGGAGCAACTGCGC,8,8
536,ATGGGAGCATTTCACT,7,7
537,ATGGGAGTCCCTTGTG,10,10
538,ATGTGTGAGTCACGCC,14,14
539,ATGTGTGAGTGACATA,7,7
540,ATGTGTGGTCGGCATC,2,2
541,ATGTGTGTCCTGTACC,13,13
542,ATTACTCAGTGCGATG,8,8
543,ATTACTCGTGGACGAT,6,6
544,ATTACTCGTTCCATGA,2,2
545,ATTACTCTCTACCAGA,11,11
546,ATTACTCTCTGCAAGT,17,17
547,ATTACTCTCTGCGGCA,2,2
548,ATTATCCCAAACCCAT,8,8
549,ATTATCCGTGTAACGG,5,5
550,ATTATCCGTTAGGGTG,15,14
551,ATTATCCTCATGCAAC,6,6
552,ATTCTACAGGCACATG,4,4
553,ATTCTACAGTGCTGCC,9,9
554,ATTCTACCATCCCACT,8,8
555,ATTCTACCATTTGCCC,7,7
556,ATTCTACGTTAGATGA,11,11
557,ATTCTACGTTATGCGT,4,4
558,ATTCTACTCCGAAGAG,11,11
559,ATTCTACTCGCCCTTA,14,14
560,ATTCTACTCGCTAGCG,7,7
561,ATTGGACAGCTGGAAC,3,3
562,ATTGGACCACATAACC,9,9
563,ATTGGACCAGGATTGG,4,4
564,ATTGGACGTACCGTTA,21,21
565,ATTGGACGTCCGTGAC,9,9
566,ATTGGACGTGCGGTAA,6,6
567,ATTGGACTCCATTCTA,5,5
568,ATTGGACTCCGCGTTT,6,6
569,ATTGGTGAGATGGGTC,7,7
570,ATTGGTGCAAGCCATT,19,19
571,ATTGGTGCAATGTTGC,12,12
572,ATTGGTGGTAGGCATG,7,6
573,ATTGGTGGTCTCTTTA,6,6
574,ATTGGTGGTTGTGGAG,8,8
575,ATTGGTGTCATCGCTC,11,11
576,ATTGGTGTCTGCCCTA,5,5
577,ATTTCTGCACGAGAGT,10,10
578,ATTTCTGTCACGAAGG,13,13
579,ATTTCTGTCCTTTCTC,10,10
580,ATTTCTGTCGTACGGC,12,12
581,ATTTCTGTCTGCGACG,5,5
582,CAACCAAAGAAAGTGG,8,8
583,CAACCAACACGTGAGA,5,5
584,CAACCAACATCGGTTA,10,10
585,CAACCAATCACTATTC,16,16
586,CAACCAATCAGTTCGA,8,8
587,CAACCTCAGTTAACGA,8,8
588,CAACCTCCAGCAGTTT,5,5
589,CAACCTCCAGCGTTCG,3,3
590,CAACCTCCATAAGACA,1,1
591,CAACCTCTCAAACGGG,10,10
592,CAACCTCTCCACGTGG,5,5
593,CAACCTCTCGGTTCGG,4,5
594,CAACTAGAGACTGGGT,4,4
595,CAACTAGCAACTTGAC,16,16
596,CAACTAGGTCCTCTTG,10,10
597,CAACTAGGTCGGATCC,9,10
598,CAACTAGGTGGCGAAT,5,5
599,CAACTAGTCTGATTCT,9,9
600,CAAGAAAAGAAACGCC,12,12
601,CAAGAAAAGAGTGACC,10,10
602,CAAGAAAAGCGTCTAT,9,9
603,CAAGAAAAGCTGTCTA,3,3
604,CAAGAAAAGTCGAGTG,2,2
605,CAAGAAAGTAGCACGA,6,6
606,CAAGAAAGTAGCACGA,6,5
607,CAAGAAAGTAGCACGA,5,6
608,CAAGAAAGTAGCACGA,5,5
609,CAAGAAAGTAGCTCCG,6,6
610,CAAGAAAGTAGGCATG,11,11
611,CAAGAAATCCCTCTTT,7,7
612,CAAGAAATCGCAAACT,10,10
613,CAAGATCAGGTGCTAG,5,5
614,CAAGATCAGTGGAGTC,46,44
615,CAAGATCCAAGTTAAG,7,7
616,CAAGATCCACCCATGG,12,13
617,CAAGATCCAGCATGAG,2,2
618,CAAGATCTCAAGATCC,20,20
619,CAAGGCCCATTCCTCG,2,2
620,CAAGGCCGTCTAACGT,3,3
621,CAAGTTGGTTGTCTTT,26,26
622,CAAGTTGTCAGCTCGG,17,17
623,CACAAACAGCCTATGT,6,6
624,CACAAACAGTTGCAGG,13,13
625,CACAAACCACGCGAAA,9,9
626,CACAAACGTCTGGTCG,7,7
627,CACAAACGTGGACGAT,10,10
628,CACAAACTCCCACTTG,5,5
629,CACAAACTCCCTCAGT,5,5
630,CACACAATCGAGCCCA,14,14
631,CACACAATCTGATACG,7,7
632,CACACCTAGCTAGTGG,7,7
633,CACACCTAGGAATCGC,9,9
634,CACACCTCAATGTTGC,11,11
635,CACACCTCACCGAAAG,4,4
636,CACACCTGTTCCACTC,6,6
637,CACACCTTCACTCTTA,6,6
638,CACACCTTCATCGGAT,8,7
639,CACACCTTCCTTCAAT,8,8
640,CACACTCAGCTGAAAT,8,7
641,CACACTCCACGTAAGG,4,4
642,CACACTCCACTATCTT,5,5
643,CACACTCGTCCATCCT,19,18
644,CACACTCTCCGCGCAA,27,27
645,CACAGGCAGACAGGCT,8,8
646,CACAGGCAGACCACGA,8,8
647,CACAGGCAGGGTGTTG,11,11
648,CACAGGCAGTGTTTGC,12,12
649,CACAGGCCATCACCCT,10,10
650,CACAGGCTCCAACCAA,4,4
651,CACAGGCTCCGATATG,11,11
652,CACAGTACAAAGTCAA,12,12
653,CACAGTACAATAGCAA,20,20
654,CACAGTACACACATGT,9,9
655,CACAGTAGTCATATCG,5,5
656,CACAGTAGTCGATTGT,7,7
657,CACATAGAGGTTCCTA,4,4
658,CACATAGCAGTCAGCC,12,13
659,CACATAGGTGCTAGCC,2,2
660,CACATAGGTTAAGAAC,6,6
661,CACATAGTCTCGGACG,7,7
662,CACATTTAGAAGGCCT,2,2
663,CACATTTAGCGTGAGT,17,17
664,CACATTTCAGTCACTA,9,9
665,CACATTTGTAAGAGGA,4,4
666,CACATTTGTAGCAAAT,20,20
667,CACATTTGTAGCTGCC,7,7
668,CACATTTTCAACACGT,10,10
669,CACATTTTCGCGCCAA,9,9
670,CACCACTAGATAGGAG,5,5
671,CACCACTCACCCATTC,5,5
672,CACCACTGTAGGCATG,6,6
673,CACCACTTCGAATGCT,5,5
674,CACCAGGAGAAGGTTT,17,17
675,CACCAGGCAAGGTTTC,5,5
676,CACCAGGCACATCTTT,7,7
677,CACCAGGCAGAGTGTG,4,4
678,CACCTTGCACTGTTAG,5,5
679,CACCTTGCATGATCCA,6,6
680,CACCTTGGTATATGGA,10,10
681,CACCTTGTCTACGAGT,7,7
682,CACTCCACAAGCTGAG,8,8
683,CACTCCACACCGTTGG,7,7
684,CACTCCACATTCACTT,10,10
685,CACTCCAGTAAGTGGC,14,14
686,CACTCCAGTAGCCTCG,5,5
687,CAGAATCAGTGATCGG,3,6
688,CAGAATCCAAAGCGGT,5,5
689,CAGAATCGTAGCGATG,29,29
690,CAGAATCGTTAGGGTG,4,4
691,CAGAATCTCCGAAGAG,7,7
692,CAGAGAGCAGGGAGAG,22,22
693,CAGAGAGCATTCCTGC,11,11
694,CAGAGAGGTTGTGGAG,12,12
695,CAGAGAGTCACGATGT,11,11
696,CAGATCAAGTAGGTGC,16,16
697,CAGATCAAGTCGAGTG,2,2
698,CAGATCAAGTGCGATG,10,10
699,CAGATCACAGGCTCAC,7,7
700,CAGATCAGTAGCTGCC,4,4
701,CAGATCAGTATCGCAT,9,9
702,CAGATCAGTTTGGGCC,2,2
703,CAGATCATCAAGGTAA,14,14
704,CAGCAGCCAGGGCATA,5,5
705,CAGCAGCTCAGAGACG,6,6
706,CAGCATAAGTGCTGCC,10,10
707,CAGCATACATGGTTGT,16,16
708,CAGCATAGTCCCGACA,10,10
709,CAGCCGAAGAGTCGGT,5,5
710,CAGCCGAAGCCTTGAT,5,5
711,CAGCCGAAGGAGTACC,6,6
712,CAGCCGAAGTCACGCC,9,9
713,CAGCCGAAGTGAAGAG,15,15
714,CAGCCGAAGTGAAGAG,15,4
715,CAGCCGAAGTGAAGAG,4,15
716,CAGCCGAAGTGAAGAG,4,4
717,CAGCCGAAGTGAAGTT,3,3
718,CAGCCGACACGTCTCT,17,17
719,CAGCCGACAGAGTGTG,20,20
720,CAGCCGAGTACAGTGG,14,14
721,CAGCCGAGTCTACCTC,20,20
722,CAGCCGATCCCTCAGT,7,8
723,CAGCCGATCGTAGGTT,4,4
724,CAGCCGATCTTACCTA,12,12
725,CAGCGACAGAAGATTC,8,8
726,CAGCGACAGTACGCGA,5,5
727,CAGCGACAGTATGACA,5,5
728,CAGCTAAAGACGCACA,7,7
729,CAGCTAAAGCTAGTCT,11,11
730,CAGCTAACACTGCCAG,4,4
731,CAGCTAACAGCGTAAG,12,13
732,CAGCTAACAGTACACT,12,11
733,CAGCTAAGTACCGGCT,16,17
734,CAGCTGGAGGAGTTTA,6,6
735,CAGCTGGAGTGCGATG,2,2
736,CAGCTGGGTAAGTGGC,5,5
737,CAGCTGGGTCATATGC,4,4
738,CAGCTGGTCGGTTCGG,15,15
739,CAGCTGGTCGTCCAGG,6,6
740,CAGCTGGTCGTTACAG,4,4
741,CAGCTGGTCTTACCGC,8,8
742,CAGGTGCAGCATGGCA,3,3
743,CAGGTGCCAAAGTGCG,14,14
744,CAGGTGCCAGGTTTCA,29,28
745,CAGGTGCTCTGCGGCA,5,5
746,CAGTAACAGTGTCCCG,10,10
747,CAGTAACGTCCCTTGT,11,11
748,CAGTAACTCACCCGAG,12,12
749,CAGTCCTAGAGCTGGT,9,9
750,CAGTCCTAGGTGCTAG,8,8
751,CAGTCCTAGTGTACGG,4,4
752,CAGTCCTCAGACACTT,4,4
753,CAGTCCTCATGCCACG,11,11
754,CAGTCCTGTCAGAATA,7,7
755,CAGTCCTGTGAGGCTA,3,3
756,CATATGGCAAGCGAGT,17,17
757,CATATGGTCTACTCAT,2,2
758,CATATTCAGGACAGCT,9,9
759,CATATTCTCACATACG,6,6
760,CATCAAGAGAATGTGT,14,14
761,CATCAAGAGGCTCATT,22,22
762,CATCAAGCAAGGTTTC,2,2
763,CATCAAGGTAGTACCT,8,8
764,CATCAAGTCCAAACAC,8,8
765,CATCAAGTCCTGTACC,7,7
766,CATCAGAAGACCTTTG,6,6
767,CATCAGAAGTATTGGA,5,5
768,CATCAGACATCGGAAG,16,16
769,CATCAGAGTACCTACA,15,15
770,CATCAGAGTCCAGTTA,17,17
771,CATCAGAGTTGTACAC,3,3
772,CATCAGATCCGCAAGC,4,4
773,CATCCACCATCGGGTC,18,17
774,CATCCACGTAGCGCTC,10,10
775,CATCCACGTCACTGGC,8,8
776,CATCCACTCACTTACT,7,7
777,CATCCACTCCACGCAG,3,3
778,CATCCACTCGTCCGTT,6,6
779,CATCCACTCTGATTCT,7,7
780,CATCCACTCTGCGACG,4,4
781,CATCGAAAGAGACGAA,12,12
782,CATCGAAAGCCAGAAC,9,9
783,CATCGAAAGGAACTGC,7,7
784,CATCGAAAGGAGCGTT,6,6
785,CATCGAAAGTACCGGA,15,15
786,CATCGAAAGTACGCGA,14,14
787,CATCGAACATTCACTT,7,7
788,CATCGAAGTCGGCATC,6,6
789,CATCGAATCTTGTCAT,4,4
790,CATCGGGAGTTAAGTG,6,6
791,CATCGGGGTGGGTCAA,15,15
792,CATCGGGTCAGTTAGC,2,2
793,CATCGGGTCGTGGTCG,2,2
794,CATGACAAGGGAACGG,3,3
795,CATGACACATCGACGC,6,6
796,CATGACATCTCGTATT,8,8
797,CATGCCTAGTGTACGG,2,2
798,CATGCCTGTACTCAAC,9,9
799,CATGCCTGTGAGGCTA,9,9
800,CATGCCTGTTAAGATG,8,8
801,CATGGCGCACCGTTGG,3,3
802,CATGGCGGTCAATGTC,11,11
803,CATTATCAGTAACCCT,3,3
804,CATTATCCACGCCAGT,3,3
805,CATTATCCAGATGAGC,7,7
806,CATTATCCAGCTTCGG,8,8
807,CATTATCCATGCAACT,16,16
808,CATTATCCATTAACCG,4,4
809,CATTATCGTAGCGCAA,12,12
810,CATTATCGTGCTGTAT,12,12
811,CATTATCTCATCTGTT,7,7
812,CATTCGCCATGCAACT,6,6
813,CATTCGCGTCGCATAT,2,2
814,CATTCGCTCAACGCTA,12,12
815,CATTCGCTCTTGCAAG,3,3
816,CCAATCCAGGCTACGA,4,5
817,CCAATCCAGTCTTGCA,10,10
818,CCAATCCGTCGGCTCA,13,13
819,CCAATCCGTTCGTGAT,8,8
820,CCACCTAAGTAGCGGT,8,8
821,CCACCTAGTCCCGACA,5,5
822,CCACCTAGTGCTCTTC,3,3
823,CCACCTAGTTGCTCCT,13,13
824,CCACGGACAAAGGAAG,8,8
825,CCACGGACACGAAGCA,4,4
826,CCACGGAGTGAGGGTT,4,4
827,CCACGGAGTGTTCTTT,5,5
828,CCACGGAGTTACTGAC,11,11
829,CCACGGATCCCTTGCA,17,14
830,CCACTACAGCCAGAAC,7,7
831,CCACTACAGTGTACTC,5,5
832,CCACTACCAAGTAATG,6,6
833,CCACTACGTTACCGAT,10,10
834,CCACTACTCAAGATCC,10,9
835,CCAGCGAAGCTAGTGG,9,9
836,CCAGCGAAGCTTATCG,4,4
837,CCAGCGAAGTACGATA,9,9
838,CCAGCGAAGTCGCCGT,8,8
839,CCAGCGACAGTATGCT,5,5
840,CCAGCGAGTATATGAG,4,4
841,CCAGCGATCAAAGTAG,6,6
842,CCAGCGATCCAAGTAC,23,23
843,CCAGCGATCCAATGGT,3,3
844,CCATGTCAGCGTGTCC,14,14
845,CCATGTCAGGATCGCA,10,10
846,CCATGTCCATTACGAC,15,15
847,CCATGTCGTACATCCA,9,9
848,CCATGTCTCAACGAAA,13,13
849,CCATGTCTCAAGAAGT,15,15
850,CCATGTCTCAGCGACC,11,11
851,CCATTCGAGATAGTCA,17,17
852,CCATTCGAGTACACCT,9,9
853,CCATTCGAGTATGACA,13,13
854,CCATTCGCAGCTGTTA,6,6
855,CCATTCGGTCCGCTGA,19,19
856,CCCAATCAGTCATCCA,12,12
857,CCCAATCCAAGTAGTA,5,10
858,CCCAATCCAAGTAGTA,5,5
859,CCCAATCCAAGTAGTA,10,10
860,CCCAATCCAAGTAGTA,10,5
861,CCCAATCCACATGACT,10,9
862,CCCAATCCATAGGATA,3,3
863,CCCAATCGTCATGCAT,17,17
864,CCCAATCGTTGTGGAG,5,5
865,CCCAATCTCCGGGTGT,5,5
866,CCCAGTTAGCCATCGC,9,9
867,CCCATACCACGAAGCA,4,4
868,CCCATACTCCGAGCCA,11,11
869,CCCTCCTAGTGTTAGA,3,3
870,CCCTCCTGTAATAGCA,4,4
871,CCGGGATAGCCCAATT,6,6
872,CCGGGATAGTCCGGTC,3,3
873,CCGGGATAGTGTACTC,6,6
874,CCGGGATTCATAAAGG,4,4
875,CCGGTAGAGGGCTTCC,12,12
876,CCGGTAGAGTTCCACA,7,7
877,CCGGTAGAGTTCGATC,7,7
878,CCGGTAGCAAGAGGCT,4,4
879,CCGGTAGGTGGCAAAC,15,15
880,CCGGTAGTCACCCGAG,6,6
881,CCGGTAGTCGCGATCG,12,12
882,CCGGTAGTCGGTGTCG,4,4
883,CCGTACTAGCGTGAAC,9,9
884,CCGTACTAGTTGAGAT,3,3
885,CCGTACTCATACGCTA,7,7
886,CCGTACTCATCAGTCA,3,3
887,CCGTACTGTATTAGCC,24,24
888,CCGTACTTCACTTACT,4,4
889,CCGTGGACATAGGATA,13,13
890,CCGTGGATCTCCGGTT,12,12
891,CCGTTCAAGCCATCGC,19,19
892,CCGTTCAAGTAGGTGC,24,25
893,CCGTTCAGTATAGTAG,10,10
894,CCGTTCAGTTCAGGCC,10,10
895,CCGTTCATCCATGCTC,13,13
896,CCGTTCATCCGCGCAA,27,27
897,CCGTTCATCTGCAAGT,4,4
898,CCTAAAGAGTACGACG,11,11
899,CCTAAAGGTGAGTGAC,8,8
900,CCTACACAGCCCAATT,5,5
901,CCTACACAGGTAAACT,8,8
902,CCTACACCAAAGAATC,10,10
903,CCTACACCAATCGAAA,2,2
904,CCTACACCACCGGAAA,8,8
905,CCTACACCATCACGAT,8,6
906,CCTACACGTCCGCTGA,9,9
907,CCTACACTCATTCACT,34,34
908,CCTACCAAGGTGGGTT,11,11
909,CCTACCACACAACGTT,13,13
910,CCTACCAGTCCTCTTG,4,4
911,CCTACCAGTGCACCAC,9,9
912,CCTAGCTAGGTTCCTA,9,9
913,CCTAGCTCACATAACC,5,5
914,CCTAGCTCAGTCGATT,18,18
915,CCTAGCTGTAACGACG,7,7
916,CCTAGCTGTAGCGCTC,3,3
917,CCTAGCTGTCTCATCC,8,8
918,CCTAGCTGTTAAGGGC,12,12
919,CCTAGCTTCAACCAAC,14,14
920,CCTATTAAGACAGGCT,7,7
921,CCTATTAAGGCGCTCT,3,3
922,CCTATTAAGGCTCAGA,5,5
923,CCTATTACAAGGCTCC,7,7
924,CCTATTACATCGTCGG,6,6
925,CCTATTAGTAGCTGCC,2,2
926,CCTATTAGTCTTCTCG,12,12
927,CCTATTATCAACCAAC,12,11
928,CCTCAGTAGGTGATAT,3,3
929,CCTCAGTCACGTCAGC,6,6
930,CCTCAGTCATCTCGCT,5,5
931,CCTCAGTGTAGCTCCG,20,20
932,CCTCAGTGTCAAAGCG,4,4
933,CCTCAGTGTCTAGCCG,4,4
934,CCTCAGTGTCTCATCC,13,14
935,CCTCAGTGTCTTGATG,6,6
936,CCTCAGTGTTGACGTT,38,37
937,CCTCTGAAGGCTAGCA,11,10
938,CCTCTGACAAAGCGGT,24,24
939,CCTCTGATCACCATAG,6,6
940,CCTTACGAGCTGAACG,5,5
941,CCTTACGGTAAACGCG,8,8
942,CCTTACGGTCTCATCC,8,8
943,CCTTACGGTCTGCGGT,8,8
944,CCTTACGTCCGCAGTG,1,1
945,CCTTACGTCGCCTGTT,6,6
946,CCTTACGTCTCGCTTG,4,4
947,CCTTCCCCAGTCCTTC,9,10
948,CCTTCCCGTCAACATC,6,6
949,CCTTCGAAGTGGGTTG,8,8
950,CCTTCGACATGTCGAT,8,8
951,CCTTCGAGTAAACACA,11,11
952,CCTTCGAGTAAGGATT,12,12
953,CCTTCGAGTTAAGTAG,11,11
954,CCTTCGATCTAGCACA,8,8
955,CCTTTCTCACTGTTAG,6,6
956,CCTTTCTCATCGGACC,6,6
957,CGAACATCACTTAACG,8,8
958,CGAACATTCAGGCAAG,4,4
959,CGAACATTCTCTAAGG,21,21
960,CGAATGTAGTGGGTTG,10,10
961,CGAATGTTCAGGCCCA,6,6
962,CGAATGTTCTACTATC,15,15
963,CGACCTTAGAGGTTAT,15,15
964,CGACCTTAGATGGCGT,5,5
965,CGACCTTCAAAGGAAG,6,6
966,CGACCTTGTCGAACAG,7,7
967,CGACCTTGTGATGATA,10,10
968,CGACCTTGTGCAACGA,4,4
969,CGACCTTTCCGCATAA,1,1
970,CGACCTTTCCTAAGTG,1,1
971,CGACCTTTCTGCTTGC,19,19
972,CGACTTCAGACCTTTG,2,2
973,CGACTTCCAGAAGCAC,6,6
974,CGACTTCCAGTGGGAT,3,3
975,CGACTTCGTATAGTAG,14,14
976,CGACTTCGTTCAACCA,8,8
977,CGAGAAGCACGAAATA,7,6
978,CGAGAAGCACGGTAGA,12,12
979,CGAGAAGCATAGTAAG,7,7
980,CGAGAAGCATTCCTGC,10,11
981,CGAGAAGGTTCTGAAC,6,6
982,CGAGAAGTCAACACTG,5,5
983,CGAGAAGTCTGGTATG,15,15
984,CGAGCACAGACAATAC,9,9
985,CGAGCACAGCTGTTCA,9,9
986,CGAGCACCAGCCAGAA,3,3
987,CGAGCACCAGGGTTAG,4,4
988,CGAGCACGTGTCGCTG,16,16
989,CGAGCACGTTTGTTTC,11,11
990,CGAGCACTCTATCGCC,15,15
991,CGAGCCAAGGATCGCA,19,19
992,CGAGCCAAGTAGCGGT,6,6
993,CGAGCCACACGGTTTA,13,13
994,CGAGCCACAGCTTCGG,2,2
995,CGATCGGAGACGCTTT,3,3
996,CGATCGGAGTCGATAA,6,6
997,CGATCGGCACGTAAGG,12,12
998,CGATCGGCATAACCTG,5,5
999,CGATCGGGTGGGTATG,15,15
1000,CGATCGGTCGAATGGG,6,6
1001,CGATGGCAGTCTCCTC,9,9
1002,CGATGGCAGTGAATTG,12,12
1003,CGATGGCCAAACAACA,3,3
1004,CGATGGCCAGACGTAG,12,12
1005,CGATGGCCAGCTGTGC,10,10
1006,CGATGGCGTCTGGTCG,12,12
1007,CGATGTAAGAGCTATA,3,3
1008,CGATGTAAGTGTCTCA,3,3
1009,CGATGTATCATGCTCC,26,26
1010,CGATTGAAGGGATACC,8,8
1011,CGATTGAAGTAGGTGC,10,10
1012,CGATTGACAAGACACG,22,22
1013,CGATTGACAAGTTGTC,13,13
1014,CGATTGACACCGAATT,12,12
1015,CGCCAAGAGCTCCCAG,1,1
1016,CGCCAAGAGGCGACAT,8,8
1017,CGCCAAGCAGCAGTTT,9,9
1018,CGCCAAGTCCTTTCTC,6,6
1019,CGCCAAGTCGGCATCG,18,18
1020,CGCCAAGTCGTATCAG,2,2
1021,CGCGGTAAGGGTTTCT,2,2
1022,CGCGGTACACTTCGAA,7,7
1023,CGCGGTAGTAGCGATG,10,10
1024,CGCGGTAGTCATGCAT,8,8
1025,CGCGGTAGTGACAAAT,10,11
1026,CGCGGTAGTTCCCTTG,3,2
1027,CGCGGTAGTTTGTTTC,16,16
1028,CGCGTTTAGGTGGGTT,2,2
1029,CGCGTTTCATCTCCCA,8,8
1030,CGCGTTTGTAAACCTC,5,5
1031,CGCGTTTTCAAGGCTT,6,6
1032,CGCTATCAGTCCAGGA,8,8
1033,CGCTATCCACACATGT,2,2
1034,CGCTATCGTCATACTG,21,21
1035,CGCTGGACAGCAGTTT,4,4
1036,CGCTTCAAGACAGGCT,8,8
1037,CGCTTCAAGCCCTAAT,20,20
1038,CGCTTCAAGCTACCTA,6,6
1039,CGCTTCACACACATGT,8,8
1040,CGCTTCACATCACAAC,14,14
1041,CGCTTCAGTTAAAGAC,19,19
1042,CGGACACAGCAGCCTC,8,8
1043,CGGACACAGCAGCCTC,8,3
1044,CGGACACAGCAGCCTC,3,8
1045,CGGACACAGCAGCCTC,3,3
1046,CGGACACAGGAGTTTA,7,2
1047,CGGACACCATTACGAC,5,5
1048,CGGACACGTACGACCC,5,5
1049,CGGACACGTAGGGACT,12,12
1050,CGGACACGTGAAGGCT,17,17
1051,CGGACACGTTTCCACC,11,11
1052,CGGACGTAGTGCCAGA,8,8
1053,CGGACGTCAGGAATGC,9,9
1054,CGGACGTGTTAGAACA,5,5
1055,CGGACGTTCCGTCATC,8,8
1056,CGGACGTTCTCAACTT,6,6
1057,CGGACTGAGCACCGCT,7,7
1058,CGGACTGCAAGCCTAT,4,4
1059,CGGACTGCAATCCAAC,4,4
1060,CGGAGCTAGGTGACCA,6,6
1061,CGGAGCTAGTGAAGAG,2,2
1062,CGGAGCTCATAGGATA,2,2
1063,CGGAGCTGTTAAGATG,7,7
1064,CGGAGCTGTTCTGGTA,4,4
1065,CGGAGCTTCCGGGTGT,4,4
1066,CGGAGTCCACGGTAGA,16,16
1067,CGGAGTCCAGTAACGG,12,12
1068,CGGAGTCCATCGGACC,9,9
1069,CGGAGTCGTAAGAGGA,12,12
1070,CGGAGTCGTCACTTCC,6,6
1071,CGGAGTCGTTGGAGGT,14,14
1072,CGGCTAGAGATCGATA,5,5
1073,CGGCTAGAGGACATTA,12,12
1074,CGGCTAGGTATGAATG,10,10
1075,CGGCTAGTCCGATATG,12,12
1076,CGGGTCAAGAAGATTC,3,3
1077,CGGGTCAAGGCCCTTG,7,7
1078,CGGGTCAAGTTGTAGA,11,11
1079,CGGGTCACACACTGCG,8,8
1080,CGGGTCAGTACCGCTG,7,7
1081,CGGGTCAGTAGGCTGA,7,7
1082,CGGGTCATCAGGTTCA,11,10
1083,CGGGTCATCGCCGTGA,10,10
1084,CGGTTAAAGTACGTTC,6,6
1085,CGGTTAACAATGTAAG,8,8
1086,CGGTTAACACCAGGCT,10,10
1087,CGGTTAAGTAGCGCAA,11,11
1088,CGGTTAAGTCTAGTGT,9,9
1089,CGGTTAAGTGTCTGAT,14,14
1090,CGGTTAATCAACTCTT,4,4
1091,CGGTTAATCTTGTACT,9,9
1092,CGTAGCGAGAATGTTG,5,5
1093,CGTAGCGCATCCGCGA,10,10
1094,CGTAGCGGTAAAGGAG,3,3
1095,CGTAGCGTCCAAACTG,18,18
1096,CGTAGGCAGCGATTCT,6,6
1097,CGTAGGCGTGAGTATA,13,13
1098,CGTCACTCACCAGGTC,8,8
1099,CGTCACTGTTCGTGAT,16,16
1100,CGTCAGGAGACTGTAA,10,10
1101,CGTCAGGCAGCCTGTG,4,4
1102,CGTCAGGGTAGCGCAA,16,16
1103,CGTCAGGGTCTCAACA,12,11
1104,CGTCAGGGTCTCAACA,12,4
1105,CGTCAGGGTCTCAACA,4,11
1106,CGTCAGGGTCTCAACA,4,4
1107,CGTCCATAGAAGAAGC,9,9
1108,CGTCCATAGGCGTACA,5,5
1109,CGTCCATAGGTAGCCA,18,18
1110,CGTCCATAGTGGTAAT,5,5
1111,CGTCCATCAAGTTGTC,12,12
1112,CGTCCATGTCCATGAT,9,9
1113,CGTCCATTCGGCGCAT,4,4
1114,CGTCTACAGACACTAA,10,10
1115,CGTCTACAGAGACGAA,5,5
1116,CGTCTACAGCGTCTAT,10,10
1117,CGTCTACAGGCGATAC,6,6
1118,CGTCTACCAGGGTTAG,13,13
1119,CGTCTACCAGTCGTGC,4,4
1120,CGTCTACCATAAAGGT,16,16
1121,CGTCTACCATTGTGCA,11,11
1122,CGTCTACGTAGTAGTA,9,9
1123,CGTCTACGTTCGGCAC,9,9
1124,CGTCTACTCTCTGCTG,15,15
1125,CGTGAGCAGATGCCTT,6,6
1126,CGTGAGCCAAATACAG,5,5
1127,CGTGAGCCAGACAGGT,3,3
1128,CGTGAGCCATGGTAGG,12,12
1129,CGTGAGCGTCTAAAGA,25,25
1130,CGTGTAAAGAAGGCCT,7,8
1131,CGTGTAAAGCGATAGC,3,3
1132,CGTGTAAAGCTAGGCA,7,7
1133,CGTGTAAAGTACTTGC,3,3
1134,CGTGTAATCCGCTGTT,5,5
1135,CGTGTAATCTGTACGA,15,15
1136,CGTGTAATCTTGTCAT,15,15
1137,CGTGTCTAGATCACGG,4,4
1138,CGTGTCTAGCCTTGAT,9,9
1139,CGTGTCTGTAATTGGA,23,23
1140,CGTGTCTGTTAGGGTG,8,8
1141,CGTTAGAGTAGCGTCC,2,2
1142,CGTTAGAGTCTACCTC,13,13
1143,CGTTCTGAGAGTCGGT,11,11
1144,CGTTCTGAGGCAAAGA,6,6
1145,CGTTCTGGTCTCACCT,2,2
1146,CGTTCTGTCAGTGTTG,2,2
1147,CGTTCTGTCTGTCTAT,7,7
1148,CGTTGGGAGAATCTCC,3,3
1149,CGTTGGGCAGGTGGAT,6,6
1150,CGTTGGGCATGTTGAC,15,15
1151,CGTTGGGGTGTTGAGG,4,4
1152,CGTTGGGTCAACGGGA,9,9
1153,CGTTGGGTCTCTAGGA,5,5
1154,CTAACTTAGCCTCGTG,8,8
1155,CTAACTTAGTCGTACT,7,7
1156,CTAACTTAGTGCGATG,12,12
1157,CTAACTTCAATGAAAC,2,2
1158,CTAACTTGTACTCAAC,7,7
1159,CTAAGACAGGTAGCCA,4,4
1160,CTAAGACAGTTCCACA,11,11
1161,CTAAGACCAGATCGGA,12,12
1162,CTAAGACGTGATGTGG,10,9
1163,CTAAGACTCTGCTTGC,12,12
1164,CTAATGGAGTGGCACA,6,6
1165,CTAATGGAGTGGTAGC,2,2
1166,CTAATGGTCACCTCGT,5,5
1167,CTACACCCAACTGCGC,7,7
1168,CTACACCCAGGTGGAT,10,10
1169,CTACACCGTCCTCCAT,11,11
1170,CTACACCGTCTCCCTA,14,14
1171,CTACACCTCGCTTAGA,24,24
1172,CTACATTTCATCGGAT,6,6
1173,CTACATTTCATTGCGA,4,4
1174,CTACATTTCCTTAATC,8,8
1175,CTACCCAAGAATCTCC,9,9
1176,CTACCCATCATAGCAC,8,8
1177,CTACCCATCCATGCTC,6,6
1178,CTACGTCAGGGTATCG,5,5
1179,CTACGTCAGTAACCCT,4,4
1180,CTACGTCCAACGATCT,17,17
1181,CTACGTCCACCGCTAG,13,13
1182,CTACGTCTCATCGGAT,10,10
1183,CTAGAGTAGTATTGGA,9,9
1184,CTAGAGTAGTTAAGTG,3,3
1185,CTAGAGTCACGGTAGA,15,15
1186,CTAGAGTCAGCGTCCA,13,13
1187,CTAGAGTCAGTATAAG,6,6
1188,CTAGAGTTCGTTGACA,10,10
1189,CTAGAGTTCTGCAAGT,14,14
1190,CTAGCCTGTCCTCTTG,14,14
1191,CTAGCCTGTCGGCATC,7,7
1192,CTAGCCTGTTTGCATG,2,2
1193,CTAGCCTTCAGTTAGC,8,8
1194,CTAGTGAAGAGTCTGG,10,10
1195,CTAGTGAAGCCGTCGT,4,4
1196,CTAGTGACACCTCGGA,7,7
1197,CTAGTGAGTACGCTGC,4,4
1198,CTAGTGAGTTACGTCA,12,12
1199,CTCACACAGCGCTCCA,16,16
1200,CTCACACAGTTCGCGC,7,7
1201,CTCACACCAAGGACTG,4,4
1202,CTCACACCACCTGGTG,10,10
1203,CTCACACCAGACGCAA,4,4
1204,CTCACACGTTGTGGAG,4,4
1205,CTCACACTCCGCATAA,5,5
1206,CTCAGAAAGACTGGGT,11,11
1207,CTCAGAAAGATTACCC,20,20
1208,CTCAGAACAAGTACCT,17,17
1209,CTCAGAAGTTCGGCAC,8,8
1210,CTCATTACACTTCGAA,16,16
1211,CTCATTACAGTGGAGT,17,17
1212,CTCATTACATAGTAAG,2,2
1213,CTCATTAGTTAAAGTG,10,10
1214,CTCATTATCCACGTGG,22,22
1215,CTCATTATCTAAGCCA,9,11
1216,CTCCTAGAGGCCCTTG,18,18
1217,CTCCTAGAGGGCTTCC,2,4
1218,CTCCTAGAGGGCTTCC,2,2
1219,CTCCTAGAGGGCTTCC,4,4
1220,CTCCTAGAGGGCTTCC,4,2
1221,CTCCTAGCACGCATCG,4,4
1222,CTCCTAGCATCCGGGT,5,5
1223,CTCCTAGGTTCAGCGC,6,6
1224,CTCGAAAAGCCTCGTG,13,13
1225,CTCGAAACAAAGGCGT,4,4
1226,CTCGAAACACAGGAGT,7,7
1227,CTCGAAACACATCCAA,8,8
1228,CTCGAAACACATGTGT,8,8
1229,CTCGAAAGTATATGGA,10,10
1230,CTCGAGGGTACAGTGG,11,11
1231,CTCGAGGGTAGAGCTG,4,4
1232,CTCGAGGGTCCAAGTT,23,23
1233,CTCGAGGGTGGCCCTA,4,4
1234,CTCGAGGGTTGAACTC,5,5
1235,CTCGGAGCACAAGTAA,9,9
1236,CTCGGAGCACTTACGA,8,8
1237,CTCGGAGCATTGGTAC,3,3
1238,CTCGGAGCATTGGTAC,3,4
1239,CTCGGAGCATTGGTAC,4,3
1240,CTCGGAGCATTGGTAC,4,4
1241,CTCGGAGGTATTAGCC,4,4
1242,CTCGGGAAGACAATAC,4,4
1243,CTCGGGAAGACTTTCG,5,5
1244,CTCGGGACACCCATTC,5,5
1245,CTCGGGACACTTGGAT,11,11
1246,CTCGGGACATGTTCCC,8,8
1247,CTCGGGAGTCAACTGT,5,5
1248,CTCGGGAGTCGGCTCA,7,7
1249,CTCGGGAGTCTAGTGT,3,3
1250,CTCGGGAGTTAGTGGG,5,5
1251,CTCGGGATCAGTTTGG,6,6
1252,CTCGGGATCCCTAACC,5,5
1253,CTCGGGATCCTCATTA,7,7
1254,CTCGGGATCTGAGTGT,3,3
1255,CTCGTACAGCGATAGC,12,12
1256,CTCGTACAGTTATCGC,11,11
1257,CTCGTACCAGGTGGAT,6,6
1258,CTCGTACCATCGACGC,3,3
1259,CTCGTCAAGTCGAGTG,2,2
1260,CTCGTCAAGTGATCGG,6,6
1261,CTCGTCACATTAGGCT,6,6
1262,CTCGTCAGTATCACCA,6,6
1263,CTCGTCAGTCCAGTAT,11,10
1264,CTCTAATAGGTGTGGT,2,2
1265,CTCTAATGTAGAAAGG,3,3
1266,CTCTAATGTTAGATGA,3,3
1267,CTCTAATTCCAATGGT,19,19
1268,CTCTACGAGACACTAA,6,6
1269,CTCTACGAGTCTCCTC,13,13
1270,CTCTACGCACATTCGA,5,5
1271,CTCTACGGTGCAGACA,15,15
1272,CTCTACGGTTGTGGCC,10,10
1273,CTCTACGTCACGCGGT,5,5
1274,CTCTGGTCAGGCGATA,10,10
1275,CTCTGGTCAGTGAGTG,12,12
1276,CTCTGGTGTTATCGGT,4,4
1277,CTCTGGTTCCGGCACA,4,4
1278,CTCTGGTTCTCTTGAT,10,10
1279,CTGAAACAGAGACGAA,5,5
1280,CTGAAACCAAACGCGA,4,4
1281,CTGAAACCAATCCGAT,6,6
1282,CTGAAACGTAACGTTC,4,4
1283,CTGAAACGTACAGTTC,6,6
1284,CTGAAACGTACATGTC,6,6
1285,CTGAAGTCACTTCGAA,6,6
1286,CTGAAGTGTGCGCTTG,11,11
1287,CTGAAGTTCCACGTTC,4,4
1288,CTGAAGTTCGTTTAGG,7,7
1289,CTGAAGTTCTCCTATA,6,6
1290,CTGATAGAGCCACTAT,5,5
1291,CTGATAGCAAGAGGCT,17,17
1292,CTGATAGGTGAAATCA,7,7
1293,CTGATAGTCCACGAAT,23,23
1294,CTGATAGTCGTAGGTT,7,7
1295,CTGATAGTCTGCGGCA,6,6
1296,CTGATCCAGATGTGTA,15,15
1297,CTGATCCCAAATCCGT,16,16
1298,CTGATCCGTGGAAAGA,11,11
1299,CTGATCCGTTATCCGA,6,6
1300,CTGATCCGTTGACGTT,5,5
1301,CTGATCCTCAGTTGAC,4,4
1302,CTGATCCTCGGCCGAT,4,4
1303,CTGCCTAAGTAGCGGT,9,9
1304,CTGCCTAGTACACCGC,14,14
1305,CTGCCTATCATGTAGC,8,8
1306,CTGCGGAAGTCCGGTC,13,13
1307,CTGCGGACAAGCCTAT,10,10
1308,CTGCGGACAGCGATCC,7,7
1309,CTGCGGAGTGAGCGAT,31,31
1310,CTGCGGAGTTTGTTTC,14,14
1311,CTGCGGATCATGCAAC,9,9
1312,CTGCTGTAGTGGAGTC,12,12
1313,CTGCTGTTCTATGTGG,9,8
1314,CTGGTCTAGGCAGTCA,5,5
1315,CTGGTCTGTAGCTAAA,13,13
1316,CTGGTCTGTCAAGCGA,8,8
1317,CTGGTCTTCCAAACTG,8,8
1318,CTGTGCTGTACGCTGC,5,5
1319,CTGTGCTTCCCAAGTA,9,10
1320,CTGTTTAAGGCCCGTT,7,7
1321,CTGTTTACAAGTTGTC,6,6
1322,CTGTTTACACTGAAGG,8,8
1323,CTGTTTACATCACGAT,13,13
1324,CTGTTTACATCCAACA,3,3
1325,CTGTTTAGTCCAGTTA,4,4
1326,CTGTTTAGTCCGTTAA,9,9
1327,CTGTTTATCTTGGGTA,10,10
1328,CTTAACTAGGGATACC,4,4
1329,CTTAACTCAACGCACC,15,15
1330,CTTAACTCACCACGTG,10,10
1331,CTTACCGAGAAAGTGG,21,21
1332,CTTACCGTCAGTCCCT,2,2
1333,CTTAGGAAGCCAGAAC,16,16
1334,CTTAGGACACGTCAGC,10,10
1335,CTTAGGACATGCCTTC,4,4
1336,CTTAGGACATGTCCTC,3,3
1337,CTTCTCTAGATGTAAC,12,12
1338,CTTCTCTCACCAGATT,8,8
1339,CTTCTCTGTACATCCA,6,5
1340,CTTCTCTTCTACGAGT,5,5
1341,CTTCTCTTCTCAAACG,8,8
1342,CTTGGCTGTCCGAGTC,8,8
1343,CTTGGCTGTCTCTCGT,15,15
1344,CTTGGCTGTTACTGAC,10,10
1345,CTTGGCTGTTGTGGCC,13,13
1346,CTTGGCTTCAAGAAGT,31,30
1347,CTTGGCTTCCACGCAG,6,6
1348,CTTGGCTTCTGGGCCA,12,12
1349,CTTTGCGAGAGCCTAG,5,5
1350,CTTTGCGGTAAGTTCC,5,5
1351,CTTTGCGTCCGGCACA,6,6
1352,GAAACTCAGACGACGT,5,5
1353,GAAACTCCAAGCTGGA,5,5
1354,GAAACTCCACGAGAGT,4,5
1355,GAAACTCCAGACGCCT,7,6
1356,GAAACTCGTATATCCG,11,11
1357,GAAACTCGTGCAACTT,8,8
1358,GAAATGAAGACCACGA,19,19
1359,GAAATGACATACCATG,18,18
1360,GAAATGAGTGAGGCTA,13,13
1361,GAAATGAGTGCGATAG,18,18
1362,GAAATGAGTTGCGCAC,8,8
1363,GAAATGATCAAACAAG,6,6
1364,GAAATGATCCGGCACA,11,11
1365,GAAATGATCGTAGGAG,15,15
1366,GAACATCAGGACGAAA,7,7
1367,GAACATCAGGGAGTAA,6,6
1368,GAACATCCACGTCAGC,13,13
1369,GAACATCCAGCCAGAA,7,7
1370,GAACATCGTTGCGCAC,5,5
1371,GAACCTAGTTGCGTTA,22,22
1372,GAACCTATCAACACCA,40,40
1373,GAACCTATCAGCTCTC,15,15
1374,GAACCTATCCGTTGTC,8,8
1375,GAACGGACATTCTCAT,14,14
1376,GAACGGAGTGCTAGCC,5,5
1377,GAACGGATCCAATGGT,15,15
1378,GAAGCAGTCCTGCAGG,17,17
1379,GAAGCAGTCTCGCATC,20,20
1380,GAATAAGAGCTAACAA,20,20
1381,GAATAAGAGGGCACTA,10,10
1382,GAATAAGAGTTGAGTA,13,13
1383,GAATAAGCAGATGAGC,24,24
1384,GAATAAGCAGCTCGAC,6,6
1385,GAATAAGTCAAGATCC,15,15
1386,GAATAAGTCACCATAG,44,43
1387,GAATAAGTCCAAATGC,12,12
1388,GAATAAGTCTTGACGA,24,24
1389,GAATGAAAGCTCCTTC,3,3
1390,GAATGAAAGGCGTACA,10,10
1391,GAATGAACACATTAGC,3,3
1392,GAATGAATCGCCAGCA,13,13
1393,GACACGCGTCCGAATT,11,11
1394,GACACGCGTGACTACT,5,5
1395,GACACGCGTGATGTCT,4,4
1396,GACACGCTCGCCATAA,12,12
1397,GACAGAGCAGTGAGTG,23,23
1398,GACAGAGTCAGGCAAG,3,3
1399,GACAGAGTCCACGCAG,5,5
1400,GACAGAGTCGCCATAA,20,20
1401,GACCAATAGCCCAACC,15,15
1402,GACCAATCAGTCAGAG,16,16
1403,GACCAATGTAAATGAC,4,4
1404,GACCAATGTCTTGATG,12,12
1405,GACCAATGTTTAGCTG,13,13
1406,GACCTGGCAGACGCAA,12,12
1407,GACCTGGGTAAATACG,5,5
1408,GACCTGGGTAGCCTAT,5,5
1409,GACCTGGGTTTCGCTC,10,10
1410,GACCTGGTCACGCATA,6,6
1411,GACCTGGTCCATGAAC,6,6
1412,GACCTGGTCGTCCAGG,11,11
1413,GACCTGGTCGTCTGAA,9,9
1414,GACCTGGTCTGTTGAG,16,16
1415,GACGCGTCAAGCCCAC,13,13
1416,GACGCGTCACTTGGAT,7,7
1417,GACGCGTGTCACCTAA,4,4
1418,GACGCGTTCACCTTAT,7,7
1419,GACGCGTTCCATTCTA,12,12
1420,GACGCGTTCCGTAGGC,5,5
1421,GACGGCTAGATGAGAG,5,5
1422,GACGGCTAGTCCATAC,10,10
1423,GACGGCTTCGAGAGCA,4,4
1424,GACGTGCAGAGCTATA,18,18
1425,GACGTGCAGCTACCTA,6,6
1426,GACGTGCAGCTGCCCA,5,5
1427,GACGTGCCACATGACT,9,9
1428,GACGTGCCACTTACGA,2,2
1429,GACGTGCCATGCTGGC,11,11
1430,GACGTGCGTGACGGTA,6,6
1431,GACGTGCGTGTGTGCC,11,11
1432,GACGTGCTCACCTCGT,14,14
1433,GACGTTAAGGCAAAGA,5,5
1434,GACGTTAAGGCTATCT,5,5
1435,GACGTTAGTTCTGAAC,5,5
1436,GACGTTATCCGAACGC,5,5
1437,GACTAACCAACGATGG,11,11
1438,GACTAACGTAAAGTCA,10,10
1439,GACTAACGTCCGAACC,11,11
1440,GACTAACGTCTAGCCG,4,4
1441,GACTAACTCCATGAAC,19,19
1442,GACTAACTCTTGGGTA,13,13
1443,GACTACAAGTACATGA,7,7
1444,GACTACACAAAGCAAT,12,12
1445,GACTACACAAGCCATT,2,2
1446,GACTACACAGTACACT,6,6
1447,GACTACAGTACAGCAG,2,2
1448,GACTACAGTCCCGACA,7,7
1449,GACTACAGTCTTGCGG,4,4
1450,GACTACATCCTAGAAC,5,5
1451,GACTGCGAGAGAACAG,7,7
1452,GACTGCGAGTGTACCT,13,13
1453,GACTGCGCAAATTGCC,14,14
1454,GACTGCGCACCAGGTC,5,13
1455,GACTGCGCACCAGGTC,5,6
1456,GACTGCGCACCAGGTC,14,13
1457,GACTGCGCACCAGGTC,14,6
1458,GACTGCGCATATGAGA,14,14
1459,GACTGCGCATTGGTAC,17,17
1460,GACTGCGGTACCGTAT,12,12
1461,GACTGCGGTCGGATCC,6,6
1462,GACTGCGGTTCCGGCA,4,4
1463,GAGCAGAAGACTAGGC,3,3
1464,GAGCAGAAGATCTGAA,19,19
1465,GAGCAGAAGGGAACGG,6,6
1466,GAGCAGACACTTGGAT,2,2
1467,GAGCAGACATGCCACG,7,7
1468,GAGCAGAGTACCGGCT,19,19
1469,GAGCAGAGTAGTAGTA,12,12
1470,GAGCAGAGTGCGATAG,6,6
1471,GAGCAGAGTTTGTGTG,12,12
1472,GAGCAGATCATTGCGA,8,8
1473,GAGGTGAAGCCAGGAT,7,7
1474,GAGGTGAAGCCCGAAA,15,15
1475,GAGGTGAAGCGATGAC,5,5
1476,GAGGTGACAAGAGGCT,13,13
1477,GAGGTGACAAGCCATT,4,4
1478,GAGGTGACACTTGGAT,8,8
1479,GAGGTGACATGACGGA,6,6
1480,GAGGTGACATGCAACT,8,8
1481,GAGGTGAGTACCGCTG,4,4
1482,GAGGTGAGTCCAGTTA,8,8
1483,GAGGTGAGTCTTCAAG,9,9
1484,GAGGTGATCACTCTTA,16,16
1485,GAGGTGATCCGCGTTT,6,6
1486,GAGGTGATCGAATGCT,4,4
1487,GAGGTGATCTGAAAGA,15,16
1488,GAGTCCGAGCTAGCCC,11,11
1489,GAGTCCGCACGGTAGA,9,9
1490,GAGTCCGTCGAATGGG,10,10
1491,GAGTCCGTCTGCGGCA,10,10
1492,GATCAGTAGTGTACCT,11,11
1493,GATCAGTCAAACTGCT,4,4
1494,GATCAGTCACATCTTT,10,10
1495,GATCAGTCATACGCTA,5,5
1496,GATCAGTGTACCAGTT,5,5
1497,GATCAGTGTACCGGCT,8,7
1498,GATCAGTGTACCGGCT,8,9
1499,GATCAGTGTACCGGCT,8,7
1500,GATCAGTGTACCGGCT,8,9
1501,GATCAGTGTACCTACA,8,8
1502,GATCAGTTCGGCTTGG,8,8
1503,GATCGATAGATGTGTA,9,9
1504,GATCGATAGTCCTCCT,10,10
1505,GATCGATCAGGAATCG,9,9
1506,GATCGATGTCCCTACT,5,5
1507,GATCGATGTCCGAAGA,16,16
1508,GATCGATGTGTTTGTG,2,2
1509,GATCGATTCGCACTCT,14,14
1510,GATCGATTCGGGAGTA,3,3
1511,GATCGATTCTGGAGCC,10,10
1512,GATCGCGCACTCGACG,4,4
1513,GATCGCGGTTTCGCTC,8,8
1514,GATCGTAAGTACGTTC,13,13
1515,GATCGTACAATGTAAG,12,12
1516,GATCGTACATCACGAT,8,8
1517,GATCGTAGTCTGATTG,6,6
1518,GATCGTAGTTCGGGCT,4,4
1519,GATCGTATCCGGCACA,2,2
1520,GATCGTATCTGCTGTC,4,4
1521,GATGAAAGTCAGAATA,11,11
1522,GATGAAAGTGTGGTTT,6,6
1523,GATGAAATCCCAAGAT,5,5
1524,GATGAGGCAGCTCCGA,14,14
1525,GATGAGGGTCACTGGC,7,7
1526,GATGAGGGTCGCGAAA,6,6
1527,GATGAGGGTTCCACTC,4,4
1528,GATGAGGTCCGTCAAA,6,6
1529,GATGAGGTCTAACTGG,14,14
1530,GATGAGGTCTAGCACA,18,19
1531,GATGCTAAGAAGGACA,8,9
1532,GATGCTAAGCGTAATA,5,5
1533,GATGCTACAAGCCATT,3,3
1534,GATGCTACAGATCGGA,9,9
1535,GATGCTACAGATCGGA,9,3
1536,GATGCTACAGATCGGA,3,9
1537,GATGCTACAGATCGGA,3,3
1538,GATGCTAGTAAGAGGA,4,4
1539,GATGCTATCCACGTGG,10,10
1540,GATGCTATCGCGCCAA,4,4
1541,GATGCTATCTATCGCC,8,8
1542,GATTCAGAGTCCAGGA,3,3
1543,GATTCAGCAGATGGGT,5,5
1544,GATTCAGTCAGTTCGA,5,6
1545,GCAAACTAGATCGGGT,11,11
1546,GCAAACTCAACCGCCA,7,7
1547,GCAAACTCAATCGAAA,26,26
1548,GCAAACTGTGTGCCTG,20,20
1549,GCAAACTGTTCATGGT,8,8
1550,GCAAACTTCATGTAGC,7,7
1551,GCAATCAAGAGAGCTC,9,9
1552,GCAATCAAGGCTAGGT,11,11
1553,GCAATCACAGCGTAAG,3,3
1554,GCAATCACAGGACGTA,12,13
1555,GCAATCAGTCCAAGTT,11,11
1556,GCAATCATCTTGAGAC,6,6
1557,GCACATAAGGCCCTCA,5,5
1558,GCACATAAGTAGGTGC,3,3
1559,GCACATATCCTATTCA,10,10
1560,GCACTCTGTTCTGAAC,7,7
1561,GCACTCTGTTTAGGAA,5,5
1562,GCACTCTTCCTTGCCA,8,8
1563,GCAGCCACAATCCGAT,10,10
1564,GCAGCCAGTACGCACC,7,6
1565,GCAGCCAGTTCGTCTC,5,5
1566,GCAGCCATCAGCATGT,10,10
1567,GCAGTTAAGAATTGTG,4,4
1568,GCAGTTAAGTTGAGTA,15,15
1569,GCAGTTACAATCTACG,2,4
1570,GCAGTTACACAGGCCT,9,9
1571,GCAGTTACATTAGCCA,13,13
1572,GCAGTTAGTCCAACTA,11,11
1573,GCAGTTATCGGAGGTA,8,8
1574,GCAGTTATCTGATTCT,8,8
1575,GCATACAAGACTCGGA,10,10
1576,GCATACACAATTGCTG,5,5
1577,GCATACAGTTCCATGA,4,4
1578,GCATGATAGAAGGTGA,16,16
1579,GCATGATAGAAGGTTT,5,5
1580,GCATGATCAAGACGTG,1,1
1581,GCATGATCATAGACTC,22,22
1582,GCATGATGTCCGAAGA,4,4
1583,GCATGCGAGATGGCGT,6,6
1584,GCATGCGAGGTCGGAT,15,15
1585,GCATGCGAGTATGACA,8,8
1586,GCATGCGGTCTCCCTA,4,4
1587,GCATGCGGTGTAAGTA,14,14
1588,GCATGCGTCCCTCTTT,3,3
1589,GCATGTAAGGCTCATT,5,5
1590,GCATGTAAGTAGGCCA,3,3
1591,GCATGTACACAAGTAA,7,8
1592,GCATGTAGTCCTAGCG,9,9
1593,GCATGTATCTCTTGAT,11,11
1594,GCCAAATAGTCGAGTG,7,7
1595,GCCAAATCAAAGTCAA,7,7
1596,GCCAAATCAATTCCTT,24,24
1597,GCCAAATCACTAAGTC,9,8
1598,GCCAAATCATAAAGGT,6,6
1599,GCCAAATGTACGCTGC,8,8
1600,GCCAAATTCAGCTCGG,19,19
1601,GCCAAATTCCCTTGCA,8,8
1602,GCCAAATTCCGTAGTA,21,22
1603,GCCTCTACAATCTACG,26,26
1604,GCCTCTACAGATCCAT,7,7
1605,GCGACCAAGAAGGTGA,6,6
1606,GCGACCAAGCCCTAAT,10,10
1607,GCGACCAAGGATGGAA,7,7
1608,GCGACCAAGTTTAGGA,6,6
1609,GCGACCAGTCATATCG,4,4
1610,GCGACCAGTCTAGTCA,2,2
1611,GCGACCATCTTGCAAG,11,11
1612,GCGAGAAAGCCAGTTT,3,3
1613,GCGAGAAAGCGCCTTG,9,9
1614,GCGAGAAGTAGCCTCG,13,13
1615,GCGAGAAGTCAGAGGT,13,13
1616,GCGAGAATCAGCCTAA,10,10
1617,GCGAGAATCTACCAGA,10,9
1618,GCGAGAATCTACTCAT,12,12
1619,GCGCAACCAATCCAAC,8,8
1620,GCGCAACCATTAGCCA,3,3
1621,GCGCAACGTTAGATGA,6,6
1622,GCGCAACTCTAACTTC,10,10
1623,GCGCAACTCTCTTATG,2,2
1624,GCGCAGTAGTCATCCA,5,5
1625,GCGCCAACAATGGAGC,11,11
1626,GCGCCAACACAGACTT,7,7
1627,GCGCGATAGGACTGGT,16,16
1628,GCGCGATCAGCTCCGA,18,18
1629,GCGCGATGTCACCTAA,6,6
1630,GCGCGATGTGAAAGAG,14,14
1631,GCGCGATGTTTGACAC,2,2
1632,GCGCGATTCTCTGAGA,2,2
1633,GCGGGTTCAGGTTTCA,8,8
1634,GCGGGTTGTAGTAGTA,18,18
1635,GCGGGTTTCCGAATGT,14,14
1636,GCGGGTTTCGTATCAG,9,9
1637,GCTCCTAAGCTCCTCT,6,6
1638,GCTCCTAAGGCAGTCA,2,2
1639,GCTCCTAAGTACCGGA,5,5
1640,GCTCCTAAGTGTTTGC,13,13
1641,GCTCCTACAACTGCGC,7,7
1642,GCTCCTATCTTGCAAG,6,6
1643,GCTCTGTAGGATGGAA,11,11
1644,GCTCTGTAGTACGTTC,3,3
1645,GCTCTGTAGTTCGATC,10,10
1646,GCTCTGTCACAAGACG,7,7
1647,GCTCTGTCAGTATCTG,4,4
1648,GCTCTGTCATCTATGG,12,12
1649,GCTCTGTGTTGCCTCT,7,7
1650,GCTCTGTTCAGATAAG,10,10
1651,GCTGCAGAGGCTCTTA,6,6
1652,GCTGCAGCACATCCAA,48,48
1653,GCTGCAGGTCCTCTTG,4,4
1654,GCTGCAGGTCTTCAAG,14,14
1655,GCTGCAGGTTGGTGGA,5,5
1656,GCTGCAGTCGCCAAAT,9,9
1657,GCTGCAGTCGTTACGA,3,3
1658,GCTGCGAAGCGTGTCC,7,7
1659,GCTGCGAAGTCAAGGC,10,10
1660,GCTGCGACAGTGGGAT,6,6
1661,GCTGCGACATGTCGAT,13,13
1662,GCTGCGACATGTTGAC,7,7
1663,GCTGCGAGTGTGAAAT,12,12
1664,GCTGCGATCCGAACGC,21,21
1665,GCTGCGATCCGTCAAA,3,3
1666,GCTGCGATCGGGAGTA,4,4
1667,GCTGCGATCGTTGCCT,10,10
1668,GCTGCTTAGCTGCGAA,4,4
1669,GCTGCTTAGTAACCCT,4,4
1670,GCTGCTTGTATGGTTC,9,9
1671,GCTGCTTTCAATCTCT,13,13
1672,GCTGCTTTCCCACTTG,3,3
1673,GCTGCTTTCGTCTGCT,4,4
1674,GCTGGGTGTAAATGTG,3,3
1675,GCTGGGTGTGCGATAG,13,13
1676,GCTGGGTTCAGCTTAG,7,7
1677,GCTGGGTTCGATAGAA,15,15
1678,GCTTCCACATCGGGTC,6,6
1679,GCTTCCAGTGTAACGG,7,7
1680,GCTTGAAAGGAGTAGA,6,6
1681,GCTTGAAAGTATCGAA,8,8
1682,GCTTGAAAGTGGGTTG,9,9
1683,GCTTGAACACGTCTCT,7,7
1684,GCTTGAACATCGATTG,9,9
1685,GCTTGAATCCTCAACC,9,9
1686,GCTTGAATCTCGTTTA,5,5
1687,GGAAAGCAGATATGGT,7,7
1688,GGAAAGCAGATGTAAC,6,6
1689,GGAAAGCAGTACGTTC,6,6
1690,GGAAAGCCAAGAGTCG,5,5
1691,GGAAAGCCAGGGTTAG,10,10
1692,GGAAAGCGTAGCGCAA,13,13
1693,GGAAAGCTCTGTCTCG,6,6
1694,GGAACTTAGACAGACC,5,5
1695,GGAACTTAGTACGCGA,2,2
1696,GGAACTTCAAACCTAC,3,3
1697,GGAACTTCAGCCAGAA,10,10
1698,GGAACTTCAGTGAGTG,2,2
1699,GGAACTTCATAGAAAC,9,9
1700,GGAACTTCATTTCACT,5,5
1701,GGAACTTTCAGGCGAA,11,11
1702,GGAATAAAGCTGATAA,5,5
1703,GGAATAACAATAGCGG,4,4
1704,GGAATAAGTCATGCAT,15,16
1705,GGAATAAGTTCGTGAT,11,11
1706,GGAATAATCCCTCTTT,13,13
1707,GGACAAGCAAACGCGA,10,10
1708,GGACAAGCAGGGTTAG,7,7
1709,GGACAAGCATATGCTG,7,7
1710,GGACAAGCATGTAAGA,5,5
1711,GGACAGAAGACCGGAT,7,7
1712,GGACAGAAGCCTCGTG,19,19
1713,GGACAGAAGTGTGGCA,9,9
1714,GGACAGACATAGAAAC,3,3
1715,GGACAGACATTACGAC,13,13
1716,GGACAGAGTTCGTTGA,21,21
1717,GGACAGATCAGCTCTC,7,7
1718,GGACAGATCTGCAAGT,8,8
1719,GGACATTAGGAACTGC,23,23
1720,GGACATTCAATGCCAT,3,3
1721,GGACATTGTCAGCTAT,14,10
1722,GGACGTCAGCTCCTCT,10,9
1723,GGACGTCAGGCCGAAT,11,11
1724,GGACGTCAGTAGGTGC,13,13
1725,GGACGTCCACCGCTAG,5,5
1726,GGACGTCCAGTATGCT,3,3
1727,GGACGTCCATGTCGAT,8,8
1728,GGACGTCCATTGGCGC,22,22
1729,GGACGTCGTAAAGTCA,5,5
1730,GGACGTCTCCAGAAGG,11,11
1731,GGACGTCTCTAACCGA,10,10
1732,GGAGCAAAGTTTCCTT,8,8
1733,GGAGCAACATCCAACA,20,20
1734,GGAGCAAGTGATGCCC,5,5
1735,GGATGTTAGCGAAGGG,7,7
1736,GGATGTTCATACGCTA,10,10
1737,GGATGTTGTATTACCG,5,5
1738,GGATGTTGTGTGACGA,15,15
1739,GGATGTTTCCTGCTTG,12,12
1740,GGATGTTTCCTTTCGG,6,6
1741,GGATTACAGACACTAA,12,12
1742,GGATTACAGGCGATAC,10,11
1743,GGATTACCAAGCTGAG,9,9
1744,GGATTACCACTAGTAC,21,21
1745,GGATTACGTCCGACGT,6,6
1746,GGATTACGTCCGTGAC,10,10
1747,GGCAATTAGCCAGTAG,7,7
1748,GGCAATTAGGGCACTA,4,4
1749,GGCAATTCAGTAACGG,7,7
1750,GGCAATTCATGCAACT,9,9
1751,GGCAATTTCTGCCAGG,2,2
1752,GGCCGATAGCCACGCT,23,23
1753,GGCCGATCACCCATGG,4,4
1754,GGCCGATCACTAGTAC,15,15
1755,GGCCGATTCTCGATGA,15,15
1756,GGCGACTAGTTGCAGG,3,3
1757,GGCGACTCAGGGTACA,16,16
1758,GGCGACTGTCTACCTC,13,13
1759,GGCGACTGTGGAAAGA,10,10
1760,GGCGTGTCAAGGACAC,6,6
1761,GGCGTGTCACTTACGA,3,3
1762,GGCGTGTCAGTGGAGT,5,5
1763,GGCGTGTGTAAGGGCT,9,9
1764,GGCGTGTGTCGAATCT,8,8
1765,GGCGTGTGTGAGGGAG,5,5
1766,GGCGTGTTCCATGCTC,6,6
1767,GGCGTGTTCTGGTATG,6,6
1768,GGCTCGACAAGTTGTC,6,6
1769,GGCTCGACACAGGTTT,3,3
1770,GGCTCGATCAGCGATT,4,4
1771,GGCTCGATCCTTTCTC,4,4
1772,GGCTGGTAGTCCGTAT,14,14
1773,GGCTGGTCACATTTCT,11,11
1774,GGCTGGTCAGGGTACA,14,14
1775,GGCTGGTGTACAAGTA,27,27
1776,GGCTGGTGTCAGAGGT,7,7
1777,GGCTGGTGTCTTCTCG,14,14
1778,GGCTGGTGTCTTGCGG,3,3
1779,GGCTGGTTCTACCAGA,32,32
1780,GGCTGGTTCTCGTATT,9,9
1781,GGGAATGAGTAGATGT,26,27
1782,GGGAATGAGTTAGGTA,8,8
1783,GGGAATGCACCCATGG,1,1
1784,GGGAATGCAGGCAGTA,8,8
1785,GGGAATGCAGGGATTG,16,16
1786,GGGAATGGTCAATACC,10,11
1787,GGGACCTAGAATTGTG,4,4
1788,GGGACCTAGATGCGAC,7,7
1789,GGGACCTAGGTACTCT,6,6
1790,GGGACCTCAAGACGTG,7,7
1791,GGGACCTGTTACTGAC,4,4
1792,GGGAGATAGCTGTCTA,15,15
1793,GGGAGATAGGAGTAGA,4,4
1794,GGGAGATCAGGAATGC,8,8
1795,GGGAGATCATGCATGT,2,2
1796,GGGAGATCATTGGGCC,6,6
1797,GGGAGATGTTCTGTTT,12,12
1798,GGGAGATTCGACCAGC,14,14
1799,GGGATGAGTATGAAAC,16,16
1800,GGGATGAGTGACGGTA,12,12
1801,GGGATGAGTGCAGACA,4,4
1802,GGGATGATCCGCTGTT,2,2
1803,GGGCACTAGATCTGAA,3,3
1804,GGGCACTAGATGTCGG,13,13
1805,GGGCACTAGCAATATG,8,8
1806,GGGCACTAGGTGATTA,3,3
1807,GGGCACTCATTTGCCC,6,6
1808,GGGCACTGTGTAATGA,19,19
1809,GGGCATCAGCAATATG,10,10
1810,GGGCATCAGCCTCGTG,8,8
1811,GGGCATCAGCGTTTAC,6,6
1812,GGGCATCCACCCAGTG,7,7
1813,GGGCATCCAGGACGTA,15,15
1814,GGGCATCTCCGTAGTA,14,14
1815,GGGTCTGAGATGTGGC,6,6
1816,GGGTCTGAGATGTGGC,6,5
1817,GGGTCTGAGATGTGGC,5,6
1818,GGGTCTGAGATGTGGC,5,5
1819,GGGTCTGAGCAGGCTA,9,9
1820,GGGTCTGAGTGAACGC,13,13
1821,GGGTCTGCACGCGAAA,6,6
1822,GGGTCTGGTATCGCAT,3,3
1823,GGGTCTGTCACAATGC,8,8
1824,GGGTTGCAGGATATAC,4,4
1825,GGGTTGCGTCGAGTTT,15,15
1826,GGGTTGCGTTCCATGA,4,4
1827,GGTATTGAGAAACCAT,5,5
1828,GGTATTGAGTAGTGCG,2,2
1829,GGTATTGGTACTTCTT,18,18
1830,GGTGAAGAGTGAAGAG,9,9
1831,GGTGAAGCAGGTCTCG,5,5
1832,GGTGAAGGTACGCACC,9,9
1833,GGTGAAGGTAGGGACT,11,11
1834,GGTGCGTAGCCTTGAT,6,6
1835,GGTGCGTCACATTAGC,9,9
1836,GGTGCGTCACGCCAGT,5,5
1837,GGTGCGTCAGAGCCAA,1,1
1838,GGTGCGTGTACATGTC,6,6
1839,GGTGCGTGTGTGTGCC,5,5
1840,GGTGCGTTCGCATGAT,9,9
1841,GGTGCGTTCTCGTATT,15,13
1842,GGTGTTACAAGGGTCA,15,15
1843,GGTGTTACATGTAAGA,7,7
1844,GGTGTTAGTCGGCTCA,7,7
1845,GGTGTTAGTTTAGCTG,15,16
1846,GGTGTTATCAGAGACG,4,4
1847,GGTGTTATCGTACCGG,14,14
1848,GTAACGTAGGCTCAGA,17,16
1849,GTAACGTAGTCAATAG,2,2
1850,GTAACGTAGTCCAGGA,4,4
1851,GTAACGTCAGTATAAG,4,4
1852,GTAACGTGTGAGGCTA,3,3
1853,GTAACGTGTTTCCACC,9,9
1854,GTAACGTTCATGCATG,6,6
1855,GTAACGTTCTGCTTGC,10,10
1856,GTAACTGAGACGCTTT,10,10
1857,GTAACTGAGCTACCTA,17,17
1858,GTAACTGGTATCACCA,12,12
1859,GTAACTGGTCTGCCAG,2,2
1860,GTAACTGGTGGGTCAA,15,15
1861,GTAACTGGTGTTGAGG,7,7
1862,GTAACTGGTTGATTGC,4,4
1863,GTAACTGGTTGCCTCT,13,13
1864,GTAACTGTCGCCATAA,4,4
1865,GTACGTAAGTGGTCCC,5,5
1866,GTACGTATCGGGAGTA,4,4
1867,GTACTCCCATTTCACT,17,17
1868,GTACTCCGTCAAAGCG,4,4
1869,GTACTCCGTTCAACCA,6,6
1870,GTACTCCTCCACTGGG,6,6
1871,GTACTTTAGAAGAAGC,4,4
1872,GTACTTTCAGGATCGA,8,8
1873,GTACTTTGTACAAGTA,15,15
1874,GTAGGCCAGGAATGGA,9,8
1875,GTAGGCCCACGCTTTC,3,3
1876,GTAGGCCGTGTAACGG,8,8
1877,GTAGGCCTCGGCCGAT,5,5
1878,GTAGTCAAGCCAGTAG,9,9
1879,GTAGTCACATGGTCTA,12,12
1880,GTAGTCAGTTGATTGC,8,8
1881,GTAGTCATCGGAAACG,20,20
1882,GTAGTCATCTACTCAT,21,21
1883,GTATCTTAGGTAGCTG,9,9
1884,GTATCTTTCGCTTGTC,20,20
1885,GTATTCTCAGGACCCT,8,8
1886,GTATTCTGTACCGCTG,4,4
1887,GTATTCTGTCTAAAGA,6,6
1888,GTATTCTGTTCTGAAC,24,24
1889,GTATTCTTCACTGGGC,4,4
1890,GTATTCTTCCGAAGAG,5,5
1891,GTATTCTTCTGCCAGG,7,7
1892,GTATTCTTCTGTACGA,8,8
1893,GTCAAGTAGACTTGAA,6,6
1894,GTCAAGTAGCAACGGT,7,7
1895,GTCAAGTAGCTGAACG,6,6
1896,GTCAAGTAGGCAGGTT,4,4
1897,GTCAAGTGTACCAGTT,21,21
1898,GTCAAGTTCTCGAGTA,6,6
1899,GTCAAGTTCTGCGTAA,7,7
1900,GTCACAAGTTCCACTC,2,2
1901,GTCACAATCCAAGCCG,9,9
1902,GTCACAATCCCTAACC,16,16
1903,GTCACAATCGGCCGAT,5,5
1904,GTCACAATCGGTCCGA,18,18
1905,GTCACAATCTGCGACG,6,6
1906,GTCACGGAGTTGAGTA,18,18
1907,GTCACGGCAAGCGATG,9,9
1908,GTCACGGCACATTCGA,4,4
1909,GTCACGGGTTCACCTC,13,13
1910,GTCATTTAGTCTCAAC,8,8
1911,GTCATTTCAGCCTTGG,3,3
1912,GTCATTTCAGGGTTAG,2,2
1913,GTCATTTGTGGTGTAG,8,8
1914,GTCATTTTCGCTAGCG,6,6
1915,GTCATTTTCTGTCTAT,29,29
1916,GTCATTTTCTTGACGA,4,4
1917,GTCCTCAAGTGTGAAT,8,8
1918,GTCCTCACACAGGAGT,12,12
1919,GTCCTCAGTAGCTGCC,10,10
1920,GTCCTCAGTCCATGAT,2,2
1921,GTCCTCATCCGAAGAG,13,13
1922,GTCGGGTCAACGATGG,17,17
1923,GTCGGGTGTCACCCAG,13,13
1924,GTCGTAAAGCATCATC,7,7
1925,GTCGTAAAGGCCCTTG,23,23
1926,GTCGTAAAGGGTCTCC,8,8
1927,GTCGTAACAATCAGAA,13,13
1928,GTCGTAACATTAGCCA,2,2
1929,GTCTCGTCAGCTGCAC,10,10
1930,GTCTCGTCATTGGTAC,4,4
1931,GTCTCGTGTAATTGGA,15,15
1932,GTCTCGTGTGTGTGCC,11,11
1933,GTCTCGTGTTAGGGTG,3,3
1934,GTCTCGTGTTCTGTTT,11,11
1935,GTCTCGTTCTGACCTC,4,4
1936,GTCTTCGAGAAACGAG,5,5
1937,GTCTTCGTCAAACCAC,11,11
1938,GTCTTCGTCCGTAGGC,6,6
1939,GTCTTCGTCTCTGTCG,5,5
1940,GTGAAGGAGCTAAGAT,5,5
1941,GTGAAGGAGTAATCCC,5,5
1942,GTGAAGGGTAAACCTC,6,6
1943,GTGAAGGGTCATTAGC,7,7
1944,GTGAAGGGTTACTGAC,17,17
1945,GTGCAGCAGATGTGGC,9,9
1946,GTGCAGCAGGCTACGA,4,4
1947,GTGCAGCAGGGTTTCT,12,12
1948,GTGCAGCGTCCGACGT,3,3
1949,GTGCAGCTCAAGATCC,10,10
1950,GTGCAGCTCGACCAGC,3,3
1951,GTGCAGCTCTTGACGA,3,3
1952,GTGCATACACATCCGG,24,23
1953,GTGCATACACATTAGC,3,3
1954,GTGCATACACTTCTGC,21,21
1955,GTGCATAGTCCGTTAA,6,6
1956,GTGCATATCAGCAACT,3,4
1957,GTGCATATCAGCAACT,3,3
1958,GTGCATATCAGCAACT,4,4
1959,GTGCATATCAGCAACT,4,3
1960,GTGCATATCAGTCCCT,10,10
1961,GTGCGGTAGATACACA,7,7
1962,GTGCGGTCAGCGAACA,3,3
1963,GTGCGGTGTTGTGGAG,9,9
1964,GTGCTTCCACTCGACG,15,15
1965,GTGCTTCGTAAGTTCC,6,6
1966,GTGCTTCGTGTGTGCC,2,2
1967,GTGCTTCGTTCATGGT,4,5
1968,GTGCTTCTCAATACCG,19,19
1969,GTGCTTCTCCAGAGGA,13,13
1970,GTGCTTCTCCATGAGT,7,7
1971,GTGCTTCTCTGTACGA,6,6
1972,GTGCTTCTCTTACCTA,12,12
1973,GTGGGTCGTACCATCA,15,15
1974,GTGGGTCTCCTCTAGC,6,6
1975,GTGTGCGCAGTCGTGC,8,9
1976,GTGTGCGCATCCGGGT,17,17
1977,GTGTGCGGTAAGTTCC,4,4
1978,GTGTGCGGTCCGTTAA,5,5
1979,GTGTGCGGTCTAGTGT,11,11
1980,GTGTGCGGTGTTCGAT,2,2
1981,GTGTGCGTCGGAATCT,3,3
1982,GTGTTAGAGGAGCGTT,9,10
1983,GTGTTAGAGTATCTCG,7,7
1984,GTGTTAGCATCACAAC,6,6
1985,GTGTTAGGTCGCTTTC,2,2
1986,GTGTTAGGTGAAGGCT,4,4
1987,GTGTTAGTCGCCTGTT,1,1
1988,GTGTTAGTCGGCGCAT,8,8
1989,GTGTTAGTCTACCAGA,13,13
1990,GTTAAGCAGTCCGTAT,5,5
1991,GTTAAGCCAGATGAGC,4,4
1992,GTTAAGCCAGCTCGCA,11,11
1993,GTTAAGCCATGCCTAA,17,17
1994,GTTACAGAGAGGTAGA,17,17
1995,GTTACAGAGATAGGAG,22,23
1996,GTTACAGAGATAGGAG,22,24
1997,GTTACAGAGATAGGAG,25,23
1998,GTTACAGAGATAGGAG,25,24
1999,GTTACAGAGCTGTCTA,18,18
2000,GTTACAGAGTACTTGC,9,9
2001,GTTACAGGTAGTACCT,20,20
2002,GTTACAGTCACAACGT,7,7
2003,GTTACAGTCCGTCATC,5,5
2004,GTTCATTAGCGATCCC,9,9
2005,GTTCATTTCACAGTAC,5,5
2006,GTTCATTTCACCCGAG,14,14
2007,GTTCATTTCATGTCCC,4,4
2008,GTTCATTTCTCCGGTT,13,13
2009,GTTCGGGAGCAGATCG,5,5
2010,GTTCGGGCAGACGTAG,4,4
2011,GTTCGGGGTTCCCTTG,5,5
2012,GTTCGGGTCCGCGGTA,10,10
2013,GTTCTCGAGGTGTTAA,20,20
2014,GTTCTCGGTCCTCCAT,3,3
2015,GTTCTCGGTCGGCACT,11,11
2016,GTTCTCGGTGATGATA,3,3
2017,GTTCTCGTCCTGCCAT,12,12
2018,GTTCTCGTCGCGCCAA,5,5
2019,GTTTCTAAGAAACGCC,7,7
2020,GTTTCTACATATACCG,22,22
2021,GTTTCTAGTACGCTGC,11,11
2022,GTTTCTAGTCAAACTC,3,3
2023,TAAACCGCACAGACAG,12,12
2024,TAAACCGCATCGACGC,2,2
2025,TAAACCGGTAATCACC,23,23
2026,TAAACCGGTCATCGGC,12,12
2027,TAAACCGGTTCCACTC,22,22
2028,TAAACCGTCACCCGAG,10,10
2029,TAAGAGAAGCTAAGAT,8,8
2030,TAAGAGAAGTACGCCC,9,9
2031,TAAGAGACAGCATGAG,13,13
2032,TAAGAGACATACTACG,3,3
2033,TAAGAGATCAACACTG,13,13
2034,TAAGAGATCCACGTTC,6,6
2035,TAAGAGATCCCTCTTT,13,13
2036,TAAGCGTAGCGTCAAG,3,3
2037,TAAGCGTAGGCATTGG,5,5
2038,TAAGCGTCATGTTGAC,5,5
2039,TAAGCGTGTGGAAAGA,6,6
2040,TAAGCGTTCAGCTCGG,5,5
2041,TAAGCGTTCCGCTGTT,5,5
2042,TAAGCGTTCTCTGAGA,2,2
2043,TAAGCGTTCTGGCGTG,18,18
2044,TAAGTGCAGATACACA,6,6
2045,TAAGTGCAGATGTTAG,2,2
2046,TAAGTGCAGCAGCGTA,6,6
2047,TAAGTGCAGTCCGGTC,18,18
2048,TAAGTGCCAAGACGTG,6,6
2049,TAAGTGCGTACCGTTA,13,13
2050,TAAGTGCGTCTCACCT,10,10
2051,TAAGTGCGTCTTGCGG,11,10
2052,TAAGTGCGTGCTAGCC,12,12
2053,TAAGTGCGTGGTAACG,9,9
2054,TAAGTGCGTTATCGGT,7,7
2055,TAAGTGCTCAATAAGG,7,7
2056,TAAGTGCTCTCTTGAT,16,16
2057,TACACGAAGTGAAGAG,2,2
2058,TACACGAGTGCGCTTG,8,8
2059,TACACGATCTGCAAGT,12,12
2060,TACAGTGAGATGTGTA,9,9
2061,TACAGTGAGCGTTTAC,10,10
2062,TACAGTGCAAGCGCTC,13,13
2063,TACAGTGCAGCTCGAC,14,14
2064,TACAGTGGTCTGCGGT,5,5
2065,TACCTATAGCCAGGAT,18,18
2066,TACCTATAGCGGCTTC,8,8
2067,TACCTATCAAAGGTGC,6,6
2068,TACCTATCAATGGACG,14,14
2069,TACCTATCACCGAAAG,6,6
2070,TACCTATTCACATGCA,11,11
2071,TACCTATTCATCTGTT,9,9
2072,TACCTATTCGACAGCC,4,4
2073,TACCTATTCGCTGATA,10,10
2074,TACCTATTCGTCACGG,18,18
2075,TACCTTAAGACCACGA,1,1
2076,TACCTTAAGACTTTCG,9,9
2077,TACCTTAAGTGGAGTC,5,5
2078,TACCTTACAAATACAG,7,7
2079,TACCTTACAAGTCTGT,4,4
2080,TACCTTACACCGTTGG,16,16
2081,TACCTTACAGACAAGC,5,5
2082,TACCTTAGTCAGAATA,6,6
2083,TACCTTAGTCTTCTCG,11,11
2084,TACCTTATCATCGATG,6,6
2085,TACCTTATCGTGGACC,3,3
2086,TACGGATAGAAACGAG,2,2
2087,TACGGATAGGAACTGC,20,20
2088,TACGGATAGTGAATTG,12,12
2089,TACGGATTCTAGAGTC,9,9
2090,TACGGGCAGCATGGCA,12,12
2091,TACGGGCAGTTACGGG,14,14
2092,TACGGGCGTGCCTGGT,13,13
2093,TACGGGCTCCATGCTC,3,3
2094,TACGGGCTCCGTAGTA,14,14
2095,TACGGTAAGTACGACG,8,8
2096,TACGGTACACCACCAG,5,5
2097,TACGGTACATTGGTAC,3,3
2098,TACGGTAGTAGAGGAA,4,4
2099,TACGGTATCATCATTC,11,11
2100,TACGGTATCCAAGTAC,10,10
2101,TACTCATAGCTACCTA,9,9
2102,TACTCATGTAGCTTGT,6,6
2103,TACTCATTCACATACG,4,4
2104,TACTCATTCTAAGCCA,13,13
2105,TACTCATTCTGGAGCC,8,7
2106,TACTCGCAGCAACGGT,4,4
2107,TACTCGCAGCAGGCTA,9,9
2108,TACTCGCAGCATCATC,10,10
2109,TACTCGCAGCCACCTG,13,13
2110,TACTCGCAGTGTTGAA,14,14
2111,TACTCGCGTCTGATTG,16,16
2112,TACTCGCTCAACCAAC,17,7
2113,TACTCGCTCAACCAAC,17,17
2114,TACTCGCTCAACCAAC,7,7
2115,TACTCGCTCAACCAAC,7,17
2116,TACTCGCTCGGATGGA,4,4
2117,TACTCGCTCGTCACGG,6,6
2118,TACTCGCTCTCACATT,5,5
2119,TACTTACAGGGTTCCC,6,6
2120,TACTTGTAGAGTACAT,23,23
2121,TACTTGTCACGTCTCT,2,2
2122,TACTTGTTCACATGCA,12,12
2123,TAGACCACAATCCAAC,7,7
2124,TAGAGCTAGACAGACC,4,4
2125,TAGAGCTAGTCAATAG,2,2
2126,TAGAGCTAGTTAGGTA,9,9
2127,TAGAGCTTCGCCCTTA,7,7
2128,TAGCCGGAGCGCCTTG,8,8
2129,TAGCCGGTCCACGAAT,5,5
2130,TAGCCGGTCTTGTTTG,13,13
2131,TAGGCATAGCAGGCTA,9,9
2132,TAGGCATAGCGTGAGT,5,5
2133,TAGGCATGTAGCTAAA,9,9
2134,TAGGCATGTAGCTAAA,9,2
2135,TAGGCATGTAGCTAAA,2,9
2136,TAGGCATGTAGCTAAA,2,2
2137,TAGGCATGTGACTCAT,6,6
2138,TAGGCATGTTACCGAT,13,13
2139,TAGGCATGTTTGTGTG,22,22
2140,TAGGCATTCAGTTGAC,31,31
2141,TAGTGGTAGGGCATGT,10,10
2142,TAGTGGTAGTCCGGTC,7,7
2143,TAGTGGTCAGCGTAAG,14,14
2144,TAGTGGTCATCTGGTA,7,7
2145,TAGTGGTGTTGCTCCT,2,2
2146,TAGTGGTTCCGTCAAA,9,9
2147,TAGTGGTTCGTCCGTT,10,10
2148,TAGTGGTTCTGGTGTA,9,9
2149,TAGTTGGAGTCCGGTC,7,7
2150,TAGTTGGCAATACGCT,6,6
2151,TAGTTGGCAGACAAGC,7,7
2152,TAGTTGGGTCTCAACA,11,11
2153,TATCAGGAGACGCAAC,4,4
2154,TATCAGGCACCCTATC,6,6
2155,TATCAGGGTTGAACTC,10,10
2156,TATCAGGTCCATGAAC,3,3
2157,TATCAGGTCGCCGTGA,8,8
2158,TATCAGGTCTGCGGCA,22,22
2159,TATCTCAAGAGCAATT,6,6
2160,TATCTCACACTGTTAG,4,4
2161,TATCTCACAGTGGGAT,2,2
2162,TATCTCACATGATCCA,14,14
2163,TATCTCAGTACAGTTC,8,8
2164,TATCTCAGTATTCTCT,5,5
2165,TATTACCAGAAGCCCA,11,11
2166,TATTACCCAGCATGAG,10,10
2167,TATTACCGTACATGTC,5,5
2168,TATTACCTCGCACTCT,4,4
2169,TCAACGAAGGATGGTC,7,7
2170,TCAACGAAGGTCGGAT,3,3
2171,TCAACGAAGTTAGGTA,3,3
2172,TCAACGACAACGCACC,12,12
2173,TCAACGACAAGAAGAG,11,11
2174,TCAACGATCGCGCCAA,22,22
2175,TCAATCTAGTGGTAAT,6,6
2176,TCAATCTCACTCAGGC,7,7
2177,TCAATCTCAGGTTTCA,12,12
2178,TCAATCTGTCCATGAT,12,12
2179,TCAATCTGTCTCATCC,1,1
2180,TCAATCTTCCACGAAT,17,17
2181,TCAATCTTCGGTTCGG,5,5
2182,TCAATCTTCTACTCAT,2,2
2183,TCACAAGAGAGTAATC,21,21
2184,TCACAAGAGCTCAACT,8,8
2185,TCACAAGAGTCAAGGC,3,3
2186,TCACAAGCAACACGCC,5,5
2187,TCACAAGGTCGCCATG,5,5
2188,TCACAAGGTCTGATCA,20,20
2189,TCACAAGGTCTTTCAT,5,5
2190,TCACAAGTCAAGATCC,3,3
2191,TCACAAGTCATCGATG,23,23
2192,TCACGAACAATGACCT,9,9
2193,TCACGAACATCCAACA,5,5
2194,TCACGAATCATGTCCC,6,6
2195,TCACGAATCTAACTTC,3,3
2196,TCAGATGAGCGATCCC,4,4
2197,TCAGATGCATCGGGTC,25,25
2198,TCAGATGTCCTCCTAG,9,9
2199,TCAGATGTCGCACTCT,16,16
2200,TCAGATGTCGTCTGCT,14,14
2201,TCAGATGTCTGCCAGG,5,5
2202,TCAGCAACACGCGAAA,3,3
2203,TCAGCTCCACTTAACG,12,12
2204,TCAGCTCTCATGTAGC,4,4
2205,TCAGGATAGGCAGTCA,4,4
2206,TCAGGATGTCGATTGT,7,7
2207,TCAGGATTCTACTATC,23,23
2208,TCAGGTAAGATAGGAG,21,21
2209,TCAGGTAGTGATGATA,9,9
2210,TCAGGTAGTGGCTCCA,3,3
2211,TCATTACGTGTGAAAT,18,18
2212,TCATTACTCGGTCTAA,3,3
2213,TCATTACTCTGTACGA,17,16
2214,TCATTTGAGAGCCCAA,7,7
2215,TCATTTGCACGAAGCA,6,6
2216,TCATTTGCAGCTATTG,13,13
2217,TCATTTGGTAGCTCCG,6,6
2218,TCATTTGGTCCCTTGT,8,8
2219,TCATTTGTCATGGTCA,9,9
2220,TCCACACAGCAGGTCA,6,6
2221,TCCACACGTCAACTGT,6,6
2222,TCCACACTCTCGCTTG,3,3
2223,TCCCGATAGTGTCTCA,6,7
2224,TCCCGATCAGCCTTGG,10,10
2225,TCCCGATTCGCCAAAT,5,5
2226,TCGAGGCAGCGATATA,6,6
2227,TCGAGGCGTAGAGTGC,12,12
2228,TCGAGGCTCGGGAGTA,3,3
2229,TCGAGGCTCGTTACGA,5,5
2230,TCGCGAGAGACATAAC,9,9
2231,TCGCGAGAGAGCTTCT,8,8
2232,TCGCGAGCACATTCGA,7,7
2233,TCGCGAGCAGCCTGTG,4,4
2234,TCGCGAGCAGGCGATA,7,7
2235,TCGCGAGGTGTTCGAT,10,10
2236,TCGCGAGTCTCTTGAT,6,6
2237,TCGCGTTAGTACGTTC,14,14
2238,TCGCGTTGTAAGGGAA,2,2
2239,TCGCGTTGTCGCGAAA,5,5
2240,TCGCGTTGTGCAGACA,7,7
2241,TCGCGTTGTTCGCTAA,14,14
2242,TCGCGTTTCCTCAATT,5,5
2243,TCGGGACAGGGTTTCT,10,10
2244,TCGGGACGTCGGCTCA,7,7
2245,TCGGGACGTCTTCGTC,5,5
2246,TCGGGACTCGGCTTGG,9,9
2247,TCGGGACTCTTCGAGA,8,8
2248,TCGGTAAAGCACAGGT,10,10
2249,TCGGTAAAGCCTCGTG,7,7
2250,TCGGTAAAGGCTAGGT,17,17
2251,TCGGTAACAGCTGGCT,2,2
2252,TCGTACCGTACTCAAC,11,10
2253,TCGTAGAAGAAGGACA,11,11
2254,TCGTAGAAGGCGTACA,3,3
2255,TCGTAGAAGTGAACAT,3,3
2256,TCGTAGACAAAGGAAG,10,10
2257,TCGTAGACAATGGACG,5,5
2258,TCGTAGACAGATAATG,7,7
2259,TCGTAGAGTGGTCTCG,10,10
2260,TCGTAGATCTACTATC,17,17
2261,TCTATTGAGGGATCTG,12,12
2262,TCTATTGAGGTAGCTG,8,8
2263,TCTATTGGTCGGGTCT,4,4
2264,TCTATTGGTCTGATTG,10,10
2265,TCTATTGGTTAGGGTG,16,16
2266,TCTCATAAGCTCCCAG,4,4
2267,TCTCATACAGGTCGTC,10,10
2268,TCTCATACATCTCGCT,13,13
2269,TCTCATAGTCATGCCG,10,10
2270,TCTCTAAAGACTCGGA,5,5
2271,TCTCTAACATCACAAC,21,21
2272,TCTCTAAGTACTCGCG,6,6
2273,TCTCTAAGTGCCTGGT,2,2
2274,TCTGAGACACCTCGTT,3,3
2275,TCTGAGAGTCTACCTC,5,5
2276,TCTGAGATCGAATGCT,10,10
2277,TCTGGAAAGACAGAGA,15,15
2278,TCTGGAAAGAGGGCTT,16,16
2279,TCTGGAAAGGTGTGGT,5,5
2280,TCTGGAACAGGGAGAG,5,6
2281,TCTGGAACATGCCTTC,19,19
2282,TCTGGAATCACTATTC,2,2
2283,TCTGGAATCGGGAGTA,5,5
2284,TCTGGAATCGTAGGAG,10,10
2285,TCTTCGGAGGCGATAC,7,7
2286,TCTTCGGCAAACAACA,8,8
2287,TCTTCGGCATCGGAAG,17,17
2288,TCTTCGGGTTTAGCTG,7,7
2289,TCTTCGGTCAACCATG,4,4
2290,TCTTTCCAGAAGGTTT,12,12
2291,TCTTTCCAGATGGCGT,13,13
2292,TCTTTCCCATTACCTT,5,5
2293,TCTTTCCGTCATATCG,3,3
2294,TCTTTCCGTCTCTCGT,3,3
2295,TGAAAGAAGATATGCA,9,9
2296,TGAAAGACACGCATCG,8,8
2297,TGAAAGAGTCTCAACA,17,17
2298,TGAAAGAGTTACGACT,12,12
2299,TGAAAGATCATGTCTT,7,7
2300,TGAAAGATCTTCGGTC,9,9
2301,TGACAACAGAAGGTTT,4,4
2302,TGACAACAGACCTAGG,5,5
2303,TGACAACCATCTGGTA,3,3
2304,TGACAACGTTAAGGGC,3,3
2305,TGACAACTCCAAACAC,4,4
2306,TGACGGCAGGACACCA,16,16
2307,TGACGGCAGTGAATTG,10,10
2308,TGACGGCCAACACCCG,11,11
2309,TGACGGCCAAGAGGCT,2,2
2310,TGACGGCTCAGTTCGA,12,12
2311,TGACGGCTCTATCGCC,9,10
2312,TGACTAGAGACTAGAT,11,11
2313,TGACTAGTCAATCACG,6,11
2314,TGACTAGTCAATCACG,6,7
2315,TGACTAGTCAATCACG,12,11
2316,TGACTAGTCAATCACG,12,7
2317,TGACTAGTCCAAGTAC,5,5
2318,TGACTTTAGCCCAATT,11,11
2319,TGACTTTAGTGCGATG,3,3
2320,TGACTTTCAACGATGG,4,4
2321,TGACTTTGTGAGTGAC,11,11
2322,TGAGAGGAGCACCGTC,17,17
2323,TGAGAGGAGTAAGTAC,15,15
2324,TGAGAGGGTATAAACG,18,18
2325,TGAGAGGGTCCCTTGT,18,18
2326,TGAGAGGGTGACCAAG,9,9
2327,TGAGCATCATCCGTGG,7,7
2328,TGAGCATGTCCGACGT,4,4
2329,TGAGCATGTGAAAGAG,7,7
2330,TGAGCATGTGTTCGAT,19,19
2331,TGAGCATGTTCGTTGA,14,14
2332,TGAGCATTCCCTAACC,14,14
2333,TGAGCCGAGTATTGGA,8,8
2334,TGAGCCGCACATGTGT,3,3
2335,TGAGCCGTCTCAAACG,6,6
2336,TGAGCCGTCTCTGAGA,8,8
2337,TGAGGGAAGCGTTTAC,6,6
2338,TGAGGGAAGGATGTAT,17,17
2339,TGAGGGAAGTCGTACT,3,3
2340,TGAGGGACACTTCTGC,28,28
2341,TGAGGGAGTCACTGGC,12,12
2342,TGAGGGAGTCGAACAG,10,10
2343,TGAGGGAGTTAAAGTG,21,21
2344,TGAGGGATCCGCGTTT,15,15
2345,TGAGGGATCGCCTGTT,8,8
2346,TGAGGGATCGGCATCG,8,8
2347,TGATTTCAGCCATCGC,10,10
2348,TGATTTCCAAGTTCTG,8,8
2349,TGATTTCCAGTCAGAG,11,11
2350,TGATTTCCATCACAAC,13,13
2351,TGATTTCCATGAACCT,9,9
2352,TGATTTCGTACAGACG,10,10
2353,TGATTTCTCGACGGAA,12,12
2354,TGCACCTAGAATGTGT,4,4
2355,TGCACCTAGCGTGAAC,5,5
2356,TGCACCTGTGCGGTAA,10,10
2357,TGCACCTTCACAATGC,5,5
2358,TGCACCTTCCAAACAC,15,15
2359,TGCACCTTCGTATCAG,8,8
2360,TGCCAAACAATGAATG,8,8
2361,TGCCAAACACAAGACG,9,9
2362,TGCCAAACACATCTTT,6,6
2363,TGCCAAAGTCAGAAGC,7,7
2364,TGCCAAAGTGCGGTAA,13,13
2365,TGCCAAATCAAACAAG,5,5
2366,TGCCAAATCAGTACGT,9,9
2367,TGCCAAATCTTCATGT,3,3
2368,TGCCCATAGAAACCAT,6,6
2369,TGCCCATAGATGGCGT,7,7
2370,TGCCCATAGCGATGAC,4,4
2371,TGCCCATCAGGCGATA,13,12
2372,TGCCCATGTTCCACGG,4,4
2373,TGCCCTACATTAGCCA,15,15
2374,TGCCCTAGTAATCACC,19,19
2375,TGCCCTAGTGATGTCT,6,6
2376,TGCCCTATCAGGCCCA,10,10
2377,TGCCCTATCTTATCTG,3,3
2378,TGCGCAGAGTCAATAG,7,7
2379,TGCGCAGCACCAGATT,15,15
2380,TGCGCAGCAGGGCATA,13,14
2381,TGCGCAGCAGGGTTAG,13,13
2382,TGCGCAGGTAGCTAAA,9,9
2383,TGCGGGTAGAGGGATA,3,3
2384,TGCGGGTCAGACTCGC,5,5
2385,TGCGGGTGTATATGAG,13,13
2386,TGCGGGTGTTGTCGCG,7,7
2387,TGCGGGTTCTGATTCT,19,19
2388,TGCGTGGAGTACGTTC,7,7
2389,TGCGTGGTCGCATGGC,9,9
2390,TGCGTGGTCGGTTCGG,8,8
2391,TGCGTGGTCTCAACTT,4,4
2392,TGCTACCAGACTTGAA,4,4
2393,TGCTACCAGCCTCGTG,9,9
2394,TGCTACCAGCCTCGTG,9,4
2395,TGCTACCAGCCTCGTG,4,9
2396,TGCTACCAGCCTCGTG,4,4
2397,TGCTACCAGTCGATAA,5,5
2398,TGCTACCAGTGCTGCC,4,4
2399,TGCTACCAGTGGTCCC,8,8
2400,TGCTACCCAAGCGCTC,6,6
2401,TGCTACCCATCCTAGA,12,12
2402,TGCTACCGTCGAACAG,2,2
2403,TGCTACCGTCTAGCCG,2,2
2404,TGCTACCGTGAGGCTA,8,8
2405,TGCTACCGTTGTTTGG,14,14
2406,TGCTACCTCAACACAC,24,24
2407,TGCTGCTAGAAGGACA,8,8
2408,TGCTGCTCAATAGCGG,8,8
2409,TGCTGCTCAGATCCAT,7,7
2410,TGCTGCTCAGCTATTG,3,3
2411,TGCTGCTGTCGCGAAA,4,4
2412,TGCTGCTGTCTTCTCG,14,14
2413,TGCTGCTGTGGGTATG,7,7
2414,TGCTGCTTCCAGAGGA,12,13
2415,TGCTGCTTCCAGAGGA,12,12
2416,TGCTGCTTCCAGAGGA,13,13
2417,TGCTGCTTCCAGAGGA,13,12
2418,TGCTGCTTCTTGCCGT,7,8
2419,TGGACGCAGACTAGAT,9,9
2420,TGGACGCAGCCAGTAG,3,3
2421,TGGACGCAGCTAACAA,17,17
2422,TGGACGCAGGTAGCCA,5,5
2423,TGGACGCAGTAGCGGT,9,9
2424,TGGACGCCAACTGGCC,2,2
2425,TGGACGCCACCTATCC,6,6
2426,TGGACGCGTTACGTCA,5,5
2427,TGGACGCTCAGTTAGC,9,9
2428,TGGCCAGCAATCGGTT,13,13
2429,TGGCCAGCACGCCAGT,17,17
2430,TGGCCAGGTAGGCTGA,10,10
2431,TGGCCAGGTCTGGAGA,10,10
2432,TGGCGCATCAGATAAG,11,11
2433,TGGCGCATCTGTTTGT,22,22
2434,TGGCTGGCAAGACGTG,9,9
2435,TGGCTGGCAAGCTGGA,16,16
2436,TGGCTGGCAGTGGAGT,10,10
2437,TGGCTGGGTTCATGGT,16,16
2438,TGGCTGGTCACTTCAT,11,11
2439,TGGGAAGAGAAACGCC,4,4
2440,TGGGAAGAGCATGGCA,2,2
2441,TGGGAAGCAATCGGTT,25,25
2442,TGGGAAGCAGGCAGTA,6,6
2443,TGGGAAGGTTATCCGA,4,4
2444,TGGGAAGTCAACGGGA,21,21
2445,TGGGCGTCAAAGGAAG,8,8
2446,TGGGCGTCAAAGTCAA,9,9
2447,TGGGCGTCAAGCTGAG,5,5
2448,TGGGCGTCACTATCTT,15,15
2449,TGGGCGTCAGACAAAT,6,6
2450,TGGTTAGAGAAGGTTT,20,20
2451,TGGTTAGAGACTAAGT,1,1
2452,TGGTTAGAGCTGATAA,4,4
2453,TGGTTAGGTCTAGCGC,5,5
2454,TGGTTAGTCCTTGCCA,4,4
2455,TGGTTCCAGTAGCCGA,4,4
2456,TGTATTCAGGTAGCTG,14,14
2457,TGTATTCAGTCGTTTG,16,16
2458,TGTATTCCAAACCTAC,11,11
2459,TGTATTCCACAACGTT,3,3
2460,TGTATTCGTCCGCTGA,4,4
2461,TGTATTCTCAGCCTAA,3,3
2462,TGTCCCAGTCCAACTA,12,12
2463,TGTGGTACAAGGGTCA,10,10
2464,TGTGGTAGTCGGATCC,3,3
2465,TGTGGTATCGCGATCG,4,4
2466,TGTGTTTAGCTAGTCT,4,4
2467,TGTGTTTCACAGGTTT,19,19
2468,TGTGTTTCAGTATAAG,9,9
2469,TGTGTTTGTCGCGGTT,12,12
2470,TGTGTTTGTCTCGTTC,2,2
2471,TGTGTTTGTGCACCAC,4,4
2472,TGTGTTTTCCCAACGG,12,12
2473,TGTGTTTTCCCATTAT,6,6
2474,TGTGTTTTCGGATGGA,6,6
2475,TGTTCCGAGGACACCA,6,6
2476,TGTTCCGAGGAGTCTG,5,5
2477,TGTTCCGAGGATGGTC,13,13
2478,TGTTCCGTCTTAACCT,6,6
2479,TTAACTCAGCTGCAAG,3,3
2480,TTAACTCAGGCAAAGA,9,9
2481,TTAGGACAGACGCTTT,3,3
2482,TTAGGACCAGTCGTGC,11,11
2483,TTAGGACGTACTTGAC,3,3
2484,TTAGGACTCAGGCCCA,9,9
2485,TTAGGACTCTGGCGTG,4,4
2486,TTAGGACTCTGTCTCG,11,11
2487,TTAGGCAAGACGCTTT,8,8
2488,TTAGGCAAGGCCCTCA,7,7
2489,TTAGGCAGTAGCGTAG,6,6
2490,TTAGGCAGTTTAAGCC,9,9
2491,TTAGTTCAGCGGCTTC,6,6
2492,TTAGTTCAGTAGCCGA,5,5
2493,TTAGTTCGTGATGATA,11,11
2494,TTAGTTCTCGTTACGA,22,22
2495,TTATGCTAGACCCACC,15,15
2496,TTATGCTAGCAGGTCA,10,10
2497,TTATGCTAGGAATTAC,5,5
2498,TTATGCTAGTAGGCCA,4,4
2499,TTATGCTCACCTCGTT,7,7
2500,TTATGCTCAGGTCTCG,4,4
2501,TTATGCTCATCGGTTA,19,19
2502,TTATGCTGTTAGGGTG,5,5
2503,TTCCCAGCACCTCGTT,12,12
2504,TTCCCAGCAGTACACT,2,2
2505,TTCCCAGTCGGAGGTA,12,12
2506,TTCCCAGTCGTAGGTT,6,6
2507,TTCCCAGTCTGCCCTA,13,13
2508,TTCGAAGAGAAAGTGG,6,6
2509,TTCGAAGAGAAAGTGG,6,15
2510,TTCGAAGAGAAAGTGG,15,6
2511,TTCGAAGAGAAAGTGG,15,15
2512,TTCGAAGGTTGTCGCG,9,9
2513,TTCGAAGTCTAGCACA,8,8
2514,TTCGGTCAGCCACGTC,17,17
2515,TTCGGTCAGGTTACCT,7,7
2516,TTCGGTCCACATTAGC,4,4
2517,TTCGGTCCATGCCACG,9,9
2518,TTCGGTCGTCACAAGG,8,8
2519,TTCGGTCGTCGACTAT,14,14
2520,TTCGGTCGTCGCGAAA,13,13
2521,TTCGGTCGTCTCAACA,5,5
2522,TTCGGTCTCATTGCGA,34,34
2523,TTCGGTCTCTAACTGG,14,14
2524,TTCTACAAGATGCGAC,2,2
2525,TTCTACAAGATGGGTC,13,13
2526,TTCTACACAGACGCTC,8,8
2527,TTCTACACAGCATACT,17,18
2528,TTCTACAGTAGTACCT,3,6
2529,TTCTACAGTTAGATGA,5,5
2530,TTCTACATCGAATGGG,10,10
2531,TTCTCAACATGGATGG,18,16
2532,TTCTCAAGTGCGGTAA,7,7
2533,TTCTCCTAGTAACCCT,4,4
2534,TTCTCCTCACCAACCG,10,10
2535,TTCTCCTGTAGAAGGA,13,13
2536,TTCTCCTGTCTGCAAT,26,26
2537,TTCTTAGAGGCTACGA,16,16
2538,TTCTTAGCACGCTTTC,4,4
2539,TTCTTAGCACTGTGTA,8,8
2540,TTCTTAGTCACTTCAT,3,3
2541,TTGAACGAGGGATCTG,12,12
2542,TTGAACGCACATTAGC,4,4
2543,TTGAACGCATATGCTG,6,6
2544,TTGAACGGTAAGCACG,4,4
2545,TTGAACGGTACTTGAC,24,24
2546,TTGAACGGTCAATACC,19,19
2547,TTGAACGGTCATACTG,18,18
2548,TTGAACGGTGCTAGCC,15,15
2549,TTGAACGGTTTAAGCC,14,14
2550,TTGAACGTCATGCATG,2,2
2551,TTGACTTAGGAGTTGC,15,15
2552,TTGACTTAGTCACGCC,9,9
2553,TTGACTTCAAACCTAC,11,11
2554,TTGACTTTCAACACCA,11,11
2555,TTGACTTTCGGAGGTA,4,4
2556,TTGCCGTAGCGATTCT,3,3
2557,TTGCCGTAGGCTATCT,8,8
2558,TTGCCGTCACAACGCC,12,12
2559,TTGCCGTGTCACCTAA,7,7
2560,TTGCCGTTCCATGAAC,4,4
2561,TTGCCGTTCTGACCTC,9,9
2562,TTGCGTCAGCTGAAAT,4,4
2563,TTGCGTCTCATACGGT,8,8
2564,TTGCGTCTCCAAACAC,7,7
2565,TTGCGTCTCGTAGGTT,5,5
2566,TTGCGTCTCTCGAGTA,9,9
2567,TTGGAACAGCGATTCT,6,6
2568,TTGGAACCAAAGTGCG,10,10
2569,TTGGAACCACCCATGG,14,14
2570,TTGGAACCAGGCGATA,6,6
2571,TTGGCAAAGAACTGTA,3,3
2572,TTGGCAAAGACAATAC,7,7
2573,TTGGCAAAGCACCGCT,3,3
2574,TTGGCAACATGGATGG,10,10
2575,TTGGCAATCCAAACTG,3,3
2576,TTGGCAATCCTGTAGA,7,7
2577,TTGGCAATCGCCAGCA,19,19
2578,TTGTAGGAGAACAACT,25,25
2579,TTGTAGGAGACTCGGA,12,12
2580,TTGTAGGAGCCTCGTG,6,7
2581,TTGTAGGAGTCGCCGT,11,11
2582,TTGTAGGCAACAACCT,2,2
2583,TTGTAGGCAAGCGAGT,9,9
2584,TTGTAGGCAAGTTAAG,11,11
2585,TTGTAGGCAGCCACCA,8,8
2586,TTGTAGGGTACGCACC,2,2
2587,TTGTAGGTCCAAATGC,22,22
2588,TTTACTGAGCAACGGT,7,7
2589,TTTACTGAGGACATTA,7,7
2590,TTTACTGAGTCGTACT,8,8
2591,TTTACTGGTCGCGAAA,7,7
2592,TTTACTGTCACAAACC,13,13
2593,TTTACTGTCCTGTAGA,10,10
2594,TTTACTGTCGGTGTCG,5,5
2595,TTTACTGTCGTAGGTT,4,4
2596,TTTATGCAGAATTGTG,5,5
2597,TTTATGCCAAGTTGTC,10,10
2598,TTTATGCGTCGGATCC,6,6
2599,TTTATGCGTCTAGTCA,35,35
2600,TTTCCTCGTACCGCTG,12,12
2601,TTTCCTCGTTAAAGTG,3,3
2602,TTTCCTCTCCACGACG,25,25
2603,TTTCCTCTCGTTACAG,5,5
2604,TTTGCGCAGACTTTCG,20,20
2605,TTTGCGCAGTCGTACT,7,7
2606,TTTGCGCGTTCCGGCA,11,11
2607,TTTGCGCGTTGCCTCT,4,4
2608,TTTGCGCTCAGCACAT,9,9
2609,TTTGGTTCAAATCCGT,15,15
2610,TTTGGTTCATGAACCT,22,23
2611,TTTGGTTCATTACGAC,11,9
2612,TTTGGTTCATTCTCAT,25,25
2613,TTTGGTTGTGTTCGAT,13,13
2614,TTTGGTTTCATGGTCA,4,4
2615,TTTGTCAAGACTTGAA,5,5
2616,TTTGTCAAGCACCGCT,4,4
2617,TTTGTCAAGCGGCTTC,15,15
2618,TTTGTCAAGGACACCA,17,17
2619,TTTGTCACACAAGCCC,2,2
2620,TTTGTCATCAACACGT,15,15
