,cdr3s_aa,x,y
0,TRA:CAAAATGTASKLTF__TRB:CASSYLTGWWQYF;CSRIPGTGSHEAFF,1,1
1,TRA:CAAAGGSGYALNF__TRB:CATSRGQKLFF,1,1
2,TRA:CAAAGNMLTF;CAVERDTDKLIF__TRB:CASSNTGWTEAFF,1,2
3,TRA:CAAAGQTGANNLFF;CALRGGGSNYKLTF__TRB:CASSQRVAGHNQPQHF,2,2
4,TRA:CAAAGSSNTGKLIF__TRB:CASSAGTLGVFEQYF,1,1
5,TRA:CAAAHAGGTSYGKLTF;CPINNNDMRF__TRB:CAIRRGQGQETQYF,1,1
6,TRA:CAAALAGKSTF__TRB:CASSQERRFSGYTF,1,1
7,TRA:CAAALQGSSYKLIF;CAVKGGQKLLF__TRB:CASSWGSYNEQFF,1,2
8,TRA:CAAANNNAGNMLTF__TRB:CASSPHPGQEPTEAFF,23,24
9,TRA:CAAAVILTGGGNKLTF__TRB:CASSFLTAGELFF,1,1
10,TRA:CAAAYGGSQGNLIF__TRB:CASSSPIGRVNEKLFF,2,2
11,TRA:CAADNSGGGADGLTF__TRB:CSAPRAGTMFLTF,1,1
12,TRA:CAADTGNQFYF__TRB:CASSQDVRGSSYNSPLHF,1,1
13,TRA:CAAECSASKIIF;CTLAGGNQFYF__TRB:CSAPPQGGSPKQYF,1,1
14,TRA:CAAEGEGTYKYIF__TRB:CASTPTGGHSYEQYF,1,1
15,TRA:CAAEGFGNVLHC;CAFMKNTNAGKSTF__TRB:CASRASGGETQYF;CASSPRIEVYGYTF,1,1
16,TRA:CAAESGGSYIPTF__TRB:CASSVALGGGEETQYF,8,8
17,TRA:CAAFGASGTYKYIF__TRB:CASSVVGETQYF,1,1
18,TRA:CAAFNAGGTSYGKLTF;CALSARRGGNTPLVF__TRB:CASSFGDRGKQETQYF,1,1
19,TRA:CAAFPRTGAGSYQLTF;CARPTGANSKLTF__TRB:CASSFSVAGAGYEQYF;CASSLQFLGLFF,3,3
20,TRA:CAAFPRTGAGSYQLTF__TRB:CASSFSVAGAGYEQYF;CASSLQFLGLFF,1,1
21,TRA:CAAFSSNTGKLIF;CAGPNSGAGSYQLTF__TRB:CASSQVPVTEAFF,1,1
22,TRA:CAAGGSQGNLIF__TRB:CASSLGAGRPGELFF,1,1
23,TRA:CAAGGSTLGRLYF__TRB:CASSLVAGGREQYF,6,7
24,TRA:CAAGGTSGTYKYIF__TRB:CASRLAGAPDTQYF,1,1
25,TRA:CAAGSARQLTF__TRB:CASSLGTGPNTGELFF,1,1
26,TRA:CAAGSVNTDKLIF__TRB:CASSPLATYYEQYF,1,1
27,TRA:CAAGWGKLQF;CAVLIIGFGNVLHC__TRB:CASSSPSGGIGGYTF,3,12
28,TRA:CAAHSTSGTYKYIF__TRB:CASSSRPPGPETQYF,1,1
29,TRA:CAAIAKGYSTLTF;CAARKGRTTSGTYKYIF__TRB:CASSYPLADPQETQYF,1,1
30,TRA:CAAIGGFQKLVF__TRB:CASSPKPSPGHRGDEQFF,1,1
31,TRA:CAAIIYNQGGKLIF__TRB:CASSQNLAGVSYF,1,1
32,TRA:CAAIKAAGNKLTF__TRB:CASSYSRGGADGYTF,1,1
33,TRA:CAAKRMAAGNKLTF__TRB:CASTLGTGWTRYEQYF,2,2
34,TRA:CAAKSSGTYKYIF__TRB:CASNRDRDYGYTF,1,2
35,TRA:CAALDAGGTSYGKLTF__TRB:CASSHQDGAHSGANVLTF,2,3
36,TRA:CAALDSNYQLIW__TRB:CASSYQPGGGYTF,1,1
37,TRA:CAALGANQAGTALIF;CAASSINSGNTPLVF__TRB:CASSLRDEQFF,3,3
38,TRA:CAALGANQAGTALIF__TRB:CASSIFISYEQYF;CASSLRDEQFF,3,4
39,TRA:CAALGANQAGTALIF__TRB:CASSLRDEQFF,2,2
40,TRA:CAALGANQAGTALIF__TRB:CASTPTGWEPQHF,5,5
41,TRA:CAALKSGGSYIPTF__TRB:CATSSEGYGYTF,1,1
42,TRA:CAALNTNAGKSTF__TRB:CASSGTVEFPLNTEAFF,1,1
43,TRA:CAALPSGNTPLVF__TRB:CASSLVPLEKLFF,2,2
44,TRA:CAALQGGSEKLVF__TRB:CASSVFWANTYSGELFF,1,1
45,TRA:CAALRGYQKVTF;CALSDLSGAGSYQLTF__TRB:CASSFGRGLSTDTQYF,1,1
46,TRA:CAALRSDKLIF__TRB:CASTIGSYEQYF,1,1
47,TRA:CAALSTTSGTYKYIF__TRB:CASSDRGMNTEAFF,2,3
48,TRA:CAALTGTASKLTF;CAVHTGGFKTIF__TRB:CASKAGAANYGYTF,6,7
49,TRA:CAAMEGNNDMRF__TRB:CASSPGLMNTEAFF,1,2
50,TRA:CAAMNTGTASKLTF__TRB:CASSFDLAGPYNEQFF,1,1
51,TRA:CAANDYKLSF__TRB:CASSSPGGGLGTEAFF,2,2
52,TRA:CAANDYKLSF__TRB:CATTSGQASTEAFF,3,3
53,TRA:CAANEDAGGTSYGKLTF__TRB:CASSLGGSYGYTF,1,1
54,TRA:CAANFGNEKLTF__TRB:CASSFVGISYNEQFF,1,1
55,TRA:CAANSGGGADGLTF__TRB:CASSQDAAPGAQHF,1,1
56,TRA:CAANSNYQLIW;CAVRDAGSARQLTF__TRB:CASSQYLRVGTSNNEQFF,1,1
57,TRA:CAANSNYQLIW__TRB:CASSPVQGGDYEQYF;CASSQYLRVGTSNNEQFF,3,3
58,TRA:CAANSNYQLIW__TRB:CASSQYLRVGTSNNEQFF,9,9
59,TRA:CAANTGNQFYF__TRB:CASSYLGGGEQYF,2,2
60,TRA:CAANTGTASKLTF;CALSDAGNDMRF__TRB:CASRDRAFPYPSGNTIYF,1,1
61,TRA:CAANTGTASKLTF__TRB:CASSLRDEQFF,2,2
62,TRA:CAAPLHQGAQKLVF__TRB:CASQKRGFGPGNTIYF,1,1
63,TRA:CAAPNFGNEKLTF;CAVGETSGSRLTF__TRB:CASSFGGYEQFF,1,1
64,TRA:CAAPPGTYKYIF;CILRFGNEKLTF__TRB:CSARGTPQTQYF,1,1
65,TRA:CAAPPNNAGNMLTF__TRB:CASSVDTGRGPSPLHF,1,1
66,TRA:CAAPRGSNYKLTF__TRB:CASTFSGRGYTF,1,1
67,TRA:CAAPRSGSARQLTF__TRB:CASSIEQGGTEQYF,1,1
68,TRA:CAAPRYNTDKLIF__TRB:CASSLWGGSNQPQHF,2,2
69,TRA:CAAPWGAGNKLTF;CILRNFGNEKLTF__TRB:CASSLVAGGQETQYF,2,2
70,TRA:CAAPWVSNTGNQFYF__TRB:CASSKGTSGANTGELFF;CSAWMDREVSDTQYF,3,8
71,TRA:CAAPYSGTYKYIF;CAVGNDMRF__TRB:CSARMTVGQTQYF,1,1
72,TRA:CAAQIYNQGGKLIF__TRB:CASSYSIGSITGELFF,1,1
73,TRA:CAAQRQDTDKLIF__TRB:CASSQTYPGDNEQFF,1,1
74,TRA:CAAQTGANNLFF__TRB:CASSIFISYEQYF,8,8
75,TRA:CAAQYSGAGSYQLTF__TRB:CASSLLDRGRFNEQYF,1,1
76,TRA:CAARAVSGYSTLTF__TRB:CASSAGLGGGETQYF,1,1
77,TRA:CAARDSSNTGKLIF;CAVDNNARLMF__TRB:CASSLMVEAFF,2,2
78,TRA:CAARDTGGFKTIF__TRB:CASSLTGGGGVEQYF,1,1
79,TRA:CAARDTGTASKLTF;CGTEHRTGANSKLTF__TRB:CASSLGPGGANTGELFF,1,1
80,TRA:CAARDYKLSF__TRB:CASSLDSTGSPGEQYF,1,1
81,TRA:CAARFTGTASKLTF__TRB:CASSSTPYEYDEQYF,1,1
82,TRA:CAARGAGGTSYGKLTF__TRB:CASSRGGQVINQPQHF,1,1
83,TRA:CAARGGGSYIPTF__TRB:CASSLTLAGGSNEQFF,1,1
84,TRA:CAARGGSTLTF__TRB:CASSTHGSYNEQFF,1,1
85,TRA:CAARGGYQKVTF__TRB:CASSLLAGLIEQFF,1,1
86,TRA:CAARGKVDRGSTLGRLYF__TRB:CASSVGGILGANVLTF,1,1
87,TRA:CAARGPGGYQKVTF;CAVKGLTGGGNKLTF__TRB:CASRVEVTGGDQPQHF,9,10
88,TRA:CAARGSNYKLTF__TRB:CASSPIPGTGGNTEAFF,1,1
89,TRA:CAARGTNTGNQFYF__TRB:CASRANTEAFF,1,1
90,TRA:CAARGWSGAQKLVF;CAKYTQGAQKLVF__TRB:CASSQGLGTGPFF,1,1
91,TRA:CAARITGGGNKLTF;CAVSPVSGNNRLAF__TRB:CSVEQLLSPPEAFF,1,1
92,TRA:CAARKYEKLTF__TRB:CASSADPPDTYNEQFF,1,1
93,TRA:CAARLEIGFGNVLHC;CAGGGSSNTGKLIF__TRB:CASGTYYEQYF,1,1
94,TRA:CAARREYGNKLVF__TRB:CAISGEPGARPNEQFF,1,1
95,TRA:CAARRKYQLIW;CAASRMDTGRRALTF__TRB:CASSVAGQPSRFDGYTF,2,2
96,TRA:CAARRNYGQNFVF__TRB:CASSFLQGAKDEQFF,1,1
97,TRA:CAARSLKTSGGSYIPTF;CAATNTGNQFYF__TRB:CASSTRLASHEQFF,1,1
98,TRA:CAASAIKNYGQNFVF__TRB:CASSLGSFYEQYF,1,1
99,TRA:CAASALDNYGQNFVF__TRB:CASSSDRGQKQFF,1,1
100,TRA:CAASAMRGFQKLVF__TRB:CASPRRGGYETQYF;CASSALPGNTEAFF,1,5
101,TRA:CAASAQGFSGGYQKVTF;CVPSSNTGKLIF__TRB:CASSLRTRTTYNEQFF,1,1
102,TRA:CAASAREYGNKLVF__TRB:CAWKQGSYEQYF,1,1
103,TRA:CAASARSNYQLIW__TRB:CASSLSPPAREQYF,1,1
104,TRA:CAASASNFNKFYF__TRB:CATRGSGRNEQYF,1,1
105,TRA:CAASASNFNKFYF__TRB:CSVGQGAYEQYF,30,28
106,TRA:CAASATPVRTNYGGSQGNLIF;CAMTSYNFNKFYF__TRB:CASSSIRLGRPFF,1,2
107,TRA:CAASAVETDKLIF;CAVSGVAAGNKLTF__TRB:CASSILAGSSYNEQFF,12,12
108,TRA:CAASAVIWAGSYQLTF__TRB:CASSRGPVEFF;CSAPPLFDGWSGNTIYF,1,1
109,TRA:CAASAWGNTDKLIF__TRB:CASSLWYEQYF,1,1
110,TRA:CAASAWGRRALTF__TRB:CASSQGVGADPYEQYF,1,1
111,TRA:CAASAYNSGYSTLTF;CVVSPGIGSNYQLIW__TRB:CATLPHPTTEAFF,1,1
112,TRA:CAASAYTGGFKTIF;CAATSPFSGGYNKLIF__TRB:CSVRVGNGLAGGRQYF,1,1
113,TRA:CAASDDSGNTPLVF__TRB:CASSFYVISTGELFF,1,1
114,TRA:CAASDGAAGNKLTF__TRB:CASRDRAEQFF,1,1
115,TRA:CAASDNDMRF;CAVSGGSARQLTF__TRB:CASSILGVGQPQHF;CSARDPYGTDTQYF,1,1
116,TRA:CAASDNDMRF__TRB:CASSILGVGQPQHF,1,1
117,TRA:CAASDNNARLMF__TRB:CSARFPVRNSPLHF,2,2
118,TRA:CAASDRQGAQKLVF__TRB:CASSPTRTGGTSDTIYF,1,1
119,TRA:CAASDSGGSNYKLTF__TRB:CSVYGVHEQYF,8,8
120,TRA:CAASEGATNKLIF__TRB:CASSLGVTGYGYTF,1,1
121,TRA:CAASEKMDSNYQLIW__TRB:CASSNRGGQETQYF;CAWSVRRHTGELFF,2,6
122,TRA:CAASENGNKLVF__TRB:CASRPLGTGFYEQYF,1,1
123,TRA:CAASENYGGATNKLIF__TRB:CASSLLAGASYEQYF,5,5
124,TRA:CAASERDSNYQLIW__TRB:CASSRTGTYYNEQFF,1,1
125,TRA:CAASGASYDKVIF__TRB:CASAAALAKNIQYF,6,7
126,TRA:CAASGDARLMF__TRB:CASSLTGAVQYF,1,1
127,TRA:CAASGDSNSGYALNF;CALSSGSARQLTF__TRB:CASSPQGYTMGYTF;CASSSMAIGDEQFF,1,1
128,TRA:CAASGGGGSNYKLTF__TRB:CASSLGSEKLFF;CSARHRGLAGESGNEQFF,1,1
129,TRA:CAASGGGTYKYIF__TRB:CSARDFRHLSTDTQYF,1,2
130,TRA:CAASGGNAGNMLTF;CVVSDQAGGGADGLTF__TRB:CASQRRAGRGREQFF,1,1
131,TRA:CAASGGNQFYF;CAASNTDKLIF__TRB:CASSQVRDGEQFF,3,3
132,TRA:CAASGGSSGYALNF__TRB:CASSRGFSYEQYF,2,2
133,TRA:CAASGGSSNTGKLIF__TRB:CASSRARVNNEQFF,1,1
134,TRA:CAASGGSYIPTF__TRB:,1,1
135,TRA:CAASGGSYIPTF__TRB:CASSPPSSGLGEQYF,1,1
136,TRA:CAASGGTYKYIF__TRB:CASSPSRAGHNSPLHF,1,1
137,TRA:CAASGLGNTGNQFYF__TRB:CSARDLISGTRETQYF,13,13
138,TRA:CAASGLSGGSYIPTF__TRB:CASSGRVNQPQHF,1,1
139,TRA:CAASGLSGGSYIPTF__TRB:CSASPKTAYGYTF,1,1
140,TRA:CAASGSARQLTF__TRB:CASSLTLGGEHGYTF,3,4
141,TRA:CAASGSTDKLIF__TRB:CASSPVQSSYNEQFF,1,1
142,TRA:CAASGTTYNFNKFYF__TRB:CASSQEDRENEQYF,1,1
143,TRA:CAASGTYKYIF__TRB:CASSLSSRLITYEQYF,1,1
144,TRA:CAASGVGSSNTGKLIF__TRB:CASRRSGGMNTEAFF,1,1
145,TRA:CAASHGGATNKLIF__TRB:CASSSRTADSGNTIYF,1,1
146,TRA:CAASHPWLTF__TRB:CASSLGRAGYGYTF,1,1
147,TRA:CAASIDSGGSNYKLTF__TRB:CASSHPLGQGGVEQFF,1,1
148,TRA:CAASIGGATNKLIF__TRB:CASSHPGATYEQYF,4,4
149,TRA:CAASIGTGNQFYF__TRB:CASSLRTSGSDEQFF,1,1
150,TRA:CAASILLLRPGAAGNKLTF;CAFRTGGSYIPTF__TRB:CASNDLEVTGELFF,1,1
151,TRA:CAASILQGAQKLVF__TRB:CASSWGAGTDTQYF,1,1
152,TRA:CAASISGNTPLVF__TRB:CASVYGRSSGQYF,1,1
153,TRA:CAASITTGRRALTF;CLVAPSGSARQLTF__TRB:CASSDVADTQYF,3,3
154,TRA:CAASKGNNARLMF__TRB:CASSISGASPGELFF,1,1
155,TRA:CAASKGSYTGTASKLTF__TRB:CASSGIGTYNEQFF;CSARAPGIEETNQPQHF,1,1
156,TRA:CAASKGSYTGTASKLTF__TRB:CASSLLRSTDTQYF;CSARAPGIEETNQPQHF,1,1
157,TRA:CAASKGSYTGTASKLTF__TRB:CSARAPGIEETNQPQHF,6,6
158,TRA:CAASLDGGFKTIF__TRB:CASSLGARAPYGYTF,2,3
159,TRA:CAASLFTGKLIF;CALSGVGNTPLVF__TRB:CASSTRVELEAFF,3,3
160,TRA:CAASLFTGKLIF__TRB:CASGDSFVYGYTF;CASSTRVELEAFF,1,1
161,TRA:CAASLFTGKLIF__TRB:CASSTRVELEAFF,18,18
162,TRA:CAASLMFSGGYNKLIF__TRB:CASSSMRGNQPQHF,1,1
163,TRA:CAASLNARLMF;CATYTGNQFYF__TRB:CSAPTSPINYGYTF,1,1
164,TRA:CAASLNFGNEKLTF;CLLANFGNEKLTF__TRB:CSAPRAGQLNTEAFF,1,1
165,TRA:CAASLTGANNLFF__TRB:CSWTSGSTDTQYF,1,1
166,TRA:CAASLYSTLTF;CAMNEDTDKLIF__TRB:CSARDPFTSGRVISTDTQYF,1,1
167,TRA:CAASMDSSYKLIF;CAVNIGFGNVLHC__TRB:CASSSGQGSYGYTF,13,13
168,TRA:CAASMGAGGSYIPTF;CAVIPKAAGNKLTF__TRB:CATSDPGLYNEQFF,1,1
169,TRA:CAASMGYALNF;CAMGSGGADGLTF__TRB:CASSAFLAIHEQFF,1,4
170,TRA:CAASMGYALNF__TRB:,2,2
171,TRA:CAASMGYALNF__TRB:CASRFSNSEVADTQYF;CSARDSTGGNTIYF,1,8
172,TRA:CAASMHNNNDMRF__TRB:CASRYLGTDNEQFF,1,1
173,TRA:CAASMNSGYSTLTF__TRB:CAWSLSSGGALNEQFF,1,1
174,TRA:CAASMNTGFQKLVF__TRB:CSAYRQPNQPQHF,1,1
175,TRA:CAASMTLNKFYF__TRB:CASSPLGETQYF,1,1
176,TRA:CAASMYKGFGNVLHC__TRB:CASSSAGARDQPQHF,1,1
177,TRA:CAASMYSNQFYF;CAMSEFSGNKLVF__TRB:CSARGPQGAAEAFF,1,1
178,TRA:CAASNLFNQAGTALIF__TRB:CASSPLRDRGLEGNYGYTF,1,1
179,TRA:CAASNNQAGTALIF__TRB:CSARSGSQPQHF,1,1
180,TRA:CAASNTGGFKTIF__TRB:CASSSRTRAEQYF,2,2
181,TRA:CAASPKIQGAQKLVF;CILGTSYGKLTF__TRB:CASSLIARAPYEQYF,1,1
182,TRA:CAASPNAGKSTF__TRB:CSASAEANSPLHF,2,2
183,TRA:CAASPRTYNNNDMRF;CAMRAIDDKIIF__TRB:CASSITVTNTEAFF,2,2
184,TRA:CAASPSGGGADGLTF__TRB:CASSLTSRSYNEQFF,5,5
185,TRA:CAASPSTQAGTALIF__TRB:CASRAGYGYTF,8,8
186,TRA:CAASQGGAQKLVF__TRB:CASSSLSYEQYF,1,1
187,TRA:CAASRALGKIGGTSYGKLTF__TRB:CASSQIGVFQETQYF,1,1
188,TRA:CAASRDAGKSTF__TRB:CASRPGQQETQYF,1,1
189,TRA:CAASRDGGFKTIF;CVVNIRENQAGTALIF__TRB:CASRPQPSGNTIYF,6,15
190,TRA:CAASRDGGFKTIF__TRB:,4,4
191,TRA:CAASRGGSQGNLIF;CIGYNTDKLIF__TRB:CASSWTSGINNEQFF,1,1
192,TRA:CAASRGSARQLTF__TRB:CSARDEIFQPSGYEQYF,1,1
193,TRA:CAASRNTGFQKLVF__TRB:CASSLTHGGALIYGYTF,3,3
194,TRA:CAASRRDSSYKLIF__TRB:CASSQEAGGDQPQHF,2,2
195,TRA:CAASRTGNQFYF;CAVPGNTGKLIF__TRB:CASSPLGGEDGYTF,1,1
196,TRA:CAASRTGNQFYF__TRB:CASSQRAPYHEQYF,1,2
197,TRA:CAASRTGTASKLTF__TRB:CASSPSIWRGGLSGEQFF,1,1
198,TRA:CAASRYGDKLTF__TRB:CASSVEDRGKYNEQFF,1,1
199,TRA:CAASSGGGNKLTF__TRB:CASRTGGFTDTQYF,3,3
200,TRA:CAASSGSNYQLIW__TRB:CASSWGAQGGYEQYF,8,9
201,TRA:CAASSINSGNTPLVF__TRB:,2,2
202,TRA:CAASSINSGNTPLVF__TRB:CASSLGFIDRGQSGNTIYF,1,1
203,TRA:CAASSINSGNTPLVF__TRB:CASSLGFIDRGQSGNTIYF;CASSLRDEQFF,1,1
204,TRA:CAASSINSGNTPLVF__TRB:CASSLRDEQFF,47,48
205,TRA:CAASSINSGNTPLVF__TRB:CAWRNGYTEAFF,1,1
206,TRA:CAASSNNAGNMLTF__TRB:CASNPSWIQETQYF,1,1
207,TRA:CAASSNQGGKLIF__TRB:CASSLGPNYEQYF,2,2
208,TRA:CAASSWNNDMRF__TRB:CASSFPAISTDTQYF,1,1
209,TRA:CAASTIILNSGYALNF;CALGGYGQNFVF__TRB:CASSYLGDLGYTF,1,1
210,TRA:CAASTYNAGNNRKLIW__TRB:CASSWGTSGHEQFF,1,1
211,TRA:CAASVDMDSSYKLIF;CVVSGTSYDKVIF__TRB:CASSLGPGLSTDTQYF;CASSRTGGANYGYTF,1,1
212,TRA:CAASVGNAGNMLTF__TRB:CSAPTSGITDTQYF,2,2
213,TRA:CAASVGQGNLIF;CLLWFTGTASKLTF__TRB:CASSVLGGNEQFF,1,1
214,TRA:CAASVGTGANSKLTF__TRB:CASSQGLNNEQFF,2,2
215,TRA:CAASVHGGSQGNLIF__TRB:CASSVTRTEYGYTF,5,5
216,TRA:CAASVNNAGNMLTF__TRB:CASRITTGLGYGYTF,1,1
217,TRA:CAASVNSGYALNF__TRB:CSARDLREGLDRYEQYF,1,1
218,TRA:CAASVTGNQFYF;CIVRDNNAGNMLTF__TRB:CASSPWGGNSPLHF,1,1
219,TRA:CAASVTRLMF__TRB:CASSFGGRTNYGYTF,1,1
220,TRA:CAASWGGAQKLVF__TRB:CASSHRPSGTGEQPQHF,1,1
221,TRA:CAASYGQNFVF__TRB:CASSLNTGGSYNEQFF,1,1
222,TRA:CAASYNQGGKLIF__TRB:CASSQGPNYEQFF,1,1
223,TRA:CAATASKLTF__TRB:CASSLASRSDTQYF,1,1
224,TRA:CAATDTGRRALTF__TRB:CASSPAGELFF,1,1
225,TRA:CAATESGYSTLTF;CAVSEGNFNKFYF__TRB:CASSYTGGSYNEQFF,1,1
226,TRA:CAATGDNYGQNFVF__TRB:CSASGDMETQYF,1,1
227,TRA:CAATIRGGATNKLIF;CAVTTSEAGGYNKLIF__TRB:CASSGGLSNTEAFF,1,1
228,TRA:CAATLEGGKLIF__TRB:CSARFSGLFADTQYF,1,1
229,TRA:CAATLPGTASKLTF;CAVVGSARQLTF__TRB:CSVRPSGNTIYF,8,14
230,TRA:CAATNSGYALNF__TRB:CASSFGLANYEQYF,1,1
231,TRA:CAATNTGFQKLVF;CAVRPNTGFQKLVF__TRB:CASSLRDRVVRNEQFF,1,1
232,TRA:CAATPTGNQFYF__TRB:CATQMGGNSPLHF,8,8
233,TRA:CAATRDNNDMRF__TRB:CASSPLIGGTGNTIYF,1,1
234,TRA:CAATSSNTGNQFYF__TRB:CATSEADGSYEQYF,1,1
235,TRA:CAATSVSGYSTLTF__TRB:CASSYGLTSYEQYF,1,1
236,TRA:CAATTGNQFYF__TRB:CASSFATGELFF,3,2
237,TRA:CAATYNNNDMRF__TRB:CASSRGGSSYEQYF,1,1
238,TRA:CAATYTGTASKLTF__TRB:CASSSSRADTVDEQYF,1,1
239,TRA:CAAVPRGGSYIPTF__TRB:CASSSRDRKLFF,1,2
240,TRA:CAAWGYQKVTF__TRB:CASSLMGNTEAFF,2,2
241,TRA:CAAYMNRDDKIIF__TRB:CASIEGLSYEQYF,2,2
242,TRA:CAAYNFNKFYF__TRB:CASSSTLGNTIYF,1,1
243,TRA:CAAYSGGGADGLTF__TRB:CASSLTVVNTEAFF,1,1
244,TRA:CAAYSGGGADGLTF__TRB:CASTPGSGQPQHF,1,1
245,TRA:CAAYYGQNFVF;CLVGDGGGYQKVTF__TRB:CSARALPGQGFQPQHF,1,1
246,TRA:CACDDLNTDKLIF__TRB:CASKVYSGANVLTF,1,1
247,TRA:CACRRSNDYKLSF__TRB:CASSRGEKLFF,1,1
248,TRA:CADLGYYNAGNMLTF__TRB:CASSPRSLNVLTF,1,1
249,TRA:CADNTDKLIF;CALSDRRTGRRALTF__TRB:CASSQGAAQSYEQYF,2,2
250,TRA:CADNYNAGNMLTF;CILRAAGNKLTF__TRB:CASSLQGRGYGYTF,1,1
251,TRA:CADTETGANNLFF__TRB:CASSFVHSPDTQYF,2,2
252,TRA:CADTSGTYKYIF__TRB:CASSRAGTFFPEAFF,1,1
253,TRA:CAEDDSWGKLQF;CAVTRGAGRRALTF__TRB:CASSEVTGAQPQHF,2,2
254,TRA:CAEERGSNYKLTF__TRB:CATAGTSGNNEQFF,3,3
255,TRA:CAEGPNSGYALNF__TRB:CASSVAIAGYTGELFF,1,1
256,TRA:CAEGTSGSRLTF__TRB:CASSTARDTQYF,1,1
257,TRA:CAEHNAGNMLTF__TRB:CASSSPLERAGVYGYTF,1,1
258,TRA:CAEHRDDKIIF;CLLGDRRKSSGDKLTF__TRB:CASNRDRDYGYTF;CASSLGTWGNQPQHF,2,2
259,TRA:CAEHRDDKIIF;CLLGDRRKSSGDKLTF__TRB:CASSLGTWGNQPQHF,3,3
260,TRA:CAEISSGSARQLTF__TRB:CASSDQGAGEKLFF,1,1
261,TRA:CAEMKDNTDKLIF__TRB:CATSDPPRRGDNEQFF,1,1
262,TRA:CAENAGNNRKLIW__TRB:CASRGLRGPNYGYTF,2,2
263,TRA:CAENEGGFKTIF;CEGSARQLTF__TRB:CASSPVSGGEDTF,1,1
264,TRA:CAENFSGSARQLTF;CATENSGGSNYKLTF__TRB:CASSLDARGAFF;CATRGSGRNEQYF,1,1
265,TRA:CAENGGYGGATNKLIF__TRB:CASSEDRPIRSPLHF,2,2
266,TRA:CAENGPGGADGLTF__TRB:CASRPSGRAREQYF,1,1
267,TRA:CAENIRDSGGGADGLTF__TRB:CSQDRGTDTQYF,1,1
268,TRA:CAENLSSNTGKLIF__TRB:CASGAYEQYF,2,2
269,TRA:CAENPGQKLLF;CAVSGGGFKTIF__TRB:CASGGQGSTDTQYF,1,1
270,TRA:CAENTGGFKTIF__TRB:CASRQGSNTIYF,4,4
271,TRA:CAEPWANQAGTALIF__TRB:CASSPRVAGLAEQFF;CASSWRGSNQPQHF,1,1
272,TRA:CAEREETGANNLFF__TRB:CASSLSLARFNEQYF,1,1
273,TRA:CAERIYNQGGKLIF__TRB:CSVERGGTDTQYF,1,1
274,TRA:CAERREYGNKLVF__TRB:CASSWRTTNTGELFF,1,1
275,TRA:CAESEDSWGKLQF;CAMRVPGGYNKLIF__TRB:CASSQERRISQETQYF,2,2
276,TRA:CAESEDSWGKLQF;CAMRVPGGYNKLIF__TRB:CASSQERRISQETQYF;CSVPSPGRVAYEQYF,2,2
277,TRA:CAESEDSWGKLQF__TRB:CATSDPPRRGDNEQFF;CSVPSPGRVAYEQYF,1,2
278,TRA:CAESEGYSTLTF__TRB:CASSETTGGGQPQHF;CASSSGTVAGELFF,1,1
279,TRA:CAESEGYSTLTF__TRB:CASSQDIVRVPELSNYGYTF;CASSSGTVAGELFF,1,1
280,TRA:CAESEGYSTLTF__TRB:CASSSGTVAGELFF,6,6
281,TRA:CAESETGANNLFF__TRB:CASGPDLGGNNEQFF;CATSQRGVSYEQYF,1,1
282,TRA:CAESETGANNLFF__TRB:CASSGRDSRLNNEQFF,2,2
283,TRA:CAESETGANNLFF__TRB:CASTGTASTDTQYF,6,6
284,TRA:CAESGGYSTLTF__TRB:CASSLKAWGRGAQETQYF,1,1
285,TRA:CAESIDSGYSTLTF__TRB:CASSGLAGAGETQYF,1,1
286,TRA:CAESIRNSGNTPLVF__TRB:CAIRGGSGGPTDTQYF,1,1
287,TRA:CAESIRSNDYKLSF;CALSGPSGNTPLVF__TRB:CASSQQNTEAFF,1,1
288,TRA:CAESIRSNDYKLSF__TRB:,3,3
289,TRA:CAESIRSNDYKLSF__TRB:CASSLTGGAGGYTF,5,5
290,TRA:CAESIRSNDYKLSF__TRB:CASSLTVLPSGNTEAFF,1,1
291,TRA:CAESIYSGYALNF__TRB:CSAPRGRGPGGAGTGELFF,2,3
292,TRA:CAESLLSGGSYIPTF;CAVRAFSGGYNKLIF__TRB:CSARGTGLAGGNEQFF,1,1
293,TRA:CAESLSSNTGKLIF;CAFNPYTGGFKTIF__TRB:CASRPVLSGNTIYF,1,1
294,TRA:CAESMRRDDKIIF;CAVRDFLLNNNNDMRF__TRB:CSATDEKLFF,1,1
295,TRA:CAESNSGNTPLVF__TRB:CASTLRGSYGYTF,1,1
296,TRA:CAESPGGYQKVTF;CIVSSRMDSSYKLIF__TRB:CASSLMQTRQNIQYF;CASSLSQETQYF,1,1
297,TRA:CAESPGGYQKVTF__TRB:CASSLMQTRQNIQYF,2,2
298,TRA:CAESQGGNNRLAF__TRB:CASSLEDEAFF,1,1
299,TRA:CAESSSGGSYIPTF__TRB:CASSLMGQGNQPQHF,1,1
300,TRA:CAETQGYSSASKIIF__TRB:CASSLEGGETIAKNIQYF,4,4
301,TRA:CAETSGSRLTF__TRB:CASSEPGFTEAFF,1,1
302,TRA:CAFDGNNNDMRF__TRB:CASSLAPAGLPYEQYF,1,1
303,TRA:CAFDGQNFVF;CALSEETSGSRLTF__TRB:CASSLAGNGPYEQYF,1,1
304,TRA:CAFDSGTSGSRLTF__TRB:CASSFQGRAYNSPLHF,1,1
305,TRA:CAFEGRTYKYIF__TRB:CSAPLGGVGETQYF,1,1
306,TRA:CAFERDSSYKLIF__TRB:CAISGTGSSYNEQFF,1,1
307,TRA:CAFFPRNAGNMLTF__TRB:CASSQGPDARGEETQYF,3,3
308,TRA:CAFGTSYGKLTF__TRB:,4,4
309,TRA:CAFGTSYGKLTF__TRB:CASTSGASNTEAFF,6,6
310,TRA:CAFIANDMRF;CAVTPGAGSYQLTF__TRB:CASSLDPVLAFF;CSAFETRPERLYEQYF,1,1
311,TRA:CAFIANDMRF__TRB:,1,1
312,TRA:CAFIANDMRF__TRB:CASSLDPVLAFF,1,1
313,TRA:CAFIANDMRF__TRB:CSAFETRPERLYEQYF,1,1
314,TRA:CAFILTGNQFYF__TRB:,2,2
315,TRA:CAFILTGNQFYF__TRB:CASKPSLGSSPLHF,13,13
316,TRA:CAFISTGGKLIF__TRB:CASSMRGLPTDTQYF,1,1
317,TRA:CAFKAAGNKLTF__TRB:CSAGWRGLGPPYEQYF,1,1
318,TRA:CAFKLDGQKLLF;CALSGSSGGYQKVTF__TRB:CSVDRGPGYTF,3,3
319,TRA:CAFLYNQGGKLIF__TRB:CSANKYPAGSNTDTQYF,1,1
320,TRA:CAFMFLFGNEKLTF__TRB:,1,1
321,TRA:CAFMGYFGNEKLTF__TRB:CASREGNTEAFF,1,1
322,TRA:CAFMIIGPGAGGTSYGKLTF__TRB:CASSLNRAGGPNEQFF;CSARTIPRNTIYF,1,3
323,TRA:CAFMIQGAQKLVF__TRB:CASSIPTVHEAFF,1,2
324,TRA:CAFMIYTGANSKLTF__TRB:CASSLTASYEQYF,1,1
325,TRA:CAFMKAGAGSYQLTF__TRB:CASSLAGDYEQYF,1,1
326,TRA:CAFMKGYNQGGKLIF__TRB:CSASARDAAFF,1,1
327,TRA:CAFMKGYNTDKLIF__TRB:CASSQVRRGGGYTF,1,1
328,TRA:CAFMKHGDLNDMRF__TRB:CASRTDEGGDTQYF,3,3
329,TRA:CAFMKHGSNTGKLIF__TRB:CASSRILQMSGNTIYF,1,1
330,TRA:CAFMKLGGNDMRF;CATDGETSGSRLTF__TRB:CAWSILPGQGPYTEAFF,1,1
331,TRA:CAFMKLGQKLVF__TRB:CASSFSGGRATQYF,1,1
332,TRA:CAFMKLNTNAGKSTF__TRB:CASSLIGWADTQYF,1,1
333,TRA:CAFMKNTNAGKSTF__TRB:CASSPRIEVYGYTF,1,1
334,TRA:CAFMKPEVSNQFYF__TRB:CARRAHSGNTIYF;CASSLAQARNSPLHF,23,26
335,TRA:CAFMKPFGQNFVF__TRB:CASSAAGSNQPQHF,1,2
336,TRA:CAFMKPKGGSEKLVF__TRB:CASSFTSGRGADTQYF,1,1
337,TRA:CAFMKPSFTSGTYKYIF;CTVTGANNLFF__TRB:CSARGWWRGGVVNTEAFF,2,3
338,TRA:CAFMKPSFTSGTYKYIF__TRB:,10,10
339,TRA:CAFMKPSFTSGTYKYIF__TRB:CATGRDNQPQHF,29,29
340,TRA:CAFMKPSFTSGTYKYIF__TRB:CSVRDRGLYGYTF,1,1
341,TRA:CAFMKPSGTYKYIF__TRB:CSARDWGGASYEQYF,1,1
342,TRA:CAFMKPTGNQFYF__TRB:CAWWGWVGHYGYTF,1,1
343,TRA:CAFMKQVDSNYQLIW__TRB:CASRGPSTDTQYF,6,7
344,TRA:CAFMKRGGNYGQNFVF__TRB:CASSQEFSGSNQPQHF,1,2
345,TRA:CAFMKRGGTSYGKLTF__TRB:CASSYLANYGYTF,1,1
346,TRA:CAFMKSGTSYGKLTF__TRB:CATSRVAGYEQYF,2,2
347,TRA:CAFMKTTGTASKLTF;CIVPSNFGNEKLTF__TRB:CASSLTGFRSGNTIYF,1,1
348,TRA:CAFMKYNNNDMRF__TRB:CASSPQQLNTEAFF,1,1
349,TRA:CAFMMMNRDDKIIF__TRB:CSAGGGTSGAQETQYF,1,1
350,TRA:CAFMNPRDDKIIF;CAGLNNTDKLIF__TRB:CASSVATGAYEQYF,1,1
351,TRA:CAFMNPSNQAGTALIF__TRB:CSVVKGHPNTEAFF,1,1
352,TRA:CAFMNPTRSDMRF__TRB:CASRSFWGKSPYEQYF,1,1
353,TRA:CAFMNQGGSEKLVF__TRB:CSPQQRSYEQYF,1,1
354,TRA:CAFMPPGTYKYIF__TRB:CASTSYEQYF,2,2
355,TRA:CAFMPTGTSGSRLTF__TRB:CASIPDFVGTEAFF,1,1
356,TRA:CAFMRSRSGGSNYKLTF__TRB:CASIWGTEAFF,1,1
357,TRA:CAFMSLTNAGKSTF;CIPLSPRGAQKLVF__TRB:CASIFTGELFF,1,1
358,TRA:CAFMSRLHSGGGADGLTF__TRB:CASSLFLGTDTQYF,2,2
359,TRA:CAFMTEGTSGSRLTF__TRB:CASKGGLYEQYF,1,1
360,TRA:CAFMTHFGNEKLTF__TRB:CASSLAGNYEQYF,1,1
361,TRA:CAFMTIGGGADGLTF;CARPHSGGSNYKLTF__TRB:CASSLAGSLYGYTF,1,1
362,TRA:CAFMTLNSGYSTLTF__TRB:CASSLALLENTEAFF,1,1
363,TRA:CAFMTSGGYQKVTF__TRB:CASSQLAGGNYNEQFF,1,1
364,TRA:CAFRFSGTYKYIF__TRB:CASSTYRNTIYF,1,1
365,TRA:CAFRGDMRF__TRB:CASSLGTSGSYEQYF,17,17
366,TRA:CAFRGTGFQKLVF__TRB:CSARDRLAGGITGELFF,1,1
367,TRA:CAFRNAGNMLTF__TRB:CASSLAGTANTEAFF,1,1
368,TRA:CAFRPGGTSYGKLTF__TRB:CASSHRGPMWAFF,10,10
369,TRA:CAFSDGGGGADGLTF__TRB:CASSVGTGAYQPQHF,3,4
370,TRA:CAFSNTGFQKLVF__TRB:CASSSLAGENIQYF,1,1
371,TRA:CAFTGPYNFNKFYF__TRB:CASSLGTSYQETQYF,1,1
372,TRA:CAFTPRGAQKLVF__TRB:CASSLAGARAEAFF,1,1
373,TRA:CAFTPRKRDDKIIF__TRB:CATSGPGLYEQYF,2,2
374,TRA:CAFTSSYHAGGTSYGKLTF__TRB:CASSVGAHRTEAFF,1,1
375,TRA:CAFVSGGYQKVTF__TRB:,1,1
376,TRA:CAFWGAQKLVF__TRB:CSALIGSNSPLHF,9,9
377,TRA:CAFYNYGQNFVF;CAGPQGTGTASKLTF__TRB:CASSQTTGWYGYTF,1,1
378,TRA:CAFYSGNTPLVF__TRB:CASSLSRGTEAFF,1,1
379,TRA:CAGAEGTSGTYKYIF;CAVKWEALGASKIIF__TRB:CASSQWGRAALTYEQYF,1,1
380,TRA:CAGALRFVGNMLTF__TRB:CAISGVDQPQHF;CASGPEGSPLRQEQFF,1,3
381,TRA:CAGAMARLMF__TRB:CASSDRDRQAFF,1,1
382,TRA:CAGAPKGDSNYQLIW__TRB:CASSQFYYRGMNTEAFF,1,1
383,TRA:CAGAQNARLMF__TRB:CASSQVAGGRNEQFF,4,4
384,TRA:CAGARYSSASKIIF;CAPPRGF__TRB:CASRGRTQLPYEQYF,1,1
385,TRA:CAGASAGNNRKLIW__TRB:CSVRRTSGRTDTQYF,1,1
386,TRA:CAGATPNSGYALNF__TRB:CASSLAPYGGSYEQYF,1,1
387,TRA:CAGAWAGNNRKLIW__TRB:CASSHGTSGFTDTQYF,1,1
388,TRA:CAGAYRGSARQLTF__TRB:CASSQQGFYGYTF,1,1
389,TRA:CAGDDGNQFYF__TRB:CASSPTSKKETQYF,1,1
390,TRA:CAGDDKIIF__TRB:CSARYGFYNEQFF,1,1
391,TRA:CAGDGNKLVF__TRB:,2,2
392,TRA:CAGDPPYGQNFVF__TRB:CSVIGTDYGYTF,6,17
393,TRA:CAGDQAGTALIF__TRB:CASSVEGTGGYEQYF,1,1
394,TRA:CAGDSGNTPLVF__TRB:CASSYRLARIGELFF,1,1
395,TRA:CAGDSNYQLIW__TRB:CAISEGSANPQETQYF,1,1
396,TRA:CAGDSTGKLIF__TRB:CASRRTTNTGELFF,2,2
397,TRA:CAGEGSGAGSYQLTF__TRB:CASSVGGGYTDTQYF,1,1
398,TRA:CAGETYNFNKFYF__TRB:CSARGDRVRDTQYF,2,2
399,TRA:CAGFSSGSARQLTF__TRB:CASSVWVGGNEQFF,3,3
400,TRA:CAGGAFGNEKLTF__TRB:CASSFRGRLEKLFF,1,1
401,TRA:CAGGGFGNVLHC;CAVNSYNQGGKLIF__TRB:CASSYSGTDPYEQYF,1,1
402,TRA:CAGGGGATNKLIF__TRB:CASTPSPGLAIYNEQFF,1,1
403,TRA:CAGGGGDSNSGYALNF__TRB:CASSMGANQPQHF,1,1
404,TRA:CAGGGGSEKLVF__TRB:CASSASTSGSYEQYF,1,1
405,TRA:CAGGGGYQKVTF;CALSGDYKLSF__TRB:CSARIAAGSYGYTF,1,1
406,TRA:CAGGGSARQLTF__TRB:CASSGGGQSNYGYTF,2,2
407,TRA:CAGGGTYKYIF;CAVKGTGGFKTIF__TRB:CSAREGGQMNTEAFF,1,1
408,TRA:CAGGHNFNKFYF__TRB:CASSLGGGANTEAFF,1,1
409,TRA:CAGGHYGGYQKVTF__TRB:CASSPGISTDTQYF,1,1
410,TRA:CAGGNTGGFKTIF__TRB:CASSYGSGRERKRNYNEQFF,42,43
411,TRA:CAGGNTGKLIF__TRB:CASSLGQGLLEYNEQFF,2,2
412,TRA:CAGGPYNQGGKLIF__TRB:CSASTSGRAYGELFF,1,1
413,TRA:CAGGSNYKLTF__TRB:CASKRWGHSNQPQHF,2,2
414,TRA:CAGGSYIPTF__TRB:CSATQTVNYGYTF,1,1
415,TRA:CAGGYGGATNKLIF;CGTADSGYALNF__TRB:CASSLDRSGINEQYF,1,1
416,TRA:CAGGYGGATNKLIF__TRB:CASSRTGLSDTQYF,1,1
417,TRA:CAGHGYNKLIF;CATWDGQNFVF__TRB:CASSFLQGGGTDTQYF,1,1
418,TRA:CAGHPGANSKLTF__TRB:CASSIVTGWYGQGARTEAFF,1,1
419,TRA:CAGHYLQGAQKLVF;CASTRGFGNEKLTF__TRB:CASSFQQGSYEQYF,1,1
420,TRA:CAGIGNQFYF__TRB:CASRGQNNSPLHF,1,1
421,TRA:CAGIGSNDYKLSF__TRB:CASLNDMNTEAFF,1,1
422,TRA:CAGILSSNTGKLIF__TRB:CSARGAVWTEAFF,1,1
423,TRA:CAGIQGAQKLVF__TRB:CASSYSADRGYTF,1,1
424,TRA:CAGKDYKLSF__TRB:CASSWTGTEAFF,1,1
425,TRA:CAGKTGANNLFF__TRB:CASSSPGQNSPLHF,1,1
426,TRA:CAGLDTGNQFYF__TRB:CSASTPSGFSDTQYF,21,22
427,TRA:CAGLQGAQKLVF__TRB:CASSHSGRGGETQYF,1,1
428,TRA:CAGLVHSNYQLIW__TRB:CASSLVRPGQRDTGTQYF,1,1
429,TRA:CAGLWTGNQFYF__TRB:CATSDSSSDTQYF,1,1
430,TRA:CAGLYFFSGTYKYIF__TRB:CASSTVAGDYNEQFF,1,1
431,TRA:CAGMDSNYQLIW__TRB:CASSDSANSPLHF,1,1
432,TRA:CAGMDSSYKLIF__TRB:CASSEGAGGIDEQFF,1,1
433,TRA:CAGNQGGKLIF__TRB:CSASQGVGNTIYF,1,1
434,TRA:CAGNSITGNQFYF__TRB:CASSPGQSPNSPLHF,1,1
435,TRA:CAGPDSGGSNYKLTF;CAVTSNSGYALNF__TRB:CASSLYEQYF;CASSSQGPNSPLHF,1,1
436,TRA:CAGPEETGANNLFF__TRB:CASSVSEETQYF,1,1
437,TRA:CAGPFKEGTYKYIF__TRB:CATSDPGQGQYF,1,1
438,TRA:CAGPFPTTSGTYKYIF__TRB:CASSLRWTTKLTDTQYF,1,1
439,TRA:CAGPLPDYKLSF__TRB:CASSLAGLRTDTQYF,1,1
440,TRA:CAGPLYGGSQGNLIF__TRB:CASSGQVTNYGYTF,1,1
441,TRA:CAGPNSGGSNYKLTF__TRB:CASSLAMVFPGGNEKLFF,1,1
442,TRA:CAGPRASGGSYIPTF__TRB:CASSHPVVVAGYEQYF,1,1
443,TRA:CAGPSSNTGKLIF__TRB:CASSLRTSGGEWTYNEQFF,1,1
444,TRA:CAGPTGGYQKVTF__TRB:CASSSPAAGANVLTF,1,1
445,TRA:CAGPYFGNEKLTF__TRB:CASSFGGGHTDTQYF,2,2
446,TRA:CAGQDSGAGSYQLTF__TRB:CASSLSHRSVYGYTF,1,1
447,TRA:CAGQEGGSEKLVF__TRB:CRWGGNEQFF,1,1
448,TRA:CAGQGGGNKLVF;CAVGLSGTYKYIF__TRB:CASSEGVGTGVGKYF,1,1
449,TRA:CAGQGGSEKLVF__TRB:CASSLLGTSPTQETQYF,1,1
450,TRA:CAGQGKAAGNKLTF__TRB:CSVERTRGNEQFF,1,1
451,TRA:CAGQLLLYGNKLVF;CLLGDHPEGGSQGNLIF__TRB:CASSKRQGSPDTQYF,1,1
452,TRA:CAGQLSSYGGSQGNLIF__TRB:CASSLVPGAYEQYF,4,7
453,TRA:CAGQLTGKLIF__TRB:CASSWDSYNEQFF,1,1
454,TRA:CAGQLVGGTSYGKLTF__TRB:CASSTGLAGGPGYNEQFF,1,1
455,TRA:CAGQLWEDGNKLVF__TRB:CASSPGLQETQYF,1,1
456,TRA:CAGQNPLGNNARLMF__TRB:CSASGTGWSPLHF,5,21
457,TRA:CAGQPPGTGNQFYF__TRB:CASSFAHWQPQHF,2,2
458,TRA:CAGQSNARLMF__TRB:CASSQEGRSTQYF,5,5
459,TRA:CAGQTGTASKLTF__TRB:CSVDGQGTEAFF,1,1
460,TRA:CAGRDKGDNLFF__TRB:CASSQVVGISGDTQYF,2,2
461,TRA:CAGRDSGGGADGLTF__TRB:CSARAWRLLSYEQYF,1,1
462,TRA:CAGRETSYDKVIF__TRB:CASSQDGPGTQPQHF,1,1
463,TRA:CAGRGGSNYKLTF;CIPEGNAGNMLTF__TRB:CASSDRTSGERETQYF,1,2
464,TRA:CAGRGMKTSYDKVIF__TRB:CAQAVIEPGGYTF,1,2
465,TRA:CAGRGSGNTPLVF__TRB:CASRPRPGLRGANVLTF,4,4
466,TRA:CAGRLLTTDSWGKLQF__TRB:CASSIASGWAFF,1,1
467,TRA:CAGRLTGGGNKLTF__TRB:CASSGDRLIPNYGYTF,1,1
468,TRA:CAGRNNNARLMF__TRB:CASSLGLRGQGKGYTF,2,2
469,TRA:CAGRNNNARLMF__TRB:CATSRSSGELFF,1,1
470,TRA:CAGRSDNDMRF__TRB:CAISPQGSHNSPLHF,1,1
471,TRA:CAGRSGSSNTGKLIF;CILSDYKLSF__TRB:CASSQNRIGGGNTIYF,1,1
472,TRA:CAGRTGGGNKLTF;CAVSSASGGSYIPTF__TRB:CASSLGGYQETQYF,3,4
473,TRA:CAGRVSGAAGNKLTF;CAPPRGIILTGGGNKLTF__TRB:CASSAPTTGGRGNTIYF,1,1
474,TRA:CAGRYNFNKFYF__TRB:CASSQAAASNQPQHF,1,1
475,TRA:CAGSGAGSYQLTF__TRB:CASSAHSANQPQHF,4,5
476,TRA:CAGSGCGATNKLIF;CGTERAGGYQKVTF__TRB:CASRRGGSSSGANVLTF,1,2
477,TRA:CAGSGSARQLTF__TRB:CAWSHREGTEAFF,1,1
478,TRA:CAGSPNNARLMF__TRB:CASSPDSSTDTQYF,1,1
479,TRA:CAGSQGAQKLVF__TRB:CASSLAPLRDTEAFF,1,1
480,TRA:CAGSSRGSYIPTF__TRB:CASSFLNTEAFF,1,1
481,TRA:CAGTGTYKYIF__TRB:CASSLYGGSWAGELFF,1,1
482,TRA:CAGTRAGSYQLTF__TRB:CASREGLAGTGELFF,2,2
483,TRA:CAGTTSGTYKYIF__TRB:CASSETNQGLGLAANEQFF;CSARDDIPGVPNSGANVLTF,1,1
484,TRA:CAGVDGAGSYQLTF__TRB:CASSPQTGEVTEAFF,2,2
485,TRA:CAGVGADNAGNMLTF;CAYRSGDDYKLSF__TRB:CASSRQGQTGGQFF,4,10
486,TRA:CAGVGNTPLVF__TRB:CSARILAGAYNEQFF,1,1
487,TRA:CAGVIGVQFYF;CALPAKTSYDKVIF__TRB:CATVGLAGGRSYEQYF,1,1
488,TRA:CAGVRGGKLIF;CALKTSGYMNYGGSQGNLIF__TRB:CSARDIGDPNEKLFF,1,1
489,TRA:CAGVRNTGNQFYF__TRB:,3,3
490,TRA:CAGVRNTGNQFYF__TRB:CASSLTSGMVVVEQYF,23,25
491,TRA:CAGWNTDKLIF__TRB:CASSIILANEQFF,1,1
492,TRA:CAGWSASGTYKYIF__TRB:CASSFFGEQETQYF,97,98
493,TRA:CAGYGANNLFF__TRB:CASGSGARPQHF,1,1
494,TRA:CAGYGNNRLAF__TRB:CASSSTPDKHF,1,1
495,TRA:CAGYMNTGFQKLVF__TRB:CASSNRALIYF,1,1
496,TRA:CAGYSGYSTLTF__TRB:CASSLGSPGGTEAFF,1,1
497,TRA:CAHPRGYGGSQGNLIF__TRB:,1,1
498,TRA:CAHQRGAGNMLTF__TRB:CASSLSSTGELFF,1,1
499,TRA:CAHSGAGNNRKLIW;CALLTESTDKLIF__TRB:CASSEWDRKNIQYF,2,2
500,TRA:CAHSGGSNYKLTF__TRB:CASSITSGSGTGELFF,5,5
501,TRA:CAHTSSDGQKLLF__TRB:CASKPLSGYTF,2,2
502,TRA:CAIFNMDSNYQLIW__TRB:CASSYSGVSQPQHF,1,1
503,TRA:CAILGGSDSWGKLQF__TRB:CASSSKTGTPYEQYF,4,4
504,TRA:CAILSGTYKYIF__TRB:,5,5
505,TRA:CAILSGTYKYIF__TRB:CASNSQQNEQFF;CASSLLSGELFF,5,24
506,TRA:CAILSGTYKYIF__TRB:CASSFPDTGELFF,2,2
507,TRA:CAILSGTYKYIF__TRB:CASSLLSGELFF,320,317
508,TRA:CAILSGTYKYIF__TRB:CASSLLSGELFF;CASSLVFQRNTGELFF,113,204
509,TRA:CAILSGTYKYIF__TRB:CASSLLSGELFF;CASSQYLRVGTSNNEQFF,6,6
510,TRA:CAIPDGGATNKLIF__TRB:CASSQPSGYEQYF,1,1
511,TRA:CAIPTTNAGGTSYGKLTF__TRB:CASSFDSGVGTGELFF,1,1
512,TRA:CAISGSNDYKLSF;CAVRDYRGTNAGKSTF__TRB:CASSARDRRRYGYTF,1,2
513,TRA:CAKGGGSNYKLTF__TRB:CASSIDLPGEGTQYF,1,1
514,TRA:CALAGNQFYF;CAVFISSWGKLQF__TRB:CASSLSSGEYGYTF,2,3
515,TRA:CALAGQAGTALIF__TRB:CSPTPPGRGNNEQFF,2,3
516,TRA:CALAYKYIF__TRB:CASSLEQSEKLFF,1,1
517,TRA:CALCTGANSKLTF__TRB:CASSDYQYNSPLHF,1,1
518,TRA:CALDISGGYNKLIF__TRB:CASSSGDTQYF,1,1
519,TRA:CALDNFNKFYF__TRB:CAIKGREGLGELFF,1,1
520,TRA:CALDYGGATNKLIF;CAMRDSTNRDDKIIF__TRB:CASSRTQETQYF,1,1
521,TRA:CALERNTGNQFYF__TRB:CASSSPGAGNTIYF,1,1
522,TRA:CALFGGGSNYKLTF__TRB:CATSANQEPGYGYTF,1,1
523,TRA:CALFNNARLMF__TRB:CASSQTDLRGYTF,1,1
524,TRA:CALFRTSGTYKYIF__TRB:CASSASGTTHNEQFF,1,1
525,TRA:CALFSGSARQLTF__TRB:CASSFGTGGTDTQYF,1,1
526,TRA:CALGGSYIPTF__TRB:CASSQEGSLAYEQYF,1,1
527,TRA:CALGGYQKVTF__TRB:CASSPPWTSGREQYF,1,1
528,TRA:CALGQGDGQKLLF;CATATSGGSYIPTF__TRB:CASSQGGRLGNTIYF,1,1
529,TRA:CALGVNTNAGKSTF;CLVGPNGETSYDKVIF__TRB:CASATYEQYF,1,1
530,TRA:CALGWSGGYNKLIF__TRB:CASSRTGTEAFF,1,1
531,TRA:CALHTDKLIF__TRB:CASSPRIRSNTEAFF,1,1
532,TRA:CALISGGYNKLIF__TRB:CSAREGYGYTF,1,1
533,TRA:CALITNAGKSTF__TRB:CASSLVVPRKREKLFF,1,1
534,TRA:CALKDGQKLLF__TRB:CSASQGPNSNQPQHF,1,1
535,TRA:CALKGGGATNKLIF__TRB:CASSEVWGGTGGVYGYTF,1,1
536,TRA:CALKGGTALIF__TRB:CASSSLGGSNTGELFF,1,1
537,TRA:CALKNTGKLIF;CVVNGTSYDKVIF__TRB:CASSLVGTWGGQDTQYF,1,1
538,TRA:CALKSFGNEKLTF__TRB:CATSRELTETVLGETQYF,1,1
539,TRA:CALKSGGSEKLVF__TRB:CASSPLPPYNEQFF,1,1
540,TRA:CALKTSYDKVIF__TRB:CASSLITQEAFF,1,1
541,TRA:CALKWPPKNRDDKIIF;CALSEGGSQGNLIF__TRB:CASRFLGQETQYF,1,1
542,TRA:CALLFTGGGNKLTF;CALSERGRDRGSTLGRLYF__TRB:CASSPRLAGGYSSTDTQYF,1,1
543,TRA:CALLLSDGQKLLF__TRB:CAISEGRDIQYF,1,1
544,TRA:CALLNFGNEKLTF__TRB:CASSLASGRGETQYF,1,2
545,TRA:CALLNQAGTALIF__TRB:CASSSPQLRRGYTF,1,1
546,TRA:CALLRFNFGNEKLTF__TRB:CSASPRGEPNTEAFF,1,1
547,TRA:CALLSGTYKYIF;CAPTTGGFKTIF__TRB:CASRDEALQGGGYTF,7,27
548,TRA:CALLSGTYKYIF__TRB:,42,41
549,TRA:CALLSGTYKYIF__TRB:CASSLPLGQGSTYGYTF,4,4
550,TRA:CALLSGTYKYIF__TRB:CASSLVFQRNTGELFF,1282,1262
551,TRA:CALMDSSYKLIF__TRB:CASGADRHF,1,1
552,TRA:CALMEYGNKLVF__TRB:CASSDQPAGYADTQYF,1,1
553,TRA:CALMNSGGYQKVTF;CAVSEEWGGKLIF__TRB:CSVEERADTQYF,1,1
554,TRA:CALMPSGSARQLTF__TRB:CASGLEEVF,1,1
555,TRA:CALNILTGGGNKLTF;CAMREKGNVLHC__TRB:CAIFTASYGYTF,1,1
556,TRA:CALNSSASKIIF;CATGRNTGFQKLVF__TRB:CASSHPPSGTGELFF,1,1
557,TRA:CALNTGFQKLVF__TRB:CASSPLIGGNTDTQYF,1,1
558,TRA:CALNVGNQFYF__TRB:CASSPWGASGQETQYF,1,1
559,TRA:CALNYGGSQGNLIF__TRB:CASPPLGGAYNEQFF,1,1
560,TRA:CALPAHNNAGNMLTF__TRB:CSASPGNQPQHF,1,1
561,TRA:CALPANQAGTALIF__TRB:CASSPDPSLSGYTF,1,1
562,TRA:CALPGGSGGYNKLIF__TRB:CASSLIGGSSYNEQFF,1,1
563,TRA:CALPINQAGTALIF__TRB:CASRLTALYGYTF,3,3
564,TRA:CALPLSKLIF;CALRFNDYKLSF__TRB:CASSLGGSGTGELFF;CATLDGEKVEGPFFEQFF,1,1
565,TRA:CALPNNAGNMLTF__TRB:CASSRGVQGLSGNTIYF;CISVSEAHVGGIDDYSNQPQHF,1,1
566,TRA:CALPQDSSYKLIF__TRB:CAISESMAGSYNEQFF,1,1
567,TRA:CALPSGTYKYIF__TRB:CASSLTGLNTEAFF,1,1
568,TRA:CALPSRARLMF__TRB:CASSKGQDLGSPLHF,1,1
569,TRA:CALPYYGNNRLAF__TRB:,1,1
570,TRA:CALRAAGNKLTF__TRB:CASRDPGQGFGYTF,2,2
571,TRA:CALRDNYGQNFVF__TRB:CASSSGQGGRNTEAFF,5,5
572,TRA:CALRFNYGQNFVF__TRB:CASSPLLGGGAGGYTF,2,2
573,TRA:CALRFSGGYNKLIF__TRB:CASSQVQGAGSPLHF,1,1
574,TRA:CALRGGADGLTF__TRB:CASGPEGSPLRQEQFF;CASSLFPSYEQYF,1,2
575,TRA:CALRGGGSRLTF__TRB:CASSQDPPGWSEAFF,1,1
576,TRA:CALRGGSEKLVF__TRB:CASSLSLTDHNQPQHF,1,1
577,TRA:CALRGPGGGADGLTF__TRB:CASSLVSDYEQYF,1,1
578,TRA:CALRGVYGGSQGNLIF__TRB:CASRRGTSARTDTQYF,1,1
579,TRA:CALRGWSGANNLFF__TRB:CASSLGAGQGTQPQHF,4,4
580,TRA:CALRGYNFNKFYF__TRB:CASSWWEGRDNNEQFF,1,1
581,TRA:CALRIIQGAQKLVF__TRB:CASSGDLSSYEQYF,2,2
582,TRA:CALRKAANFGNEKLTF__TRB:CASRDTGYLGETQYF;CASSQEGRSTQYF,1,1
583,TRA:CALRKNFGNEKLTF__TRB:CAWSDGGAVDEQYF,1,1
584,TRA:CALRLYNFNKFYF__TRB:CALLTALQETQYF,1,1
585,TRA:CALRNNNARLMF__TRB:CASSFGTGATLGTGELFF,1,1
586,TRA:CALRNYGQNFVF__TRB:CASSLVTGSTGELFF,1,1
587,TRA:CALRRNTGNQFYF__TRB:CSARDRAGGGEQYF,1,1
588,TRA:CALRSYTGANSKLTF__TRB:,8,8
589,TRA:CALRSYTGANSKLTF__TRB:CASSFPQQFF,548,546
590,TRA:CALRVGGNQFYF__TRB:CASGVQPQHF,1,1
591,TRA:CALRVPGGGADGLTF__TRB:CASSSSGGSSYNEQFF,1,1
592,TRA:CALRWGQAGTALIF__TRB:CASIGAGDEISYEQYF,1,1
593,TRA:CALRYGGSNYKLTF__TRB:CASSEAISPGDYGYTF;CASSSPRAGSYEQYF,3,3
594,TRA:CALRYGGSNYKLTF__TRB:CASSSPRAGSYEQYF,10,10
595,TRA:CALSAFYNQGGKLIF__TRB:CASSGAGGGGYGYTF,9,10
596,TRA:CALSANFGNEKLTF;CATDSGGYQKVTF__TRB:CASSFMGKNTEAFF,1,1
597,TRA:CALSAPNAGGTSYGKLTF__TRB:CASKVFAGGSYEQYF,1,1
598,TRA:CALSAQGYSTLTF__TRB:CASRRTGDEQYF,1,1
599,TRA:CALSATTGFQKLVF__TRB:CASSPWTGSDEKLFF,1,1
600,TRA:CALSDESGGSTLGRLYF__TRB:CASSYSGQRRADTQYF,1,1
601,TRA:CALSDFGNQFYF__TRB:CASSFVRRVYNEQFF,2,2
602,TRA:CALSDFNSGAGSYQLTF__TRB:CASRGTSGRQETQYF,1,1
603,TRA:CALSDHSGAGSYQLTF__TRB:CASSLGGNTGELFF,2,2
604,TRA:CALSDKGGSEKLVF__TRB:CASGEHSLEQFF,1,1
605,TRA:CALSDLKNDYKLSF__TRB:CASSQEFPPTGTDDGYTF,1,1
606,TRA:CALSDNERSGGSNYKLTF;CASGGGAQKLVF__TRB:CASTSTDSLTKVAFF,2,12
607,TRA:CALSDNYGQNFVF__TRB:CASSFPGEGIDEQFF,1,1
608,TRA:CALSDPAYGQNFVF__TRB:CASRIQETQYF,1,1
609,TRA:CALSDQAGGFKTIF__TRB:CATSRAPGQGANNEQFF,1,1
610,TRA:CALSDQKDSNYQLIW;CAVSLNSGYALNF__TRB:CACRDRWATEAFF,1,1
611,TRA:CALSDQRSNTGKLIF__TRB:CASSQRSGAASNQPQHF,2,2
612,TRA:CALSDRAGGSYIPTF__TRB:CSGGGRTDEQFF,4,4
613,TRA:CALSDRGGGSEKLVF__TRB:CASSQEIQGYSPLHF,1,1
614,TRA:CALSDRGGSYIPTF__TRB:CASTPAGVGMYNEQFF;CSVMRGLEALMNTGELFF,3,3
615,TRA:CALSDRGNKLVF__TRB:CSVDVPAGAVSEQFF,2,2
616,TRA:CALSDRGNNRLAF__TRB:CASSSPGTPNYGYTF,1,1
617,TRA:CALSDRGNQGGKLIF__TRB:CASSLEVTYEQYF,1,1
618,TRA:CALSDRGTGGFKTIF__TRB:CASSPRTSGGSSYEQYF,1,1
619,TRA:CALSDRNAGNNRKLIW__TRB:CASSLWGVGYEQYF,1,1
620,TRA:CALSDRTGNQFYF__TRB:CASSERGQPNQPQHF,1,1
621,TRA:CALSDRTGTASKLTF__TRB:CASRLGGPNYGYTF,1,1
622,TRA:CALSDSNAGNNRKLIW__TRB:CASSPRLAGAYEQYF,3,4
623,TRA:CALSEACRIGGGNKLTF;CVVNTGPSGGYNKLIF__TRB:CASRFREKNTGELFF,2,2
624,TRA:CALSEADSGAGSYQLTF;CAPHTDKLIF__TRB:CASRAGTAYNEQFF,1,1
625,TRA:CALSEAEVTDKLIF__TRB:CSARRSGSNEQFF,11,11
626,TRA:CALSEALGTYKYIF;CAMRESDGGATNKLIF__TRB:CASSYYEQYF,1,1
627,TRA:CALSEAPSGGYQKVTF;CAPPESWGKLQF__TRB:CASSTFGPNEKLFF,1,4
628,TRA:CALSEASTGANSKLTF__TRB:CASSPPDEQFF,1,1
629,TRA:CALSEATEGSNYKLTF__TRB:CASSLVTYSYNSPLHF,1,1
630,TRA:CALSEATGNTPLVF__TRB:CASSRGHEQYF,1,1
631,TRA:CALSEATTGANNLFF;CAPRSRGGSEKLVF__TRB:CASSLSRATDTQYF,1,1
632,TRA:CALSEAYNAGNMLTF__TRB:CASSHIQETQYF,1,1
633,TRA:CALSEDTGANSKLTF__TRB:CASSPLSHRDTQYF,2,2
634,TRA:CALSEEAGTALIF__TRB:CASSLAAEEAFF,5,6
635,TRA:CALSEEPGNTDKLIF;CLPLPSSGTYKYIF__TRB:CASSHIRRQGAKQYF,2,2
636,TRA:CALSEFQGAQKLVF__TRB:CATSRPSGRFETQYF,2,2
637,TRA:CALSEGGDSSYKLIF__TRB:CASRRQGREKLFF,2,2
638,TRA:CALSEGSNYQLIW__TRB:CASSHTSVPGETQYF,3,3
639,TRA:CALSEIVGGGADGLTF__TRB:CASSAGAGTGRETQYF,2,3
640,TRA:CALSENGGTSYGKLTF__TRB:CATKTGLHNSPLHF,2,3
641,TRA:CALSENNARLMF;CIVRVAGYSSASKIIF__TRB:CASRRQGYEQYF,1,1
642,TRA:CALSENNARLMF__TRB:CASRRQGYEQYF,25,25
643,TRA:CALSEPSNTGKLIF;CAVIRGDSSYKLIF__TRB:CASSFGLAGVSTGELFF;CASSVYEQYF,1,1
644,TRA:CALSEPSNTGKLIF__TRB:CASSVYEQYF,7,7
645,TRA:CALSETKAAGNKLTF__TRB:CASSLDSHLQPQHF,1,1
646,TRA:CALSETPISIIQGAQKLVF__TRB:CASSGGTRGGSQFF,1,1
647,TRA:CALSEVNTDKLIF;CAVTSISSNTGKLIF__TRB:CASSQGRGGLTTGELFF,1,2
648,TRA:CALSEWNQGGKLIF;CAVDVAGGAQKLVF__TRB:CASSSTGEQFF,1,2
649,TRA:CALSEYGGYNKLIF__TRB:CASSENPAGGFYNEQFF,3,3
650,TRA:CALSFYNQGGKLIF__TRB:CASSNSGNTGELFF,1,1
651,TRA:CALSGDNYGQNFVF__TRB:CATALNRPSYNEQFF,1,1
652,TRA:CALSGEGGSQGNLIF__TRB:CASSLGGSSYEQYF,1,1
653,TRA:CALSGENFNKFYF__TRB:CSGPAPPRHNEQFF,1,1
654,TRA:CALSGGPYYNQGGKLIF__TRB:CASSQVHDTDTQYF,1,2
655,TRA:CALSGGTDKLIF__TRB:CASSLEQRVNYEQYF;CASSPDMGQGYTF,1,4
656,TRA:CALSGGTNAGKSTF__TRB:CASVGYGPNVLTF,1,1
657,TRA:CALSGLIQGAQKLVF__TRB:CASSLFGRAWRPNTGELFF,2,2
658,TRA:CALSGNSGGSNYKLTF__TRB:CASSPGTSPTGELFF,1,1
659,TRA:CALSGPGGGFKTIF__TRB:CSARGRDPVYTGELFF,1,1
660,TRA:CALSGPSGNTPLVF__TRB:,2,2
661,TRA:CALSGPSGNTPLVF__TRB:CASRTSGESEQYF;CASSLTVLPSGNTEAFF,1,6
662,TRA:CALSGQGSWGKLQF__TRB:CASSSRGGRADEQYF,18,18
663,TRA:CALSGQNAGNMLTF__TRB:CSARDLLGGANEKLFF,1,1
664,TRA:CALSGRFQKLVF__TRB:CASSPLTGSPKAFF,1,1
665,TRA:CALSGRWVGGYNKLIF__TRB:CASRQGEILTGELFF,1,1
666,TRA:CALSGSAGGTSYGKLTF__TRB:CASSLAARGASYNEQFF,1,1
667,TRA:CALSGSGGYQKVTF__TRB:CASSQTSGSENEQFF,1,1
668,TRA:CALSGSQGNLIF__TRB:CASSHPGGTDTQYF,4,4
669,TRA:CALSGSSGGYQKVTF;CAVMDSSYKLIF__TRB:CSVDRGPGYTF,1,1
670,TRA:CALSGTIQGAQKLVF__TRB:CASSKDRGLRSPLHF,1,1
671,TRA:CALSGVGNTPLVF__TRB:CASGDSFVYGYTF;CASSTRVELEAFF,1,1
672,TRA:CALSGVGNTPLVF__TRB:CASSTRVELEAFF,3,3
673,TRA:CALSGVGSARQLTF;CAMRDDDTGGFKTIF__TRB:CASRGTGNTGELFF,1,1
674,TRA:CALSGYSTLTF__TRB:CASSPRGLAIGELFF,1,1
675,TRA:CALSHGANNLFF__TRB:CASSFGTGLAGYNEQFF,1,1
676,TRA:CALSIGKLTF;CIVRAERNDMRF__TRB:CASSVASSPSGYGYTF,1,1
677,TRA:CALSITPGGSYIPTF__TRB:CASSQVGQMEKLFF,1,1
678,TRA:CALSKVSFQKLVF__TRB:CASSQGTGGAAEAFF,1,1
679,TRA:CALSNSGGSNYKLTF__TRB:CASSSSGGRELFF,1,1
680,TRA:CALSPASGGGADGLTF__TRB:CASRTFLETNKKNIQYF,1,1
681,TRA:CALSPDGQKLLF;CAMMEAAGNKLTF__TRB:CSAIPTSGGADTQYF,1,1
682,TRA:CALSPDLTGGGATNKLIF__TRB:CASSPTGTGGLEANYGYTF,1,1
683,TRA:CALSPGAGSYQLTF;CAVTGGWGKLQF__TRB:CASSPPGWDTEAFF,1,1
684,TRA:CALSPLGFQKLVF;CAMRTGGTSYGKLTF__TRB:CASIRLHYEQYF;CASSYTGSGANVLTF,1,1
685,TRA:CALSPLGFQKLVF;CILRDGNAGNMLTF__TRB:CASSYTGSGANVLTF;CATSPGQPSIRYGYTF,1,1
686,TRA:CALSPLGFQKLVF__TRB:CASSYTGSGANVLTF,7,7
687,TRA:CALSPYQNSGGSNYKLTF;CAYRSQIGFGNVLHC__TRB:CACSRRNTEAFF,1,1
688,TRA:CALSRIRGSYIPTF__TRB:CASSPLRGQGEAFF,1,1
689,TRA:CALSRNDYKLSF__TRB:CASSAGGIANYGYTF,1,1
690,TRA:CALSRSQAGTALIF__TRB:CSLGLDGGPQHF,1,1
691,TRA:CALSRTNTGFQKLVF__TRB:CASSSGQLNQPQHF,1,1
692,TRA:CALSSGSARQLTF__TRB:CASSSMAIGDEQFF,3,3
693,TRA:CALSSNQGAQKLVF__TRB:CASSYPGQGLRQPQHF,1,1
694,TRA:CALSSNTGNQFYF__TRB:CSARDPVADTYNEQFF,2,2
695,TRA:CALSSSGSARQLTF__TRB:CASSLFRIEQFF,1,1
696,TRA:CALSSYTGANSKLTF__TRB:CASSLVHSNQPQHF,1,1
697,TRA:CALSTPLHGSSNTGKLIF__TRB:CASSIRLATGELFF,1,1
698,TRA:CALSTSNQAGTALIF__TRB:CASSLGTPGWTGELFF,1,1
699,TRA:CALSTTDSWGKLQF__TRB:CASSLRSGKAYEQYF,3,3
700,TRA:CALSVAGGTSYGKLTF__TRB:CASRRVPYRRTGELFF,1,1
701,TRA:CALSVEAGTALIF;CAVSGPFGNEKLTF__TRB:CASSLAGGEQFF;CASSLEPQYEQFF,1,1
702,TRA:CALSVEAGTALIF__TRB:CASSLAGGEQFF,9,9
703,TRA:CALSVFSGNTPLVF__TRB:CASRHVRTGAYGYTF,1,1
704,TRA:CALSVISGGGSNYKLTF__TRB:CSVLKYREGLVYEQYF,1,1
705,TRA:CALSVNNAGNMLTF__TRB:CASSTTGQGQAFF,2,2
706,TRA:CALSVSTGNQFYF__TRB:CASSTEGTGNSPLHF,1,1
707,TRA:CALTDYKLSF__TRB:CASSSTVGSYEQYF,1,1
708,TRA:CALTHKASGSARQLTF__TRB:CASRTDDSYSNQPQHF,1,1
709,TRA:CALTLSNTGNQFYF__TRB:CASSGTAGGLVGETQYF,1,1
710,TRA:CALTNTGNQFYF__TRB:CASSDGLSNTGELFF,1,1
711,TRA:CALTPGDSSYKLIF__TRB:CASSSQTGSTEAFF,1,1
712,TRA:CALTPGNSGNTPLVF__TRB:CATTQILGTGGAGANVLTF,1,1
713,TRA:CALTPLNQAGTALIF__TRB:CASSAGQGAGGNTIYF,1,1
714,TRA:CALTPPGGSNYKLTF__TRB:CAIGGQDTDTQYF,1,1
715,TRA:CALTPTGTASKLTF;CAMREPSGGGADGLTF__TRB:CASTSFSGREYNEQFF,1,3
716,TRA:CALTQAGTALIF__TRB:CASSLTPGQPQHF,5,5
717,TRA:CALTRNTGFQKLVF__TRB:CASSPFEGNTGELFF,1,1
718,TRA:CALTSYSSASKIIF__TRB:CAISEWISETQYF;CASSIDRSNQPQHF,1,2
719,TRA:CALTTGTASKLTF__TRB:CASGRDLTDTQYF,1,1
720,TRA:CALVDSNYQLIW__TRB:CSAREGQGAYEQYF,1,1
721,TRA:CALVESGTYKYIF__TRB:CATSGRDSLYEQYF,1,1
722,TRA:CALVRPGGSYIPTF__TRB:CASSQVTIGSQYF,2,2
723,TRA:CALVTNAGKSTF;CIDRDTGRRALTF__TRB:CASSLGDLSIETQYF,1,1
724,TRA:CALWAGTASKLTF;CIVRAFEGASGSARQLTF__TRB:CAALSSGTYEQYF,1,1
725,TRA:CALWGAQKLVF__TRB:CASSIVADRVHEQYF,1,1
726,TRA:CALWVGGGSEKLVF__TRB:CASSYSRGSGNTIYF,1,1
727,TRA:CALYGANSKLTF__TRB:CASSFGRSGEQYF,1,1
728,TRA:CALYGGSQGNLIF__TRB:CAWVDRLLEITDTQYF,1,1
729,TRA:CALYNNNDMRF__TRB:CASSLVVSYEQYF,1,1
730,TRA:CALYNTDKLIF__TRB:CASSSLGGVTGELFF,1,1
731,TRA:CALYSGAGSYQLTF__TRB:CASSEGGEQFF,2,2
732,TRA:CALYSGGGADGLTF__TRB:CASTRAEEHNEQFF,3,4
733,TRA:CALYYSGSARQLTF__TRB:CAWGAGGRETQYF,1,1
734,TRA:CAMDEGAQKLVF__TRB:CSVVGIAEKLFF,1,1
735,TRA:CAMEYGNKLVF__TRB:CASSPGLAGILIGELFF,1,1
736,TRA:CAMFQGSRLTF__TRB:CASSLPTGELFF,1,1
737,TRA:CAMGPYNQGGKLIF__TRB:CASSVPRGHGSTDTQYF,1,1
738,TRA:CAMGQETSGSRLTF__TRB:CSAGEETQYF,1,1
739,TRA:CAMKADSSYKLIF__TRB:CSAWLAGGRSSYNEQFF,1,1
740,TRA:CAMNSGNNRLAF__TRB:CASSFDPGEQFF,1,1
741,TRA:CAMPRYNQGGKLIF__TRB:CAWSFTGGAKETQYF,1,1
742,TRA:CAMQSSASKIIF;CAVRGMNTGFQKLVF__TRB:CASSQDRGTGGIGETQYF,1,1
743,TRA:CAMRDPPDDYKLSF__TRB:CASSWGRGGVSPLHF,2,4
744,TRA:CAMRDSGAGSYQLTF__TRB:CASSLPLGQGSTYGYTF,9,9
745,TRA:CAMREAISGGYNKLIF__TRB:CASSKEGKSYEQYF,1,1
746,TRA:CAMREALYNFNKFYF__TRB:CASSSLQLNQPQHF,1,1
747,TRA:CAMREASNDYKLSF__TRB:CAISEWISETQYF,1,1
748,TRA:CAMREDYSNSGYALNF__TRB:CASSYPQGVRGEKTQYF,1,1
749,TRA:CAMREFNAGNNRKLIW;CAMREGANFGNEKLTF__TRB:CASSRGRARGIGLAFF,1,1
750,TRA:CAMREGDSGYSTLTF__TRB:CASSVEARNLETQYF,1,1
751,TRA:CAMREGEYGNKLVF__TRB:CASSLRQGPYEQYF,3,3
752,TRA:CAMREGEYGNKLVF__TRB:CASSPIRTGDNEQFF,1,1
753,TRA:CAMREGGDTGGFKTIF;CAVRDIRSSASKIIF__TRB:CASSLGTGDNQPQHF,3,4
754,TRA:CAMREGGDTGGFKTIF__TRB:,8,8
755,TRA:CAMREGGDTGGFKTIF__TRB:CASSLGTGDNQPQHF,82,81
756,TRA:CAMREGGDTGGFKTIF__TRB:CKAGGDYNEQFF,4,3
757,TRA:CAMREGGRSNYQLIW__TRB:CASSSPLLDRNYGYTF,1,1
758,TRA:CAMREGGTGGFKTIF__TRB:CASSASGGSSLPDTQYF,1,1
759,TRA:CAMREGITSGTYKYIF__TRB:CASSSPDSYEQYF,1,1
760,TRA:CAMREGLGGATNKLIF__TRB:CASSLLQGNNEQFF,10,10
761,TRA:CAMREGLGLTGGGNKLTF;CAMSPYGQNFVF__TRB:CASSLGGSEKLFF;CASSSSMPLKSSGSLTDTQYF,1,1
762,TRA:CAMREGLGLTGGGNKLTF__TRB:CASSGRPGGEQYF;CASSLGGSEKLFF,1,1
763,TRA:CAMREGLGLTGGGNKLTF__TRB:CASSLGGSEKLFF,28,28
764,TRA:CAMREGLGLTGGGNKLTF__TRB:CASSLGGSEKLFF;CASSQAGRVGEAFF,1,2
765,TRA:CAMREGLQPGGYQKVTF__TRB:CASSQVVHSYEQYF,1,1
766,TRA:CAMREGLQTSYDKVIF__TRB:CASRDRGRTDTQYF,1,1
767,TRA:CAMREGPGYSTLTF__TRB:CSARPTPTNRYEQYF,1,1
768,TRA:CAMREGQGAQKLVF;CAVDDLNNDMRF__TRB:CATSRVSGVPPWRYGYTF,1,1
769,TRA:CAMREGRGLTGGGNKLTF__TRB:CASSSPPYEQYF,1,1
770,TRA:CAMREGRTGGFKTIF__TRB:CASSLAVSSSRTQYF,1,1
771,TRA:CAMREGRVDDMRF__TRB:,1,1
772,TRA:CAMREGSYGGTASKLTF__TRB:CASSLTTGNTEAFF,1,1
773,TRA:CAMREGVAAGNKLTF__TRB:CSARRIPPTNEKLFF,1,1
774,TRA:CAMREGWDTGRRALTF__TRB:CASSEGQGAEEKLFF,6,7
775,TRA:CAMREGYWQGGKLIF;CAVGAIYNFNKFYF__TRB:CASSSPGDRGYEQYF,1,1
776,TRA:CAMREIHQAGTALIF__TRB:CASSNGLAGGPGDTQYF,1,1
777,TRA:CAMREKTGGGADGLTF__TRB:,3,3
778,TRA:CAMREKTGGGADGLTF__TRB:CASSGTGSVNYGYTF,3,3
779,TRA:CAMRELTGTASKLTF__TRB:CASSFEIQINYGYTF,8,9
780,TRA:CAMRENNDMRF__TRB:CSAPGPYTEAFF,1,1
781,TRA:CAMREPYGNNRLAF__TRB:CASSRPEGTIYF,1,1
782,TRA:CAMREPYSGAGSYQLTF__TRB:CACLQGVTSGKRSDTQYF,1,1
783,TRA:CAMRETYTGNQFYF;CLLGASAGGTSYGKLTF__TRB:CASSSVLSEGTQYF,1,1
784,TRA:CAMREVFEPNARLMF;CLVGKGGGNKLTF__TRB:CASSQEYQRASYEQYF,1,1
785,TRA:CAMREVQGGSEKLVF__TRB:CASSLGVSVFTGELFF,1,1
786,TRA:CAMRGSNYKLTF__TRB:CASSLGRLPGGYTF,1,1
787,TRA:CAMRGSNYKLTF__TRB:CASSVATYQTVNTEAFF,1,1
788,TRA:CAMRPILTGGGNKLTF;CVVNNNQGGKLIF__TRB:CASSPLTAGGLFF,2,2
789,TRA:CAMRPLYTQGGSEKLVF__TRB:CASSSLGGFGGYTF,1,1
790,TRA:CAMRTGGTSYGKLTF__TRB:CASIRLHYEQYF,1,1
791,TRA:CAMRVPGGYNKLIF__TRB:CASSQERRISQETQYF;CSVPSPGRVAYEQYF,2,2
792,TRA:CAMRVPGGYNKLIF__TRB:CSVPSPGRVAYEQYF,1,1
793,TRA:CAMSAGGGYNKLIF__TRB:CASSFFQGVHYEQYF,1,1
794,TRA:CAMSAIFPQFYF__TRB:CASSYPGGGETQYF,2,2
795,TRA:CAMSAISGYALNF__TRB:CAVGRSTDTQYF,1,1
796,TRA:CAMSANNNARLMF__TRB:CSAYSDRDQPQHF,1,1
797,TRA:CAMSARYGGSQGNLIF;CIVRVEEDGQNFVF__TRB:CASSFNEQFF,1,1
798,TRA:CAMSAVKGRKRDMRF__TRB:CASSWGLERSYNEQFF,1,1
799,TRA:CAMSDSGYSTLTF__TRB:CASSGQGLNTEAFF,1,1
800,TRA:CAMSEGGADGLTF__TRB:CSVRSGADTQYF,2,2
801,TRA:CAMSEKGTDKLIF__TRB:CSAQPLGETQYF,2,3
802,TRA:CAMSGAGGTSYGKLTF__TRB:CASSLWAGGNEQFF,1,1
803,TRA:CAMSGNNNARLMF__TRB:CAWSVRRGLNTGELFF,1,1
804,TRA:CAMSGNTGGFKTIF__TRB:CSARDLSGTRLYYEQYF,1,1
805,TRA:CAMSLGMDSSYKLIF__TRB:CSAELGDEQFF,4,5
806,TRA:CAMSNAGNMLTF__TRB:CASNQGRAEAFF,1,1
807,TRA:CAMSRIQGAQKLVF__TRB:CASWDRVSRYGYTF,1,1
808,TRA:CAMTLTGFQKLVF__TRB:CASSLFVTDNTDTQYF,1,1
809,TRA:CAMTPYNNNDMRF__TRB:CAISSRRGGPTDTQYF,2,2
810,TRA:CAMTRDFGNEKLTF__TRB:CASSFENGREPKFRQTQYF,1,1
811,TRA:CAPFNFNKFYF__TRB:,2,2
812,TRA:CAPFNFNKFYF__TRB:CASSNRGGQETQYF,57,57
813,TRA:CAPGALLMNRDDKIIF__TRB:CASSLSLTGTGGTIYEQYF,2,2
814,TRA:CAPGESFKTIF__TRB:CASSSPGHSSYEQYF,7,7
815,TRA:CAPISSGSARQLTF__TRB:CASSRVGRTDTQYF,1,1
816,TRA:CAPKRGRKDSNYQLIW;CAVRTRYSTLTF__TRB:CASQGQAVDYEQYF,1,1
817,TRA:CAPLEQFYF;CASHSGGSNYKLTF__TRB:CASTHSSGGRNTEAFF,1,1
818,TRA:CAPLGGATNKLIF;CAVTDWNTDKLIF__TRB:CASRGPTSGHFYEQYF,1,1
819,TRA:CAPPIIQGAQKLVF__TRB:CASSSPTTGSMSDTQYF,1,1
820,TRA:CAPPLFRGETSGSRLTF__TRB:CAWSVRRTESPLHF,5,6
821,TRA:CAPPPGYALNF;CAVNQAGTALIF__TRB:CASSQTGTGGRQPQHF,5,6
822,TRA:CAPPRGGATNKLIF;CAVNAGNTPLVF__TRB:CASSDLPSRDRVWEQFF,3,3
823,TRA:CAPRAFSGGYNKLIF__TRB:CATSDSQGSIGYTF,4,4
824,TRA:CAPRGTSYGKLTF__TRB:CASSLQQGIYNEQFF,1,1
825,TRA:CAPRLDPFHGSSNTGKLIF__TRB:CAWSDLWPREGDQPQHF,1,1
826,TRA:CAPRTTSGTYKYIF;CVVKGNNDMRF__TRB:CASRGVRGRTGELFF,2,1
827,TRA:CAPSGGYQKVTF__TRB:CASSPRGLAAGELFF,2,2
828,TRA:CAPSNAGGTSYGKLTF;CAYRLGGSEKLVF__TRB:CATSDPTRTDREQYF,1,1
829,TRA:CAPSTDNYGQNFVF__TRB:CASSTYNEQFF,1,1
830,TRA:CAPTPESDGQKLLF;CVVNPMNYKLSF__TRB:CASSRDRGTYEQYF,1,3
831,TRA:CAPVARLMF;CAVRHNAGNNRKLIW__TRB:CASSEGPWDTEAFF,1,1
832,TRA:CAPVPGANNLFF;CATDNTGFQKLVF__TRB:CASSMTSGREKTQYF,1,1
833,TRA:CAPYTGTASKLTF__TRB:CASRRDPMNTEAFF,1,1
834,TRA:CAQATRGSYIPTF__TRB:CASSFAAAGRWTEAFF,1,2
835,TRA:CAQPPSGGGADGLTF__TRB:CASSPVTGDGSYTF,3,3
836,TRA:CAQRNNNARLMF__TRB:CASLWREWTDTQYF,3,3
837,TRA:CARGGSSNTGKLIF__TRB:CASSFSTGGAETQYF,1,1
838,TRA:CARGSNYKLTF__TRB:CASSGRPGGEQYF,1,1
839,TRA:CARGTSYGKLTF__TRB:CASSLGVGYEQYF,2,2
840,TRA:CARHTGGGNKLTF;CAVSAQGFQKLVF__TRB:CASGGDNTEAFF,3,4
841,TRA:CARMNTGFQKLVF__TRB:CASSPRTGTQNIQYF,2,2
842,TRA:CARNTNAGKSTF__TRB:CASSFDWLVRPNGELFF,2,2
843,TRA:CARRGAQKLVF__TRB:CAWSVSRTEAPLHF,2,2
844,TRA:CARRGRDDKIIF__TRB:CASSELAGWHTGELFF,1,1
845,TRA:CARRYGGSQGNLIF__TRB:CASSPLDQETQYF,1,1
846,TRA:CARSSGGYQKVTF__TRB:CASSPIGGTFYEQYF,1,1
847,TRA:CARTNAGKSTF;CLVGFPSGSARQLTF__TRB:CASSFFGEQETQYF;CASSGYGNPEAFF,2,2
848,TRA:CARWGDSGTASKLTF;CAVISQNSGGSNYKLTF__TRB:CASAQDWNTEAFF;CASSLQGAISGPQHF,1,1
849,TRA:CARWGDSGTASKLTF;CAVISQNSGGSNYKLTF__TRB:CASSLQGAISGPQHF,3,3
850,TRA:CARWGDSGTASKLTF;CAVISQNSGGSNYKLTF__TRB:CASSLQGAISGPQHF;CSAIQGKDDTQYF,1,1
851,TRA:CARWGDSGTASKLTF__TRB:CASAQDWNTEAFF;CASSLQGAISGPQHF,1,1
852,TRA:CARWGDSGTASKLTF__TRB:CASSLQGAISGPQHF,3,3
853,TRA:CASAPGNARLMF__TRB:CASSAGQLGGSPLHF,1,1
854,TRA:CASEWNNNARLMF__TRB:CASSQESLPGYTF,1,1
855,TRA:CASGAGGGADGLTF;CVVNMRASGTYKYIF__TRB:CASSQPQGVVLYEQYF,6,6
856,TRA:CASGAGGGADGLTF__TRB:CAISGEPGARPNEQFF;CASSQPQGVVLYEQYF,1,1
857,TRA:CASGAGGGADGLTF__TRB:CASSQPQGVVLYEQYF,2,2
858,TRA:CASGAGSYQLTF__TRB:CSARVASGANVLTF,1,1
859,TRA:CASGDYKLSF__TRB:CASSQLAEGEQYF,1,1
860,TRA:CASGGGADGLTF;CILRAGNYGQNFVF__TRB:CAISESTAGSPFEQFF,1,1
861,TRA:CASGGGADGLTF;CILRAGNYGQNFVF__TRB:CAISESTAGSPFEQFF;CASSVEISSYNEQFF,1,1
862,TRA:CASGGGADGLTF;CILRAGNYGQNFVF__TRB:CASSVGLTFADTQYF,50,50
863,TRA:CASGGGADGLTF;CILRAGNYGQNFVF__TRB:CASSYLGDLGYTF,1,1
864,TRA:CASGGGADGLTF__TRB:,2,2
865,TRA:CASGGGADGLTF__TRB:CAISESTAGSPFEQFF,1,1
866,TRA:CASGGGADGLTF__TRB:CAISESTAGSPFEQFF;CASSVGLTFADTQYF,1,1
867,TRA:CASGGGADGLTF__TRB:CASSVEISSYNEQFF,1,1
868,TRA:CASGGGADGLTF__TRB:CASSVGLTFADTQYF,5,5
869,TRA:CASHNTDKLIF__TRB:CASSLTGYTEAFF,1,1
870,TRA:CASIQGAQKLVF__TRB:CASSRGGTTEAFF,1,1
871,TRA:CASLGNTGKLIF__TRB:CASSYSPGQGIYNEQFF,1,1
872,TRA:CASLIQGAQKLVF__TRB:CSAPTVWTKAFF,1,1
873,TRA:CASNTGNQFYF__TRB:CASSRTQGQPLHF,1,1
874,TRA:CASQGAQKLVF__TRB:CASSNTGTRGETQYF,1,1
875,TRA:CASQSGTYKYIF__TRB:CASSQLGGYYTF,1,1
876,TRA:CASQTGANNLFF__TRB:CASSLVDGNEQYF,1,1
877,TRA:CASRDNYGQNFVF__TRB:CSATGTGYEQYF,1,1
878,TRA:CASRIGNKLVF__TRB:CASSLWGGPNEQFF,7,7
879,TRA:CASSGSARQLTF;CIVRACMEYGNKLVF__TRB:CASSPGGTGTHGYTF,3,3
880,TRA:CASSGSARQLTF__TRB:,7,7
881,TRA:CASSGSARQLTF__TRB:CASTSGRASGSVYTGELFF,6,6
882,TRA:CASSNAGNNRKLIW__TRB:CASSVGVNEQFF,1,1
883,TRA:CASYMEYGNKLVF;CIVRVANNAGNMLTF__TRB:CASSFIRRGVAFF,1,3
884,TRA:CASYNFNKFYF__TRB:CASSVGPSETQYF,1,1
885,TRA:CASYNQGGKLIF__TRB:CASSSPQSDEQFF,4,4
886,TRA:CASYRNQAGTALIF__TRB:,2,2
887,TRA:CASYRNQAGTALIF__TRB:CASSDPSWGQGIFAYGYTF,1,1
888,TRA:CASYRNQAGTALIF__TRB:CASSENPAGGFYNEQFF,1,1
889,TRA:CASYRNQAGTALIF__TRB:CASSTVENTEAFF,5,5
890,TRA:CATASAVGYSTLTF__TRB:CSAGPYTGAYSYEQYF,1,1
891,TRA:CATASPGAQKLVF__TRB:CASSHISQGVYEQYF,1,1
892,TRA:CATAVRANFNKFYF__TRB:CASSLKWGGTYEQYF,1,1
893,TRA:CATAYFGNEKLTF__TRB:CASSLWAGLVDGYTF,1,1
894,TRA:CATDAGAAGNKLTF__TRB:CASSIGPMRGLNQPQHF,2,2
895,TRA:CATDAVAYSGAGSYQLTF__TRB:CASSLVGGRETQYF,1,1
896,TRA:CATDAWQAGTALIF__TRB:CSARTGYGYTF,1,1
897,TRA:CATDDGTGNQFYF;CLCSTPLVF__TRB:CASRRAILYEQYF,1,1
898,TRA:CATDDSGAGSYQLTF__TRB:CASSPGWVRMNTEAFF,1,1
899,TRA:CATDEGETSGSRLTF__TRB:CASSPRRASGELFF,1,1
900,TRA:CATDESFGNEKLTF__TRB:CASSPLTGVTEAFF,2,2
901,TRA:CATDGDNNNDMRF;CAVTRPNRDDKIIF__TRB:CASSPRDRVFSNTDTQYF,7,10
902,TRA:CATDGGHNFNKFYF;CIVRVANRPLYGQNFVF__TRB:CATSDLSPTYEQYF,1,1
903,TRA:CATDGWGTDSWGKFQF__TRB:CATRENRITGELFF,1,1
904,TRA:CATDIQGAQKLVF__TRB:CASSDDRFTGELFF,1,1
905,TRA:CATDPWSGGSNYKLTF__TRB:CASSFIPGGTSARSIYEQYF,1,1
906,TRA:CATDRDYKLSF__TRB:,1,1
907,TRA:CATDRDYKLSF__TRB:CASSLVPGAYEQYF,2,2
908,TRA:CATDRDYKLSF__TRB:CASSPLPTGYEQYF,2,2
909,TRA:CATDRSAGNMLTF__TRB:CASSLSGGQREQYF,1,1
910,TRA:CATDRVGIQGAQKLVF__TRB:CASSQDPPFRVRTDTQYF,1,2
911,TRA:CATDSGGSNYKLTF__TRB:CAWARQGDSPLHF,1,1
912,TRA:CATDSTSGTYKYIF;CAVRDQDTNAGKSTF__TRB:CASSPGRFTDTQYF,1,1
913,TRA:CATDTGTGRRALTF__TRB:CASSIVTQPQHF,1,1
914,TRA:CATDVIYNFNKFYF__TRB:CASTGQGRRALYGYTF,1,1
915,TRA:CATETGGFKTIF__TRB:CAWTRWKTTNEKLFF,1,1
916,TRA:CATFPLGGGNTPLVF__TRB:CASSPVPYNEQFF,1,1
917,TRA:CATGDGGYQKVTF__TRB:CAIGLDGELFF,2,2
918,TRA:CATGEYKAQKLVF__TRB:CASSHRDANQPQHF,5,5
919,TRA:CATGGTSYGKLTF__TRB:CASSFLGQGHTEAFF,1,2
920,TRA:CATGRQRDLSGSARQLTF__TRB:CASSYGGRAYEQYF,1,1
921,TRA:CATGSGNTPLVF__TRB:CASSLSGQGEGYSNQPQHF,3,4
922,TRA:CATHTGGFKTIF__TRB:CSVPDRSSYNEQFF,1,1
923,TRA:CATPEGSLTGGGNKLTF__TRB:CASSFTGGNEQFF,1,1
924,TRA:CATPEGSYIPTF;CVVNTPWGYSTLTF__TRB:CASSFITGVDPYNEQFF,2,2
925,TRA:CATPGSNYKLTF__TRB:CASSLSRLAGGFAQYF,2,2
926,TRA:CATSTGNQFYF__TRB:CASSGDMGEKLFF;CSASVRGYGGYTF,1,3
927,TRA:CATTRGGAGGTSYGKLTF;CAYRSLTGANSKLTF__TRB:CASSQPSRSFTQYF,1,1
928,TRA:CATVFGGGADGLTF__TRB:CASSLWLQQKNYGYTF,1,1
929,TRA:CATVLMTTDSWGKFQF__TRB:CASSRDPSYEQYF,1,1
930,TRA:CATVNYGQNFVF__TRB:CASHTLGQGYYGYTF,1,1
931,TRA:CATVSRMDSSYKLIF__TRB:CASTQLGAYEQYF,1,1
932,TRA:CATVYNYGGSQGNLIF__TRB:CASSVVGGDHVGEQFF,1,1
933,TRA:CAVAAGADGLTF__TRB:CASSFEGLGYGYTF,2,2
934,TRA:CAVAFFKAAGNKLTF__TRB:CASSLGPLVGTEAFF,7,7
935,TRA:CAVAFLGQAGTALIF;CAVQGGSEKLVF__TRB:CATSNPGQGANEQFF;CAWSIPGAFSYEQYF,1,1
936,TRA:CAVAGDNDMRF__TRB:CASSHIQKLYGYTF,1,1
937,TRA:CAVAGGETSGSRLTF__TRB:CSASSTSYGYTF,6,7
938,TRA:CAVAKGGTASKLTF__TRB:CASSLDGTGAQSQHF,1,1
939,TRA:CAVALRGATNKLIF__TRB:CATSTGTGATGELFF,1,1
940,TRA:CAVAPIGFGNVLHC__TRB:CASSLGVGDRGEGYTF,1,1
941,TRA:CAVAPMRSGTYKYIF__TRB:CSAERLAGGDNEQFF,1,1
942,TRA:CAVAPRSGATNKLIF__TRB:CASSEPFRGPYNEQFF,1,1
943,TRA:CAVARLMF__TRB:CASSLGTYEQYF,1,1
944,TRA:CAVARSWGGGADGLTF;CAVRWRDDKIIF__TRB:CASSLSAGGGYEQYF,1,1
945,TRA:CAVATDNYGQNFVF__TRB:CASSEGLASYNEQFF,1,1
946,TRA:CAVAVPSNSGYALNF__TRB:CATSRWDRGWVWGETEAFF,1,1
947,TRA:CAVAVVTGFGNVLHC__TRB:CASSYGSTDTQYF,1,1
948,TRA:CAVAYTGNQFYF__TRB:CASSQYAAVYGYTF,2,2
949,TRA:CAVCSGAGSYQLTF__TRB:CASSPGLAFYNEQFF,1,1
950,TRA:CAVDAPGGSYIPTF;CVVNRNSSASKIIF__TRB:CASSVEPGGALGTEAFF,1,2
951,TRA:CAVDDLNNNDMRF__TRB:CASSYDSRGAYEQYF,1,1
952,TRA:CAVDDYKLSF__TRB:CASSQGYGNNQPQHF,1,1
953,TRA:CAVDFNDYKLSF__TRB:CASSPTGSSLGQPQHF,1,1
954,TRA:CAVDIDTSYGKLTF__TRB:CATRASSNEQFF,1,1
955,TRA:CAVDIVDDYKLSF__TRB:CATRRGHSNQPQHF,1,1
956,TRA:CAVDKGTSYDKVIF;CAVRRDGGTSYGKLTF__TRB:CASSPPLEAFF;CASSQDFDRGYGYTF,1,1
957,TRA:CAVDLNNAGNMLTF__TRB:CASDRDEGYGYTF,1,1
958,TRA:CAVDNNAGNMLTF__TRB:CATRQGVFNYEQYF,1,1
959,TRA:CAVDNYGQNFVF__TRB:CASRQTSGRFPYNEQFF,1,1
960,TRA:CAVDQGAQKLVF__TRB:CASRGGRFAYNEQFF,1,1
961,TRA:CAVDRAGAQKLVF__TRB:CAISESVYEQYF,6,6
962,TRA:CAVDRGGSQGNLIF__TRB:CASSQWSRGNEKLFF,1,1
963,TRA:CAVDRGQGNLIF__TRB:CAIRPRTVLAGDTEAFF,1,1
964,TRA:CAVDRLNTGNQFYF__TRB:CASSLGDSWGPQHF,1,1
965,TRA:CAVDRNNARLMF__TRB:CASSSHRDPGNTIYF,1,1
966,TRA:CAVDRSDARLMF__TRB:CASRTGTGEETQYF,1,1
967,TRA:CAVDRTGGTSYGKLTF__TRB:CASSGGGRTAEAFF,2,2
968,TRA:CAVDSGNTPLVF__TRB:CSAATRPGGNYEQYF,8,8
969,TRA:CAVDSGYALNF__TRB:CASSFGTFTSPLHF,1,2
970,TRA:CAVDSLRQGGSEKLVF__TRB:CASSYSGLAGIYNEQFF,1,1
971,TRA:CAVDSTRSNYQLIW__TRB:CASSYPGGQPQHF,1,1
972,TRA:CAVDTGFQKLVF__TRB:CAWTTGRTNYGYTF,1,1
973,TRA:CAVEAGRDMRF;CAVKKSSGDKLTF__TRB:CASSIASGGVRAYEQYF,11,17
974,TRA:CAVEAGRDMRF__TRB:,5,5
975,TRA:CAVEARGAQKLVF__TRB:CSARDPRQGAGELFF,2,2
976,TRA:CAVEDGARLMF__TRB:CASSLAFLTQGGELFF,10,10
977,TRA:CAVEDNNTGKLIF__TRB:CASSYSSPRGVYNEQFF,1,1
978,TRA:CAVEDQKGFQKLVF;CAVRDRGNQGGKLIF__TRB:CASGTRGTDTQYF,2,2
979,TRA:CAVEDQTGANNLFF;CAVFYNQGGKLIF__TRB:CASSSGAGRVNQPQHF,1,1
980,TRA:CAVEDTDKLIF__TRB:CASSTLMGYQPQHF,1,1
981,TRA:CAVEFTGGTSYGKLTF__TRB:CASSDGTGATNYGYTF,1,1
982,TRA:CAVEGGADGLTF__TRB:CASREAPWGIQYF,1,1
983,TRA:CAVEGSSYKLIF__TRB:CSARFSGSTDTQYF,1,1
984,TRA:CAVEGTGGFKTIF__TRB:CASSASNEKLFF,3,3
985,TRA:CAVEGYGQNFVF__TRB:CASSPVSLQETQYF,1,1
986,TRA:CAVEGYQKVTF__TRB:CASHRGGAGEQYF,1,1
987,TRA:CAVEHLDDYKLSF;CAYSPGSARQLTF__TRB:CASSLIFGYEQYF,1,1
988,TRA:CAVELWEYGNKLVF__TRB:CASSQGSRDTQYF,1,1
989,TRA:CAVEMNNNDMRF__TRB:CASSASGIYEQYF,1,1
990,TRA:CAVENFGNEKLTF__TRB:CSVESSGRAFYNEQFF,1,1
991,TRA:CAVENSNSGYALNF__TRB:CASSIVSGNGYTF,1,2
992,TRA:CAVEPLSFGTAQKLVF__TRB:CAIQRGHSPYEQYF,1,1
993,TRA:CAVEPNNAGNMLTF__TRB:CASSLSGVGREAFF,2,2
994,TRA:CAVEPNPQGGSEKLVF__TRB:CASSLRLAGDEQYF,1,1
995,TRA:CAVERANTDKLIF__TRB:CAISESRLPGTEAFF,1,1
996,TRA:CAVERQAAGNKLTF__TRB:CSVLLFPGLAGEGEQYF,1,1
997,TRA:CAVESGGNKLVF__TRB:CASTHYLNTEAFF,1,1
998,TRA:CAVETFYNTDKLIF__TRB:CASSPPTPLNPNEKLFF,1,1
999,TRA:CAVEVGDDKIIF__TRB:CASSLVFTGIYEQYF,1,1
1000,TRA:CAVEVVNTGGFKTIF__TRB:CATYGGVTGELFF,9,9
1001,TRA:CAVFISSWGKLQF__TRB:CASRGLRGPNYGYTF,1,1
1002,TRA:CAVFKGDNNDMRF;CAVGPGGNEKLTF__TRB:CASSDWTGSSEKLFF,1,1
1003,TRA:CAVFKGDNNDMRF;CAVGPGGNEKLTF__TRB:CASSDWTGSSEKLFF;CSAIHPPLLAGRYNEQFF,2,2
1004,TRA:CAVFPGSDMRF__TRB:CSVAGQGVSGEQFF,2,2
1005,TRA:CAVFTGTASKLTF__TRB:CASSQGSGGVGYTF,1,1
1006,TRA:CAVFVATGANSKLTF__TRB:,3,3
1007,TRA:CAVFVATGANSKLTF__TRB:CASSFLYTDTQYF,48,62
1008,TRA:CAVFVATGANSKLTF__TRB:CASSQHREANTIYF,2,2
1009,TRA:CAVFYNTDKLIF__TRB:CAWGRIYNSPLHF,2,2
1010,TRA:CAVGAEGFGNVLHC__TRB:CASSLGQLEAFF,1,1
1011,TRA:CAVGAGGGNKLTF__TRB:CASSSWGGTEAFF,1,1
1012,TRA:CAVGAGYGGATNKLIF__TRB:CASSAQGTAGELFF,1,1
1013,TRA:CAVGALLRSGGSNYKLTF__TRB:CAWRSVTGGYPEAFF,1,1
1014,TRA:CAVGALNDYKLSF__TRB:,1,1
1015,TRA:CAVGAPNSWGKLQF__TRB:CASRTGTGEQYF,1,1
1016,TRA:CAVGAPRNYGQNFVF__TRB:CASSFQTGELFF,1,1
1017,TRA:CAVGARGNNRLAF__TRB:CASSSLLEVSRQFF,1,1
1018,TRA:CAVGARNDYKLSF__TRB:CASSSETLAGGGNEQFF,1,1
1019,TRA:CAVGAYQTGANNLFF__TRB:CASSLDRARGYTF,1,1
1020,TRA:CAVGDADGQKLLF__TRB:CSVPVDAGGPGANVLTF,1,1
1021,TRA:CAVGDDYKLSF__TRB:CASSRERTDTQYF,4,4
1022,TRA:CAVGDEGFGNVLHC__TRB:CASSSQTGGAGNTIYF,1,1
1023,TRA:CAVGEGFGNVLHC__TRB:CASSPIRTGDNEQFF,29,28
1024,TRA:CAVGETSGSRLTF__TRB:CATNTDRGGEKLFF,1,1
1025,TRA:CAVGEWDMRF__TRB:CASSSGGREAFF,1,1
1026,TRA:CAVGFPFGEKLVF__TRB:CASSPGLAVGAVREQFF,1,1
1027,TRA:CAVGGAGNMLTF__TRB:CASSLEALSGAGTEAFF,1,1
1028,TRA:CAVGGDKYNNNDMRF__TRB:CASSYYANRADTQYF,2,2
1029,TRA:CAVGGFQKLVF__TRB:CASSDRIRDRGNTIYF,1,1
1030,TRA:CAVGGGADGLTF__TRB:CATSAAGNGHEQFF,2,2
1031,TRA:CAVGGGGADGLTF__TRB:CASSFEGLYGYTF,5,5
1032,TRA:CAVGGNAGNMLTF;CIALVKAAGNKLTF__TRB:CSARGTGMNTEAFF,2,2
1033,TRA:CAVGGSQGNLIF__TRB:CASRRGRLSNQPQHF,1,1
1034,TRA:CAVGGSRLTF__TRB:CASSQLGDTQYF,2,2
1035,TRA:CAVGGTASKLTF;CAVLGSQGNLIF__TRB:CASRPVGILITEAFF,3,7
1036,TRA:CAVGGTASKLTF__TRB:,1,1
1037,TRA:CAVGGTASKLTF__TRB:CASSLPLGQGSTYGYTF,1,1
1038,TRA:CAVGGVRRAGNMLTF__TRB:CASSSSVRGAYEQYF,1,1
1039,TRA:CAVGHIYDAGNMLTF__TRB:CSARSGLLGEQFF,1,1
1040,TRA:CAVGKYSGGGADGLTF__TRB:CASSKETLRPMELFF,1,1
1041,TRA:CAVGLTGANNLFF__TRB:CSFSGTSTDTQYF,1,1
1042,TRA:CAVGPITGFQKLVF__TRB:CASSEAISPGDYGYTF,49,57
1043,TRA:CAVGPIYGGATNKLIF__TRB:CASSSGTGGTGELFF,1,1
1044,TRA:CAVGPMGGYNKLIF__TRB:CASSTRDTGYGYTF,13,15
1045,TRA:CAVGQAGTALIF__TRB:CSARSSEYEQYF,1,1
1046,TRA:CAVGRSSNTGKLIF__TRB:,1,1
1047,TRA:CAVGSGSSNTGKLIF__TRB:CASSLLTDTQYF;CATLMTSGRAGNEQYF,2,2
1048,TRA:CAVGSQGGSEKLVF__TRB:CASSLSRVEQYF,3,3
1049,TRA:CAVGSRNTGGFKTIF;CAVRDHRAAGNKLTF__TRB:CASSLRLGRDTQYF;CATSDSDPPDTQYF,1,1
1050,TRA:CAVGTLNQAGTALIF__TRB:CASSPRVGTEAFF,3,4
1051,TRA:CAVGTQGGSEKLVF__TRB:CASSLVWGSTDTQYF;CSVAGQGVSGEQFF,1,1
1052,TRA:CAVGVNTGKLIF__TRB:CSVAMAFQETQYF,9,9
1053,TRA:CAVGVRGGADGLTF__TRB:CASIPGTRLGTQYF,1,1
1054,TRA:CAVGYGGSQGNLIF__TRB:CASSLAGASTGELFF,1,1
1055,TRA:CAVGYGNNRLAF__TRB:CASSVRATSTDTQYF,1,1
1056,TRA:CAVHAPNAGNMLTF__TRB:CASSQARSGFQAFF,1,1
1057,TRA:CAVHDSNDYKLSF__TRB:CSVEGGGDNEQFF,2,2
1058,TRA:CAVHNNNDMRF__TRB:CASSLQSFGETQYF,1,1
1059,TRA:CAVHPIHSNYQLIW__TRB:CASSPDWTGMGEAFF,2,2
1060,TRA:CAVHSGYSTLTF__TRB:CASTAPDLGIEAFF,1,1
1061,TRA:CAVHYGGSQGNLIF__TRB:CASSYLGVQPQHF,1,1
1062,TRA:CAVIDTGRRALTF__TRB:CASSLAREYEQYF,1,1
1063,TRA:CAVIGQGGSEKLVF__TRB:CSARLQVSFLQYF,1,1
1064,TRA:CAVILMDSNYQLIW__TRB:CATSRDPNSPLHF,1,1
1065,TRA:CAVILNQAGTALIF;CAVSRSGGYNKLIF__TRB:CATSDPTGIQYF,17,18
1066,TRA:CAVILPQGGSEKLVF__TRB:CASSFSGVRIQYF,1,1
1067,TRA:CAVINTGGFKTIF;CAVSTNAGKSTF__TRB:CSVGAGGPSGELFF,4,5
1068,TRA:CAVIPNTGGFKTIF__TRB:CASSLLAGAYNEQFF,1,1
1069,TRA:CAVIPRGSQGNLIF__TRB:CASGSGNYNEQFF,3,3
1070,TRA:CAVIPSGGYQKVTF__TRB:CASSYAEGLGFSPLHF,1,1
1071,TRA:CAVIQGAQKLVF__TRB:CASSYAALSYNEQFF,1,1
1072,TRA:CAVIRGDSSYKLIF__TRB:CASSFGLAGVSTGELFF,2,2
1073,TRA:CAVISVSAGNMLTF__TRB:CASSIVPGYEQYF,1,1
1074,TRA:CAVISYKLSF__TRB:CASSLVLAGPTGELFF,1,1
1075,TRA:CAVITQGGSEKLVF;CIVTSTGANNLFF__TRB:CSASDGTDTQYF,1,2
1076,TRA:CAVITSGTYKYIF__TRB:CAWSADGGPYGYTF,1,1
1077,TRA:CAVIVGGATNKLIF__TRB:CASNSGGLGGYTF,2,2
1078,TRA:CAVIYSGAGSYQLTF__TRB:CASSLDTDTQYF,1,1
1079,TRA:CAVKAAGNKLTF__TRB:CASTDPRLAGGTSYEQYF,1,1
1080,TRA:CAVKAGGFKTIF__TRB:CASSFMTGTGLTGELFF,5,6
1081,TRA:CAVKDNNARLMF;CAVSNYNTDKLIF__TRB:CASSAGQGISEQYF,6,7
1082,TRA:CAVKDSNYQLIW__TRB:CASSYFREAYEQYF,1,1
1083,TRA:CAVKDSNYQLIW__TRB:CATSSRDRALSGANVLTF,1,1
1084,TRA:CAVKERDYGQNFVF__TRB:CASSSGQGRSNYGYTF,1,1
1085,TRA:CAVKGMYSGGGADGLTF__TRB:CASSLIRQGAGEQYF,1,1
1086,TRA:CAVKGSGAGSYQLTF;CVVKYSGAGSYQLTF__TRB:CASSQDPAGGYGYTF,1,3
1087,TRA:CAVKGTDKLIF__TRB:CASSQMNAGFREKLFF,1,1
1088,TRA:CAVKNDYKLSF__TRB:CASTREGVRETQYF,1,1
1089,TRA:CAVKPQGAQKLVF;CAVTHLSNFGNEKLTF__TRB:CASSLNFVGGLYEQYF,1,1
1090,TRA:CAVKRLGSTLGRLYF__TRB:CASRGLALYEQYF,1,1
1091,TRA:CAVKRNSGYSTLTF__TRB:CASSYLGGSNYGYTF,1,1
1092,TRA:CAVKRTGGFKTIF__TRB:CASSPEQGGNEKLFF,1,1
1093,TRA:CAVKSNNNDMRF__TRB:CASSPSSADTQYF,1,1
1094,TRA:CAVKSNTGKLIF__TRB:CASTLGGGTGELFF,1,1
1095,TRA:CAVKSYTGGFKTIF__TRB:CASGLHTGSEAFF,2,2
1096,TRA:CAVKTGGFKTIF__TRB:CATNRDANNYEQYF,2,2
1097,TRA:CAVKTSYDKVIF__TRB:CASSLGQGLTYEQYF,1,1
1098,TRA:CAVKTSYDKVIF__TRB:CSAADRVYEQYF,1,1
1099,TRA:CAVKWVWYKLSF__TRB:CASSYETGTPWFTDTQYF,1,1
1100,TRA:CAVLGRGSGSRLTF__TRB:CASSRPYNEQFF,53,53
1101,TRA:CAVLIMTTDSWGKFQF__TRB:CASSPFGTDSYEQYF,1,1
1102,TRA:CAVLNFGNEKLTF__TRB:CSARPLAGYYNEQFF,1,1
1103,TRA:CAVLNSGNTPLVF__TRB:CASSFRLYGYTF,3,3
1104,TRA:CAVLPRRGGSARQLTF__TRB:CASSFDWNNEQFF,1,1
1105,TRA:CAVLTTDSWGKFQF__TRB:,1,1
1106,TRA:CAVLYGADGQKLLF__TRB:CASSSELPEAFF,1,1
1107,TRA:CAVLYNFNKFYF__TRB:CASRGLAGDTTINNEQFF,1,1
1108,TRA:CAVMDSNYQLIW__TRB:CASSDGSGSYNEQFF,2,2
1109,TRA:CAVMDSNYQLIW__TRB:CASSDSENTEAFF,1,1
1110,TRA:CAVMDSNYQLIW__TRB:CASSDSSGTYNEQFF,1,1
1111,TRA:CAVMDSSYKLIF__TRB:,4,4
1112,TRA:CAVMDSSYKLIF__TRB:CASSDSDRNEQFF,1,1
1113,TRA:CAVMDSSYKLIF__TRB:CASSDSSGGADTQYF,14,14
1114,TRA:CAVMDSSYKLIF__TRB:CASSDTSGGADTQYF,3,3
1115,TRA:CAVMDSSYKLIF__TRB:CASSERENNEQFF,3,3
1116,TRA:CAVMDSSYKLIF__TRB:CASSESSLAGGQQFF,4,4
1117,TRA:CAVMETDSWGKLQF__TRB:CASSPGASTDTQYF;CATPRGGPTSTDTQYF,1,1
1118,TRA:CAVMNTGFQKLVF__TRB:CASSSPHDSPLHF,1,1
1119,TRA:CAVMVVNNARLMF;CGTEGGYQLIW__TRB:CASSLLGATEAFF,1,1
1120,TRA:CAVNALKSAGNKLTF__TRB:CASSNFFGGTATYEQYF,1,1
1121,TRA:CAVNAYSSASKIIF__TRB:CASSDRDNQETQYF,1,1
1122,TRA:CAVNDGGSQGNLIF__TRB:CASSTGSSGNTIYF,1,1
1123,TRA:CAVNDRGSYIPTF__TRB:CASGLGLTQETQYF,1,1
1124,TRA:CAVNEGGGNKLTF__TRB:CSALDSGQETQYF,1,1
1125,TRA:CAVNEGGSYIPTF__TRB:CAWSEPADTIYF,2,2
1126,TRA:CAVNGNQFYF__TRB:CASSQATVTNEKLFF,1,1
1127,TRA:CAVNHTGRRALTF;CAVRVKGSSNTGKLIF__TRB:CASSLDTVTGRGAFF,1,1
1128,TRA:CAVNIGRGGYSTLTF__TRB:CASRIAVGGWTGELFF;CKAGGDYNEQFF,1,1
1129,TRA:CAVNINTDKLIF__TRB:CASSSNRPLYEQFF,1,1
1130,TRA:CAVNLDAGNMLTF;CTQTGANNLFF__TRB:CSARISGYTDTQYF,1,1
1131,TRA:CAVNMENQGGKLIF__TRB:CSVVPGYTEAFF,2,2
1132,TRA:CAVNPGGADGLTF__TRB:CASKNNPGTEAFF,8,8
1133,TRA:CAVNPGTYKYIF__TRB:CASSLLSGSTEAFF,1,1
1134,TRA:CAVNPKAAGNKLTF__TRB:CSARVAREAYGYTF,4,4
1135,TRA:CAVNPLSGNTPLVF__TRB:CASSLGGRSSYNEQFF,1,1
1136,TRA:CAVNPSNYGGSQGNLIF__TRB:CASSRDREDGELFF,1,1
1137,TRA:CAVNQAGTALIF;CAVSNAGNNRKLIW__TRB:CATGQSDTQYF,1,1
1138,TRA:CAVNQRSSNYQLIW__TRB:CASSLDKSTEAFF,1,1
1139,TRA:CAVNRAGNMLTF__TRB:CASSAAGTGGEYLFF,1,1
1140,TRA:CAVNRGGSEKLVF__TRB:CASSFPAVRETQYF,2,2
1141,TRA:CAVNRGNTGKLIF__TRB:CASSFYRGF,1,1
1142,TRA:CAVNRQGAQKLVF__TRB:CARSLFYEQYF;CASSPPAVRETQYF,1,1
1143,TRA:CAVNRSWYSGGGADGLTF__TRB:CATHPPFMNTEAFF,1,2
1144,TRA:CAVNSGGYNKLIF__TRB:CASSQSGGHQETQYF,1,1
1145,TRA:CAVNTGFQKLVF__TRB:CASSLNRGNTEAFF,2,2
1146,TRA:CAVNWMTTDSWGKFQF__TRB:CATSDPAGGSYNEQFF,1,1
1147,TRA:CAVNYLIQGAQKLVF__TRB:CASSPPGTAYNSPLHF,1,1
1148,TRA:CAVNYNNNDMRF;CLPSYTGTASKLTF__TRB:CSVAPGQLYEQYF,2,2
1149,TRA:CAVPDSGGGADGLTF__TRB:,3,3
1150,TRA:CAVPDSGGGADGLTF__TRB:CATLDGEKVEGPFFEQFF,13,13
1151,TRA:CAVPFGGSQGNLIF__TRB:CASSLTSGGFGEQYF,1,1
1152,TRA:CAVPFSGGYNKLIF;CVVNRGSNYQLIW__TRB:CASTGGGAKPYEQYF,1,1
1153,TRA:CAVPGGNNARLMF;CLVGYTGGFKTIF__TRB:CASSPVNPSPSGTGELFF,1,1
1154,TRA:CAVPGTSYGKLTF__TRB:CASSSSNQPQHF,1,1
1155,TRA:CAVPLSGNTPLVF__TRB:CASSLSRRNEQFF,1,1
1156,TRA:CAVPPGRRALTF__TRB:CASSARASSNQPQHF,1,1
1157,TRA:CAVPPNSGYALNF__TRB:CSARFGGPADEQFF,1,1
1158,TRA:CAVPPPGAGSYQLTF__TRB:CASSRGGEVDEQFF,1,1
1159,TRA:CAVPSFQAGTALIF__TRB:CASSDSGTVHEAFF;CASSPLWKNTEAFF,1,15
1160,TRA:CAVPSNTGKLIF__TRB:CASSFSTGVEGYTF;CASTGRGSYEQYF,1,5
1161,TRA:CAVPTGGDSNYQLIW__TRB:CASSLSSVGELFF,1,1
1162,TRA:CAVPTPRLYNQGGKLIF__TRB:CASSLNRAGGPNEQFF,2,2
1163,TRA:CAVPTTSGTYKYIF__TRB:CSVEGAGEGGEQYF,1,1
1164,TRA:CAVPVNNAGNMLTF__TRB:CASSSSGRVNEQYF,1,1
1165,TRA:CAVPYSSASKIIF;CVVLNTGGGNKLTF__TRB:CASRTDTGVYSEAFF,1,1
1166,TRA:CAVQAGRDDKIIF__TRB:,5,5
1167,TRA:CAVQAGRDDKIIF__TRB:CASSVGAGPVSGNTIYF,29,29
1168,TRA:CAVQAKGRRALTF__TRB:CASSIGGQGASVNTEAFF,1,1
1169,TRA:CAVQAQDSNYQLIW__TRB:CASSQSGAGPYNEQFF,1,2
1170,TRA:CAVQARGTSYGKLTF__TRB:CASSAPRQGGRHGYTF,7,8
1171,TRA:CAVQAVRQGGKLIF__TRB:,8,8
1172,TRA:CAVQAVRQGGKLIF__TRB:CASSADIHNEQFF,180,180
1173,TRA:CAVQAYNQGGKLIF__TRB:CSVYGRAGETQYF,1,2
1174,TRA:CAVQGAGNDKIIF__TRB:CASSFISGRIYEQYF,3,3
1175,TRA:CAVQGGGADGLTF__TRB:CASSLAAGYARRAFF,1,1
1176,TRA:CAVQGGYGGSQGNLIF__TRB:CASSVHGGADEQFF,3,3
1177,TRA:CAVQGTGGFKTIF;CIVLNAGKSTF__TRB:CASSSRYVSYEQYF;CAWRATGGDYGYTF,1,1
1178,TRA:CAVQTTGGFKTIF__TRB:CASSPPLAGVTDTQYF,1,1
1179,TRA:CAVQTYTGGFKTIF__TRB:CASSLHTGLAGADEQYF,1,1
1180,TRA:CAVRAAFGNVLHC;CVVIYDGGATNKLIF__TRB:CASSLIPLSSSYNSPLHF,1,4
1181,TRA:CAVRADTGRRALTF;CAVSNARLMF__TRB:CASLDRGGLDTGELFF,1,1
1182,TRA:CAVRALDRGSTLGRLYF__TRB:CASSIGRGDEQFF,3,3
1183,TRA:CAVRALDTGRRALTF__TRB:CASSLDPNTGNTIYF,1,1
1184,TRA:CAVRAPFAGGGNKLTF__TRB:CASLSGTGGYNEQFF,12,12
1185,TRA:CAVRASGTYKYIF__TRB:CATSLEATLGDEQFF,1,1
1186,TRA:CAVRAVSGNTPLVF__TRB:CASSAHSTGNTEAFF,1,1
1187,TRA:CAVRAYGQNFVF__TRB:CASSIGAAGWFF,2,2
1188,TRA:CAVRDAGSARQLTF__TRB:CASSQGLGSGGLEQFF,2,2
1189,TRA:CAVRDDAGGYQKVTF__TRB:CASSTLAGQGDEKLFF,8,8
1190,TRA:CAVRDDGGFKTIF__TRB:,2,2
1191,TRA:CAVRDDGGFKTIF__TRB:CASSGLAGGNEQFF,31,31
1192,TRA:CAVRDGDTGGFKTIF__TRB:CASSSGQGRSNYGYTF,1,1
1193,TRA:CAVRDGDTGGFKTIF__TRB:CSASIGQGGTQYF,8,8
1194,TRA:CAVRDGPLGFGNVLHC__TRB:CASRPLARTRWDEQFF,3,4
1195,TRA:CAVRDGQKLLF__TRB:CSARVPQKLPNEQFF,4,4
1196,TRA:CAVRDKDTDKLIF__TRB:CASEDIGGELFF,1,1
1197,TRA:CAVRDKGGKLIF__TRB:CASSPLSGTGLAYEQYF,2,2
1198,TRA:CAVRDKYTNAGKSTF__TRB:,1,1
1199,TRA:CAVRDLRAGNMLTF__TRB:CASRSSRHTGELFF,1,1
1200,TRA:CAVRDLSNRLAF__TRB:CASSSRQGAWETQYF,2,2
1201,TRA:CAVRDNARLMF__TRB:CASSWGRRTTEAFF,1,1
1202,TRA:CAVRDNTGGFKTIF__TRB:CASINSGGLYEQYF,1,1
1203,TRA:CAVRDPGANNLFF__TRB:CSAPTGGFTEAFF,4,4
1204,TRA:CAVRDPGNTGFQKLVF__TRB:CASSLGWAEAFF,1,1
1205,TRA:CAVRDPSGGSYIPTF__TRB:CASSPPNEGAAGELFF,5,5
1206,TRA:CAVRDPSNQAGTALIF__TRB:CSARDMRDNEQFF,1,1
1207,TRA:CAVRDPYSGNTPLVF;CVVRPPATGGGNKLTF__TRB:CAWSVLTGQETQYF,1,1
1208,TRA:CAVRDRSRLMF__TRB:CASSYSSGSIVGELFF,4,4
1209,TRA:CAVRDSFGNEKLTF__TRB:CASTGFMHTEAFF,1,1
1210,TRA:CAVRDSHLNNNDMRF__TRB:CASSLALAGSSSGNTIYF,1,1
1211,TRA:CAVRDSWGKLQF__TRB:CASSEVPGGAMGSQYF,4,4
1212,TRA:CAVRDTGGFKTIF__TRB:CASSLPPGGFDTQYF,2,2
1213,TRA:CAVRDVEQAGTALIF__TRB:CASRGTETSNQPQHF,1,1
1214,TRA:CAVRDYRQAGTALIF__TRB:CAVGPLAEGNQPQHF,1,1
1215,TRA:CAVREARDTDKLIF__TRB:CASSEQGKGYTF,11,11
1216,TRA:CAVREDRTGGYQKVTF__TRB:CSAKTVNYGYTF,3,3
1217,TRA:CAVREGYNFNKFYF;CAVRGQGYSTLTF__TRB:CSVPGQGAFGYTF,2,3
1218,TRA:CAVRESWGKLQF__TRB:CADPPAGSSGANVLTF;CSAREVAAASYEQYF,2,2
1219,TRA:CAVRGAGNNRKLIW__TRB:CASSQLAGGSTDTQYF,1,1
1220,TRA:CAVRGEKYNTDKLIF__TRB:CASSQGTGVPPYNSPLHF,2,2
1221,TRA:CAVRGGGFQKLVF__TRB:CASSQEVITQLSGANVLTF,1,1
1222,TRA:CAVRGPDGQKLLF__TRB:CAISLGVQEAYEQYF,1,1
1223,TRA:CAVRGRQAGTALIF__TRB:CASSSDSGVAGELFF,1,1
1224,TRA:CAVRGSMDSNYQLIW__TRB:,1,1
1225,TRA:CAVRGSQGNLIF__TRB:CASSSRGEQYF,1,1
1226,TRA:CAVRGVGGGGFKTIF__TRB:CASQDRGGGNTIYF,1,1
1227,TRA:CAVRGVTGANSKLTF__TRB:,1,1
1228,TRA:CAVRHTFLSGGYNKLIF__TRB:CASSLGTSIYNEQFF,3,3
1229,TRA:CAVRIFMEYGNKLVF__TRB:CASSLARTGGRETQYF,1,1
1230,TRA:CAVRKAGRRALTF;CHLRNSGNTPLVF__TRB:CASTPPGASYGYTF,3,3
1231,TRA:CAVRLPGAGSYQLTF__TRB:CASSLGTEAFF,43,44
1232,TRA:CAVRNAGGSYIPTF__TRB:CASSPWTSGSLWNEQFF,3,3
1233,TRA:CAVRNSGNTPLVF__TRB:CASSYLTSGYTDTQYF,2,2
1234,TRA:CAVRPGGYNKLIF__TRB:CANWGSGANVLTF,1,1
1235,TRA:CAVRPGSSNTGKLIF__TRB:CASSLTSSYEQYF,1,1
1236,TRA:CAVRPHTNAGKSTF__TRB:CASGELADEQYF,2,2
1237,TRA:CAVRPMIKAAGNKLTF__TRB:CSVRTGAGAEAFF,1,1
1238,TRA:CAVRPQAGKLIF__TRB:CASSSLAAGLHEQFF,1,1
1239,TRA:CAVRPTGFQKLVF__TRB:CAVGTGEDYGYTF,5,5
1240,TRA:CAVRQNNNDMRF__TRB:CASSWAQGGGAGEQFF,1,1
1241,TRA:CAVRRETSGSRLTF;CIVRRTGANNLFF__TRB:CASSLTLATLGYEQYF,1,1
1242,TRA:CAVRRGDTDKLIF__TRB:CASSPRSGTMNTGELFF,4,4
1243,TRA:CAVRRGGQNFVF__TRB:CASSPTSGVYNEQFF,1,1
1244,TRA:CAVRRNTGFQKLVF__TRB:CASSPNSGFSYNEQFF,1,1
1245,TRA:CAVRRSNTGKLIF__TRB:CASSLDRGGNQPQHF,4,4
1246,TRA:CAVRSAGNMLTF__TRB:CASSHVGAFPEAFF,3,3
1247,TRA:CAVRSEGGNQFYF__TRB:CASSRQPGPIQNTEAFF,1,1
1248,TRA:CAVRSGGNQFYF__TRB:CSALRPRIDITYEQYF,1,1
1249,TRA:CAVRSHYGQNFVF__TRB:CATSREGPHPYGYTF,1,1
1250,TRA:CAVRSRGATNKLIF__TRB:CASYGTSGGYEQYF,1,1
1251,TRA:CAVRSRMSFGNVLHC__TRB:CASSPRKSMGTEAFF,1,1
1252,TRA:CAVRSRNYGGSQGNLIF;CAVVEVGGGADGLTF__TRB:CASSGPGQTYEQYF,1,1
1253,TRA:CAVRSRPNDYKLSF__TRB:CASSGAGDTERNIQYF,1,1
1254,TRA:CAVRSTSGGSYIPTF__TRB:CSVGFWDRQFF,1,1
1255,TRA:CAVRSVRTGFQKLVF__TRB:CASSIDISYEQFF,4,4
1256,TRA:CAVRTSGSRLTF__TRB:CASTFRPTDTQYF,1,1
1257,TRA:CAVRVHTGGGNKLTF__TRB:CASSFKRGQGLSYEQYF,1,1
1258,TRA:CAVRVNQGGKLIF__TRB:CASSPPTRADEQYF,8,8
1259,TRA:CAVRVSGYSTLTF__TRB:CASSSIAGGPETQYF,1,1
1260,TRA:CAVRYDNFNKFYF__TRB:CASSLVYEQYF,1,1
1261,TRA:CAVSAEYGNKLVF__TRB:CAIPTGGGSNTGELFF,1,1
1262,TRA:CAVSDGGAQKLVF__TRB:CASSLSNGVHEQYF,1,1
1263,TRA:CAVSDLGGGADGLTF__TRB:CASNSQQNEQFF;CSVAGQGVSGEQFF,1,1
1264,TRA:CAVSDLHSSASKIIF;CIVRVYPSNTGKLIF__TRB:CAISEGGGHQPQHF;CASSYSRTGREKLFF,1,1
1265,TRA:CAVSDLRNTDKLIF__TRB:CATSTGRGEQYF,1,1
1266,TRA:CAVSDPGGANSKLTF__TRB:CASSQLSPAGWGYGYTF,5,5
1267,TRA:CAVSDQSSARQLTF__TRB:CATSDPGGEYNEQFF,1,1
1268,TRA:CAVSDRGGYNKLIF__TRB:CATSRERLGVEQFF,2,2
1269,TRA:CAVSDRGSNYQLIW__TRB:CATSSGYGYTF,1,1
1270,TRA:CAVSDRNTDKLIF__TRB:CASSRTSGTYEQYF,2,2
1271,TRA:CAVSDRYGQNFVF__TRB:CASSQFTVGQGAGNTIYF,1,1
1272,TRA:CAVSDSGNTPLVF__TRB:CSAGRVRAGSYEQYF,1,1
1273,TRA:CAVSDSGTYKYIF__TRB:CASSYRTGGTQTTEAFF,1,1
1274,TRA:CAVSDTSGTYKYIF__TRB:CASSLGQQNYGYTF,2,2
1275,TRA:CAVSDTSGTYKYIF__TRB:CASSSPRAGSYEQYF,3,3
1276,TRA:CAVSEAGANSKLTF__TRB:CASSRGAAEQFF,1,1
1277,TRA:CAVSEGGSGSARQLTF__TRB:CASSYSSGGGSSPLHF,1,1
1278,TRA:CAVSEGGYSTLTF__TRB:CASSSPTSGQGRNEQFF,1,1
1279,TRA:CAVSEGRNTPLVF__TRB:CASSLGTGGRNQPQHF,1,1
1280,TRA:CAVSELDSNYQLIW__TRB:CATSPRWQETQYF,5,6
1281,TRA:CAVSENAGNMLTF__TRB:CASSVGGAVNTEAFF;CSVPGQGAFGYTF,1,6
1282,TRA:CAVSEPSTGTASKLTF__TRB:CASSLYPRQNTEAFF,1,1
1283,TRA:CAVSGAAGNKLTF__TRB:CASSFDGNTEAFF,1,1
1284,TRA:CAVSGDLNTGTASKLTF__TRB:CAWRLWRGAGTGELFF,1,1
1285,TRA:CAVSGGFGNVLHC__TRB:CASSLVDFATNEKLFF;CASSQDLRWRINSPLHF,1,1
1286,TRA:CAVSGGSQGNLIF__TRB:CSAVGGVRWTGELFF,1,1
1287,TRA:CAVSGGYQKVTF__TRB:CASSELTGVGYTF,3,3
1288,TRA:CAVSGLDNARLMF__TRB:CASSPTRTWNTGELFF,1,1
1289,TRA:CAVSGPGGSYIPTF;CAVVTGKLIF__TRB:CASSVVEAQETQYF,1,1
1290,TRA:CAVSGQDSSASKIIF__TRB:CASSLGQGAPEAFF,2,2
1291,TRA:CAVSGVSGTYKYIF__TRB:CASNVDQNQPQHF,1,1
1292,TRA:CAVSLGGTSYGKLTF__TRB:CASSLGDGGSPLHF,1,1
1293,TRA:CAVSLINDYKLSF__TRB:CASSLAAWGTEAFF,1,1
1294,TRA:CAVSPRGGNEKLTF__TRB:CASSSPRPSGRTIYF,2,2
1295,TRA:CAVSPSGGSYIPTF__TRB:CASSLSGTYNEQFF,1,1
1296,TRA:CAVSPSSQKLLF__TRB:CASSPLAVYQETQYF,1,1
1297,TRA:CAVSPSVAGGTSYGKLTF__TRB:CASSQDTLNTEAFF,5,5
1298,TRA:CAVSPYSGAGSYQLTF__TRB:CSARPPGLAGPDTQYF,5,5
1299,TRA:CAVSREGGTASKLTF__TRB:CASSRDRGGDGYTF,2,2
1300,TRA:CAVSRFRQKVTF__TRB:CASSSPTGKNTEAFF,1,1
1301,TRA:CAVSRGDPGTYKYIF;CIVSYTGTASKLTF__TRB:CASRLAPPAGGNYGYTF;CASSETSGRTNEQFF,1,1
1302,TRA:CAVSRGDPGTYKYIF;CIVSYTGTASKLTF__TRB:CASSETSGRTNEQFF,8,10
1303,TRA:CAVSRGDYKLSF;CGAPKGTGNTPLVF__TRB:CAIRGSGGQETQYF,2,11
1304,TRA:CAVSRGDYKLSF__TRB:CASSLGNTIYF,1,1
1305,TRA:CAVSRGSTLGRLYF__TRB:CASSTTPGLAATDTQYF,1,1
1306,TRA:CAVSRMDSNYQLIW__TRB:CATRDRNTGELFF,1,1
1307,TRA:CAVSSFAGGTSYGKLTF__TRB:CASSQSARPQHF,3,3
1308,TRA:CAVSSGYSTLTF__TRB:CARGDGVQETQYF,1,2
1309,TRA:CAVSSNDYKLSF;CILRRWGGSYIPTF__TRB:CASSVEGSPGTEAFF,2,2
1310,TRA:CAVSSNDYKLSF__TRB:CASLPSGSSYNEQFF,1,1
1311,TRA:CAVSSNDYKLSF__TRB:CSAPRQGVTYEQYF,1,1
1312,TRA:CAVSSPRGGSYIPTF__TRB:CAWGEVLNTEAFF,3,3
1313,TRA:CAVSTGNTPLVF__TRB:CASSFSGGRWEQYF,2,2
1314,TRA:CAVSTHSEKLVF__TRB:CASRLRVPNTEAFF,1,1
1315,TRA:CAVSTSGGSYIPTF__TRB:CASSWAGSPTPNQPQHF,1,1
1316,TRA:CAVSVAGRRALTF;CLVGYNARLMF__TRB:CASSLATSGPDTQYF,1,1
1317,TRA:CAVSVDGQKLLF__TRB:CSARVPLTSGSRNEQFF,2,2
1318,TRA:CAVSVGNTDKLIF__TRB:CASSLKDGTGELFF,1,1
1319,TRA:CAVSVLLGNTPLVF__TRB:CASRGTVIINEQFF,1,1
1320,TRA:CAVSVQNFNKFYF__TRB:CASRLDPNTEAFF,1,1
1321,TRA:CAVSVSGYSSASKIIF__TRB:CASSLSGRNEQFF,1,2
1322,TRA:CAVSWLKTSYDKVIF__TRB:CASSLQPPGEQYF,1,1
1323,TRA:CAVSYNTDKLIF__TRB:CAISRTGGRFDTF,4,4
1324,TRA:CAVSYNTDKLIF__TRB:CASAQGQGTNEQYF,1,1
1325,TRA:CAVSYSGAGSYQLTF__TRB:CATSSPGDLASYEQYF,5,5
1326,TRA:CAVSYSGGGADGLTF__TRB:CAISDYVGLAGGAYEQYF,1,1
1327,TRA:CAVTDNAGNMLTF__TRB:CASSLAQGFGQPQHF,1,1
1328,TRA:CAVTERTNAGKSTF__TRB:CARLGLAGGPNTGELFF,1,1
1329,TRA:CAVTFDNYGQNFVF__TRB:CASTPLGRIPNYGYTF,1,1
1330,TRA:CAVTGPNYGGSQGNLIF__TRB:CASGRTTGTGINTEAFF,1,1
1331,TRA:CAVTGWEAAGNKLTF__TRB:CAWSGSEQFF,1,1
1332,TRA:CAVTGYSTLTF__TRB:CASSLAQTGSEQFF,1,1
1333,TRA:CAVTHNYGQNFVF__TRB:CASSPSTGELFF,1,1
1334,TRA:CAVTLDTGRRALTF__TRB:CAISDSLTDNYGYTF,1,1
1335,TRA:CAVTLNQAGTALIF__TRB:CASSSRDGLYGYTF,1,1
1336,TRA:CAVTMTTDSWGKLQF__TRB:CASSVGTGSYEQYF,1,1
1337,TRA:CAVTPGAGSYQLTF__TRB:CASSLDPVLAFF,1,1
1338,TRA:CAVTSGNTPLVF__TRB:CAWSVLAEAFF,1,1
1339,TRA:CAVTSGTYKYIF__TRB:CASSGTGAGELFF,1,1
1340,TRA:CAVTSNSGYALNF__TRB:CASSLYEQYF,6,6
1341,TRA:CAVTSRDNNDMRF__TRB:CASSLGGSGDTQYF,2,2
1342,TRA:CAVTTSYDKVIF__TRB:CASSFLYEQYF,1,1
1343,TRA:CAVTVSGGATNKLIF__TRB:CASSLDRAAGEQYF,1,1
1344,TRA:CAVTYSSGTYKYIF;CILLYGNKLVF__TRB:CASSESSLAGGQQFF,11,12
1345,TRA:CAVTYSSGTYKYIF__TRB:CASSESSLAGGQQFF,1,1
1346,TRA:CAVVAYQAGTALIF__TRB:CSARAGGVFNYGYTF,12,12
1347,TRA:CAVVDSTLGRLYF__TRB:CASSLSTGAYGYTF,1,1
1348,TRA:CAVVDTFGNEKLTF__TRB:CASSILEGPYGYTF,3,3
1349,TRA:CAVVDYNYGQNFVF__TRB:CASSPSVGGTEAFF,1,1
1350,TRA:CAVVETSGSRLTF__TRB:CSAPNPGATEAFF,1,1
1351,TRA:CAVVGSARQLTF__TRB:CASSLKQGAGTEAFF,1,1
1352,TRA:CAVVGTGTASKLTF__TRB:CASSQVYEQYF,1,1
1353,TRA:CAVVKGGTYKYIF__TRB:CSVEGQPDTEAFF,1,1
1354,TRA:CAVVKRQGGYNKLIF__TRB:CSARPRRGSSYEQYF,1,1
1355,TRA:CAVVLPEGGSEKLVF__TRB:CSAPLGRWETQYF,1,1
1356,TRA:CAVVNQAGTALIF__TRB:CASSDRTGGLGEAFF,1,1
1357,TRA:CAVVNWMDSSYKLIF__TRB:CASSLESISGESTEAFF,1,1
1358,TRA:CAVVPGAGKSTF__TRB:CASSYFNRYTF,3,3
1359,TRA:CAVVRTNTGFQKLVF__TRB:CASRGGPGRRTGTDTQYF,7,8
1360,TRA:CAVVSGNTPLVF__TRB:,1,1
1361,TRA:CAVVSGNTPLVF__TRB:CASSPGTSGYEQYF,14,14
1362,TRA:CAVVSWNNDMRF__TRB:CASSESIRDGYTF,1,1
1363,TRA:CAVVTMTTDSWGKLQF__TRB:CATSGGGNQPQHF,1,1
1364,TRA:CAVVTSGTYKYIF__TRB:CASSLELAGHNEQFF,1,1
1365,TRA:CAVVYGNNNDMRF__TRB:CASSYSRYNEQFF,1,1
1366,TRA:CAVWDGANNLFF__TRB:CAISESASSNSPLHF,1,1
1367,TRA:CAVWGREYGNKLVF__TRB:CASSLLPLAGALEQYF,1,1
1368,TRA:CAVYNAGNNRKLIW__TRB:CSARIEGAGNEQFF,1,1
1369,TRA:CAVYNQGGKLIF__TRB:CASSHQGVLAYNEQFF,1,1
1370,TRA:CAVYNTDKLIF__TRB:CASSSDGETAYGYTF,1,1
1371,TRA:CAVYSGNTPLVF__TRB:CASRGGSSTYDTQYF,1,1
1372,TRA:CAVYSGNTPLVF__TRB:CASRPQGPGNTIYF,4,4
1373,TRA:CAVYTGGFKTIF__TRB:CASSYEGSDSGNTIYF,1,1
1374,TRA:CAVYYNQGGKLIF__TRB:CASSHLGLAGGETQYF,2,2
1375,TRA:CAYAFLGNTDKLIF;CGSTGTASKLTF__TRB:CASSPEGGPGEKLFF,8,10
1376,TRA:CAYAFLGNTDKLIF;CGSTGTASKLTF__TRB:CASSPEGGPGEKLFF;CASSQEGRGLETQYF,2,2
1377,TRA:CAYEGSARQLTF__TRB:,7,7
1378,TRA:CAYEGSARQLTF__TRB:CASSLYGAGGAPTGQFF,30,29
1379,TRA:CAYEGSARQLTF__TRB:CASSLYGAGGAPTGQFF;CASSPSRAGLQETQYF,1,1
1380,TRA:CAYGGGATNKLIF__TRB:CASSSRAGGDTQYF,1,1
1381,TRA:CAYGGNQFYF__TRB:CSGDRGVLGVNTEAFF,1,1
1382,TRA:CAYIGNAGKSTF__TRB:CSAPMVSSQGRVPSYEQYF,1,1
1383,TRA:CAYKLGGSEKLVF__TRB:CASSPTLAGGPSEQYF,1,1
1384,TRA:CAYKRETSGSRLTF__TRB:CASSSRTGRGAFF,2,2
1385,TRA:CAYKVDSNYQLIW__TRB:CASSYSPPWSTVEQFF,3,2
1386,TRA:CAYKVDSNYQLIW__TRB:CSARQGVITEAFF,1,1
1387,TRA:CAYLDMRF__TRB:CASSPLAGDYNEQFF,1,1
1388,TRA:CAYLDQGAQKLVF__TRB:CASSSPPGYEQYF,1,1
1389,TRA:CAYLSNFGNEKLTF__TRB:CASSYLDRAGGYTF,1,1
1390,TRA:CAYLYSGGGADGLTF__TRB:CASSLDWSYEQYF,1,1
1391,TRA:CAYNQGAQKLVF__TRB:CASSTPSGGTPGNTIYF,1,1
1392,TRA:CAYRATQKLVF__TRB:CASSQLAGLGQPQHF,2,2
1393,TRA:CAYREYGGSQGNLIF__TRB:CASSLTPGGVEQYF,1,1
1394,TRA:CAYREYGNKLVF__TRB:CASSQDLVTGAGTINYGYTF,1,1
1395,TRA:CAYRFVNTGTASKLTF__TRB:CASSPMETQYF,1,1
1396,TRA:CAYRGGPSQGGSEKLVF__TRB:CASSLAWGRTNEKLFF,1,1
1397,TRA:CAYRGIQGAQKLVF__TRB:CASSADNFGTEAFF,1,1
1398,TRA:CAYRGTGTASKLTF__TRB:CASSPDLWAVKTQYF,1,1
1399,TRA:CAYRIPYNNAGNMLTF__TRB:CASSHSRDRGAGYTF,1,1
1400,TRA:CAYRRGGANNLFF__TRB:,2,2
1401,TRA:CAYRRGGANNLFF__TRB:CASSNRLAGGEQYF,1,14
1402,TRA:CAYRRGNQFYF__TRB:CSATGTGGQGEKLFF,3,3
1403,TRA:CAYRRGSNFGNEKLTF__TRB:CASSRGVVEATRAKNIQYF,1,1
1404,TRA:CAYRRIYNFNKFYF__TRB:CASSLSRSGHVNSPLHF,1,1
1405,TRA:CAYRRLRGAQKLVF__TRB:CASSLDARGAFF;CSVGQGAYEQYF,1,1
1406,TRA:CAYRRLRGAQKLVF__TRB:CASSYLYRFGQGRTGELFF;CSVGQGAYEQYF,1,1
1407,TRA:CAYRRLRGAQKLVF__TRB:CSVGQGAYEQYF,1,1
1408,TRA:CAYRSAEIWGGSEKLVF__TRB:CASSFRQGGGGYTF,1,1
1409,TRA:CAYRSAEVGDMRF__TRB:CASKSWVGLGDIQYF,1,1
1410,TRA:CAYRSAFFQANDMRF__TRB:CASSVSVSRGKGYTF,12,14
1411,TRA:CAYRSAFYNAGNMLTF__TRB:CASSIARRVTPLHF,1,1
1412,TRA:CAYRSAGEDDKIIF__TRB:CASSFFANSGNTIYF,1,1
1413,TRA:CAYRSAGFSGGGADGLTF__TRB:CASRSTVPYNEQFF,1,1
1414,TRA:CAYRSAGNDMRF__TRB:CASSVGRGLYEQYF,1,1
1415,TRA:CAYRSALGGSEKLVF__TRB:CASSQFLGPQHF,4,5
1416,TRA:CAYRSARDARLMF__TRB:CASSQDASLSGYTF,1,1
1417,TRA:CAYRSARNNDMRF__TRB:,1,1
1418,TRA:CAYRSDSGGGADGLTF__TRB:CASSQTPATGELFF,1,1
1419,TRA:CAYRSFPGDDKIIF__TRB:CASSLRLAGGTGELFF,1,1
1420,TRA:CAYRSGSGGGADGLTF__TRB:CASSQEGRGLETQYF,39,40
1421,TRA:CAYRSLGAQKLVF__TRB:CASSLPGALNTEAFF,1,1
1422,TRA:CAYRSRGSGTYKYIF__TRB:CASSLTTPRVKAEAFF,1,1
1423,TRA:CAYRSSGSGAGSYQLTF__TRB:CASSPTLSFSPLHF,1,1
1424,TRA:CAYRSTGYALNF__TRB:CSARPGAGSQPQHF,2,2
1425,TRA:CAYRSVEDDKIIF__TRB:CSALYADEQFF,1,1
1426,TRA:CAYRSWGKLQF__TRB:CASSLGGSEKLFF;CASSQAGRVGEAFF,3,5
1427,TRA:CAYRTLARGAQKLVF__TRB:CASSLIRTGELFF,1,1
1428,TRA:CAYRTLEGSSGSRLTF__TRB:CASSYRARSNQPQHF,1,1
1429,TRA:CAYRTNTGNQFYF__TRB:CASSVGVADYNEQFF,2,2
1430,TRA:CAYRVQYSGAGSYQLTF__TRB:CKAGGDYNEQFF,1,1
1431,TRA:CAYSFNNARLMF__TRB:CSPSGRAGNEQFF,2,2
1432,TRA:CAYSLGGGADGLTF__TRB:CSASQTSYEQYF,1,1
1433,TRA:CAYSLLRQGGSEKLVF__TRB:CASSPLFRDSGLDGYTF,1,1
1434,TRA:CAYSWETSGSRLTF__TRB:CASRDWNEQFF;CATGTAPQNTEAFF,1,1
1435,TRA:CAYTSPNFGNEKLTF__TRB:CASAWRTSGDNEQFF,1,1
1436,TRA:CAYTTSGTYKYIF__TRB:CSVLTGGADTEAFF,1,2
1437,TRA:CDSWGKFQF__TRB:CASSESFRTEAFF,1,1
1438,TRA:CEPSYAGNMLTF__TRB:CATSVIGNTGELFF,1,1
1439,TRA:CGAAANAGGTSYGKLTF__TRB:CSIYRAGYGYTF,1,1
1440,TRA:CGADEASGTYKYIF__TRB:CSVGSGEGYEQYF,1,1
1441,TRA:CGADEGNNDMRF__TRB:CASSLSIRYYEQFF,1,1
1442,TRA:CGADESNTGKLIF__TRB:CASSPQVAVYYEQYF,1,1
1443,TRA:CGADGSNTGKLIF__TRB:CASSYVEGFGYTF,2,2
1444,TRA:CGADHTSGTYKYIF__TRB:CSVGSGEGYEQYF,2,2
1445,TRA:CGADMEYGNKLVF;CILRDDGNTPLVF__TRB:CASSVSPHQNTEAFF,1,1
1446,TRA:CGADMRSGGSNYKLTF__TRB:CASSRLGTGLYEQYF,1,1
1447,TRA:CGAEFPETSGSRLTF__TRB:CASSLGGWVLKGETQYF,1,1
1448,TRA:CGAEYSNTGKLIF__TRB:CASSLAGTGNREQYF,1,2
1449,TRA:CGAGSYQLTF__TRB:CASGSLTLGAKNIQYF,1,1
1450,TRA:CGAGSYQLTF__TRB:CASSLGRGPTPYNEQFF,1,1
1451,TRA:CGAVRMTTDSWGKLQF__TRB:CSARNLNTEAFF,2,2
1452,TRA:CGLNSGYALNF__TRB:CASSLSGSYYEKLFF,10,10
1453,TRA:CGPLQGAQKLVF;CILRNFGNEKLTF__TRB:CASSMIAGGQETQYF,3,3
1454,TRA:CGPRFYNNARLMF__TRB:CASSWGPGDDEQFF,1,1
1455,TRA:CGRTESGAGSYQLTF;CILRRSLSNFGNEKLTF__TRB:CASDRGLEVTEAFF,1,1
1456,TRA:CGTADNYGQNFVF__TRB:CASSQVATGALGNTEAFF,1,1
1457,TRA:CGTDRWGSGGSNYKLTF__TRB:CASSLGHRRWTQYF,7,7
1458,TRA:CGTEASDSWGKLQF__TRB:CASAAGQGLSSQETQYF,6,7
1459,TRA:CGTEKGSNTGKLIF__TRB:CASSLRSGGHQETQYF,1,1
1460,TRA:CGTERTSGTYKYIF__TRB:CASSLAYRGGEKLFF,1,1
1461,TRA:CGTESPPNFGNEKLTF__TRB:CASSVQRGSYNEQFF,1,1
1462,TRA:CGTKGIGHSGAGSYQLTF;CVVNHEEYGNKLVF__TRB:CASSTARDEQYF,1,1
1463,TRA:CGTSTSNSGYALNF__TRB:CSTCLPGTFPQNTEAFF,1,1
1464,TRA:CGTVGNTGTASKLTF__TRB:CASSRIVSRAWEGYTF,1,1
1465,TRA:CGTVMMTTDSWGKFQF__TRB:CASSISTGYNEQFF,1,1
1466,TRA:CGTVTNTGNQFYF;CILSERDNYGQNFVF__TRB:CASSQTPRIAYGYTF,2,5
1467,TRA:CIALHRDDKIIF__TRB:CASSFWLAGARPTGELFF,1,1
1468,TRA:CIAPSSGTYKYIF__TRB:CAAEGGWVKTQYF,1,1
1469,TRA:CIARKDGQNFVF__TRB:CASSEDRARLSPLHF,1,1
1470,TRA:CIAVNNNDMRF__TRB:CSASEAAINYGYTF,1,1
1471,TRA:CIAWLPRDYKLSF__TRB:CATSDLDRNYGYTF,1,1
1472,TRA:CIGFMDTGRRALTF;CILRGGFQKLVF__TRB:CASSSAKNTEAFF,1,1
1473,TRA:CIGTSIIHNAGNMLTF;CVVNKASNYQLIW__TRB:CASTGRGSYEQYF,3,17
1474,TRA:CIGVGDNFNKFYF__TRB:,2,2
1475,TRA:CILAPSGGYNKLIF__TRB:CASSGIRDRGQPQHF,1,1
1476,TRA:CILASGTYKYIF__TRB:CASSLSGGSNQPQHF,1,1
1477,TRA:CILFSVTSGTYKYIF__TRB:CASSHLSGANVLTF,1,1
1478,TRA:CILIAGNEKLTF__TRB:CASSQSSVYGYTF,1,1
1479,TRA:CILIGGTYKYIF__TRB:CASSRGGRVNEQYF,2,2
1480,TRA:CILIMNYGGATNKLIF__TRB:CASGTSGLPNTGELFF,1,1
1481,TRA:CILISNNAGNMLTF__TRB:CASSAYGGSDEQYF,1,1
1482,TRA:CILISRYAGGTSYGKLTF__TRB:CASRSLTGQYNSPLHF,1,1
1483,TRA:CILKAPNSGYALNF__TRB:CASSPLAKLGVEQYF,1,1
1484,TRA:CILKNTNAGKSTF__TRB:CASSPGSPGAMNTEAFF,1,1
1485,TRA:CILLANFGNEKLTF__TRB:CASSNDRRKNTEAFF,1,1
1486,TRA:CILLNNNAGNMLTF__TRB:CASSEWGGTDTQYF,1,1
1487,TRA:CILLTQGGSEKLVF__TRB:CACQGNSNQPQHF,4,4
1488,TRA:CILLVRNEKLTF__TRB:CSARPPGAGNSPLHF,5,5
1489,TRA:CILLWGSQGNLIF__TRB:CASSFPKSGEQYF,1,1
1490,TRA:CILLYGNKLVF__TRB:CASSESSLAGGQQFF,2,2
1491,TRA:CILNNYGQNFVF__TRB:CSTEGVTGTNYGYTF,1,1
1492,TRA:CILNSFGNEKLTF__TRB:CASSAWTGANSPLHF,1,1
1493,TRA:CILNSGGSNYKLTF__TRB:CASSLMPSGTYEQYF,1,1
1494,TRA:CILRAGNYGQNFVF__TRB:,1,1
1495,TRA:CILRAGNYGQNFVF__TRB:CAISESTAGSPFEQFF;CASSVEISSYNEQFF,1,1
1496,TRA:CILRAQGGSEKLVF__TRB:CASSPRVGDRRNTEAFF,1,1
1497,TRA:CILRAQGGSEKLVF__TRB:CASSWDLWGNTIYF,1,1
1498,TRA:CILRAQGGSEKLVF__TRB:CSGARGLINSPLHF,1,1
1499,TRA:CILRDAGDYKLSF__TRB:CASSNRTGGARETQYF,1,1
1500,TRA:CILRDAPLGFGNEKLTF__TRB:CSKEDRVGETQYF,1,1
1501,TRA:CILRDARSNFGNEKLTF__TRB:CASSSPGRTDTQYF,1,1
1502,TRA:CILRDATQGGSEKLVF__TRB:CSAYPAPGQQNSYNEQFF,1,1
1503,TRA:CILRDDFGNEKLTF__TRB:CASSHTRTGRELFF,1,1
1504,TRA:CILRDDFGNEKLTF__TRB:CASSPWGATNTEAFF,1,1
1505,TRA:CILRDDGARLMF__TRB:CASSLAGGPSEQYF,1,1
1506,TRA:CILRDESGGSEKLVF__TRB:CSVGGQLTDTQYF,1,1
1507,TRA:CILRDGGSEKLVF__TRB:CSARLIYEQYF,1,1
1508,TRA:CILRDGQSPTDKLIF__TRB:CASSILVGGYTF,1,1
1509,TRA:CILRDGYGGSQGNLIF__TRB:CASSLNRAGGPNEQFF;CASSRPGQGTYEQYF,2,5
1510,TRA:CILRDHMNYGGSQGNLIF__TRB:CASSREGRAEGTEAFF,1,1
1511,TRA:CILRDHPSGTYKYIF__TRB:CSVIEVRKNIQYF,13,13
1512,TRA:CILRDIAASGTYKYIF__TRB:CASSPWTGSYNEQFF,1,1
1513,TRA:CILRDLGNTPLVF__TRB:CASERDSPPYEQYF,2,2
1514,TRA:CILRDLNAGNNRKLIW__TRB:CASSYNSGRPGLRYGYTF,1,1
1515,TRA:CILRDLNFGNEKLTF__TRB:CSGRQGAQPQHF,2,2
1516,TRA:CILRDLPYNNNDMRF__TRB:CASSQEGAGQETQYF;CASSQGAFSYNEQFF,1,6
1517,TRA:CILRDLTEARLMF__TRB:CASIRDRVVTGELFF,1,1
1518,TRA:CILRDNFGNEKLTF__TRB:CASSLSDFNEAFF,1,1
1519,TRA:CILRDNFGNEKLTF__TRB:CSAGSGRPNYEQYF,1,1
1520,TRA:CILRDNNARLMF__TRB:,2,2
1521,TRA:CILRDNNARLMF__TRB:CASSHRGRDYGYTF,3,4
1522,TRA:CILRDPSGGYQKVTF__TRB:CSALETVNTEAFF,1,1
1523,TRA:CILRDPWDSGGSNYKLTF__TRB:CAISDREQFF,1,1
1524,TRA:CILRDQGGSEKLVF__TRB:CSADTGENTEAFF,2,2
1525,TRA:CILRDRAGAGNMLTF__TRB:CASAGVVNLNTGELFF,1,1
1526,TRA:CILRDRNEKLTF__TRB:CSAKVPGTDNSPLHF,1,1
1527,TRA:CILRDSPGSGAGSYQLTF__TRB:CASLPGFSSYGYTF,1,1
1528,TRA:CILRDSVGNEKLTF__TRB:CASSLLMGAAGYTF,1,1
1529,TRA:CILRDVAIGNEKLTF__TRB:,2,2
1530,TRA:CILRDVAIGNEKLTF__TRB:CSARVYSGRATDTQYF,67,68
1531,TRA:CILRDVFSGNQFYF__TRB:CASSSPRTDEAFF,1,1
1532,TRA:CILRDVGDMRF__TRB:CASSLRSGRTYEQYF,1,1
1533,TRA:CILRDVGGSEKLVF__TRB:CASSFGQGRNTEAFF,1,1
1534,TRA:CILRDVGGSNYKLTF__TRB:CASSQVLDGPGNTEAFF,1,1
1535,TRA:CILRDVLSNFGNEKLTF__TRB:CASTRDRVGNTEAFF,1,1
1536,TRA:CILRDVSGSEKLVF__TRB:CASSVVPAGGGEQYF,1,1
1537,TRA:CILRDWMNSGYALNF__TRB:CASSPPAREAGNTIYF,1,1
1538,TRA:CILRDYLGGSEKLVF__TRB:CASTWGGAANEKLFF,1,1
1539,TRA:CILRDYNFGNEKLTF__TRB:CASSVAGTGIYEQYF,13,12
1540,TRA:CILREGWSGGSNYKLTF__TRB:CAISEPSYEQYF,2,2
1541,TRA:CILRERGGSEKLVF__TRB:CSANRGLETQYF,1,1
1542,TRA:CILREVRDSNYQLIW__TRB:CASSIRASDTQYF,1,1
1543,TRA:CILRFGNEKLTF__TRB:CSARGTPNTQYF,1,1
1544,TRA:CILRGAGGTSYGKLTF__TRB:,1,1
1545,TRA:CILRGGFGNEKLTF__TRB:CASSLAGHSRAQPQHF,1,1
1546,TRA:CILRLPGNTPLVF__TRB:CASSFRATDRGHEQYF;CASSQHREANTIYF,1,3
1547,TRA:CILRNAGGTSYGKLTF__TRB:CASSLSRVVNIQYF,1,1
1548,TRA:CILRNFGNEKLTF__TRB:CASSLIAGGQETQYF;CASSMNTGAFSNQPQHF,1,2
1549,TRA:CILRNFGNEKLTF__TRB:CASSLVAGGQETQYF,2,2
1550,TRA:CILRPYSGNTPLVF__TRB:CASSVDMSGELFF,2,2
1551,TRA:CILRRNNNARLMF__TRB:CASSGPGTGELFF,1,1
1552,TRA:CILRSFGNEKLTF__TRB:CASSLIAGGQETQYF,1,1
1553,TRA:CILRTQNEKLTF__TRB:CASSQGWGGGNEKLFF,1,1
1554,TRA:CILRVDMRF__TRB:CASSPSTGTSGMNEQFF,2,2
1555,TRA:CILSAGFQKLVF__TRB:CASSLPTGEWYEQYF,1,1
1556,TRA:CILSFISNFGNEKLTF__TRB:CASSTRVGGNTIYF,1,1
1557,TRA:CILSQGGSEKLVF__TRB:CSPQSGGERTQYF,1,1
1558,TRA:CILSRGSTLGRLYF__TRB:CASSPLSNRGQGLYYEQYF,1,1
1559,TRA:CILSWRGGATNKLIF__TRB:CASSLFRDTIPSSGNTIYF,1,1
1560,TRA:CILTLSGGSNYKLTF__TRB:CASSLRWAKNEQFF,1,1
1561,TRA:CILVTGNQFYF__TRB:CASSPPPWTEAFF,1,1
1562,TRA:CINTNAGKSTF;CIRAGSARQLTF__TRB:CASSNLWGSSGNTIYF,2,2
1563,TRA:CIPINFGNEKLTF__TRB:CASSPRPGQGNTEAFF,1,1
1564,TRA:CIPLDFGNEKLTF__TRB:CASGLGGRANYGYTF;CATSVPLGEPQHF,9,8
1565,TRA:CIPLFGNEKLTF__TRB:CAIRGDRRNYGYTF,1,1
1566,TRA:CIPRVYGGSQGNLIF__TRB:CASSQARGLDEQYF,1,1
1567,TRA:CIPTSYNTDKLIF__TRB:CASSLEGTGVNEQFF,1,1
1568,TRA:CIRTPQGGSEKLVF__TRB:CASSLTTRLAGGWYNEQFF,1,1
1569,TRA:CITSGGGADGLTF__TRB:CASSFFTTYSNQPQHF,4,4
1570,TRA:CIVANTGNQFYF__TRB:CSARGQGSRYGYTF,4,4
1571,TRA:CIVANTNAGKSTF__TRB:CAWSEGTVNTEAFF,2,3
1572,TRA:CIVDPFSNTGKLIF__TRB:CASSWGDREADTQYF,1,1
1573,TRA:CIVGPPRGTYKYIF__TRB:CASSGLREQYF,3,3
1574,TRA:CIVGVPGNQGGKLIF__TRB:CASSGGAFNTGELFF;CASSVGRVSYEQYF,1,1
1575,TRA:CIVILYNFNKFYF__TRB:CASSLFGTENEKLFF,1,1
1576,TRA:CIVKNVGSQGNLIF__TRB:CASSTDGLANEQFF,1,1
1577,TRA:CIVLRTSGSRLTF__TRB:CASNLDRAWEQYF,1,1
1578,TRA:CIVNAGGTSYGKLTF__TRB:CASSRSGGPYTDTQYF,2,2
1579,TRA:CIVRAFTGNQFYF__TRB:CASSLRVGNTEAFF,1,1
1580,TRA:CIVRAKGYGQNFVF__TRB:CASSLVPQNSGNTIYF,1,1
1581,TRA:CIVRANNAGNMLTF__TRB:CASPRRGGYETQYF;CSAIQGKDDTQYF,2,2
1582,TRA:CIVRATYSNYQLIW__TRB:CASSRGASTEAFF,1,1
1583,TRA:CIVRDNNAGNMLTF__TRB:,1,1
1584,TRA:CIVRDNNAGNMLTF__TRB:CAISRTGGRFDTF;CASSPWGGNSPLHF,2,2
1585,TRA:CIVRDNNAGNMLTF__TRB:CASSGDRGFNTGELFF;CASSPWGGNSPLHF,1,1
1586,TRA:CIVRDNNAGNMLTF__TRB:CASSPWGGNSPLHF,40,40
1587,TRA:CIVREALNDMRF__TRB:CASSAGLFTDTQYF,8,8
1588,TRA:CIVREDNAGNMLTF__TRB:CSARRGGTYGYTF,1,1
1589,TRA:CIVREGNNDMRF__TRB:CASSGGLHTDTQYF,2,2
1590,TRA:CIVREGSGGYQKVTF__TRB:CASPRRGGYETQYF;CASSSGSKETQYF,1,1
1591,TRA:CIVRFNTGTASKLTF__TRB:CASSGPGQGVRNEKLFF,1,1
1592,TRA:CIVRGGPTGANNLFF__TRB:CASSVASSPRNSPLHF,1,1
1593,TRA:CIVRGGRDDKIIF__TRB:CASSSGAYNSPLHF,1,1
1594,TRA:CIVRGQAGTALIF__TRB:CASSLAGTGDEKLFF,1,1
1595,TRA:CIVRGRGSTLGRLYF__TRB:CASSYSGYNEQFF,2,2
1596,TRA:CIVRGTITGGGNKLTF__TRB:CASSPAGGTGELFF,1,1
1597,TRA:CIVRHFQGAQKLVF__TRB:CASSLITTGLVETQYF,1,1
1598,TRA:CIVRLNTGNQFYF__TRB:CASSHGPLAGVETQYF,1,1
1599,TRA:CIVRLPNAGKSTF__TRB:CASSLTYKAGGIEQFF,1,1
1600,TRA:CIVRLSPLDAGNKLTF__TRB:CASSQNHGRMGYEQYF,1,1
1601,TRA:CIVRLYSGGYQKVTF__TRB:CSVGGVPGGEQFF,8,8
1602,TRA:CIVRPRGINNTGKLIF__TRB:CASMGTGLDYGYTF,2,2
1603,TRA:CIVRPSGGYQKVTF__TRB:CAWSSFTATGGYTF,1,1
1604,TRA:CIVRPYGGSQGNLIF__TRB:CASSRQGASVETQYF,1,1
1605,TRA:CIVRSPEVTPLVF__TRB:CASSNSVWGAGTEAFF,1,1
1606,TRA:CIVRSPYTNAGKSTF__TRB:CASSPGTAGGGNSPLHF,2,2
1607,TRA:CIVRSVNYGGATNKLIF__TRB:CASSALGNTGELFF,2,2
1608,TRA:CIVRTNTGTASKLTF__TRB:CASSISLGTGYEQYF,5,5
1609,TRA:CIVRVAGGQKLLF__TRB:CASSFLAGAREQFF,2,2
1610,TRA:CIVRVAGIHYGGATNKLIF__TRB:CASSQFSDHEQFF,1,1
1611,TRA:CIVRVAGSARQLTF__TRB:CASSSQGWPGNTIYF,2,2
1612,TRA:CIVRVAGSARQLTF__TRB:CSAQSDKNYGYTF,7,7
1613,TRA:CIVRVAMGVETSYDKVIF__TRB:CASSLGFIDRGQSGNTIYF,2,2
1614,TRA:CIVRVANDYKLSF__TRB:CSVEGTPLSVQGDRNEQYF,2,2
1615,TRA:CIVRVAPNSGYALNF__TRB:CATSEAGQGAPARDTQYF,1,1
1616,TRA:CIVRVASGATNKLIF__TRB:CASSPTGTGGVYEQYF,1,1
1617,TRA:CIVRVAVITGNQFYF__TRB:CASSFRTRPDTQYF,1,2
1618,TRA:CIVRVEANNDMRF__TRB:CASSLLRRDPDTQYF,2,2
1619,TRA:CIVRVEETSGSRLTF__TRB:CASRLLNTGELFF,1,1
1620,TRA:CIVRVEVHQAGTALIF__TRB:CSAREGSQSGEQYF,1,1
1621,TRA:CIVRVFYSGGGADGLTF__TRB:CASSQRWDRGYYEQYF,1,1
1622,TRA:CIVRVGAAGNKLTF__TRB:CSVIRGPMNTEAFF,14,15
1623,TRA:CIVRVGARLMF__TRB:CASSLPRNEQFF,1,1
1624,TRA:CIVRVGGDSWGKLQF__TRB:CASSPLTDTQYF,3,4
1625,TRA:CIVRVGGDSWGKLQF__TRB:CASSSLNTEAFF,11,11
1626,TRA:CIVRVGIGNAGNMLTF__TRB:CASTQTSGRGEQFF,1,1
1627,TRA:CIVRVGQNSGGSNYKLTF__TRB:CASSVRLNTEAFF,1,1
1628,TRA:CIVRVGRGNEKLTF__TRB:CASSIVPGGTDTQYF,1,1
1629,TRA:CIVRVHTGFQKLVF__TRB:CASSLGGSRDEQYF,1,1
1630,TRA:CIVRVLGDFNKFYF__TRB:CASSPGDGNYGYTF,1,1
1631,TRA:CIVRVLLGGYQKVTF__TRB:CSARDRTSGTYEQYF,2,3
1632,TRA:CIVRVLNTGNQFYF__TRB:CSARGWTTNEKLFF,1,1
1633,TRA:CIVRVMNRDDKIIF__TRB:CASSWVLRGGETQYF,1,1
1634,TRA:CIVRVMTGGSYIPTF__TRB:CASSLFPSGRGHEQYF,1,1
1635,TRA:CIVRVNNAGNMLTF__TRB:CSVMRGPTNEKLFF,1,1
1636,TRA:CIVRVNNDMRF__TRB:CASGPEGSPLRQEQFF,5,5
1637,TRA:CIVRVPGYSSASKIIF__TRB:CASSLGTLRGPTGETQYF,2,2
1638,TRA:CIVRVPSIIQGAQKLVF__TRB:CSARTSGGSYNEQFF,2,2
1639,TRA:CIVRVRGGADGLTF__TRB:CSADGVYRSDEQFF,1,1
1640,TRA:CIVRVRPDKLIF__TRB:CSVGKGLAYEQYF,1,1
1641,TRA:CIVRVSTLLNSGNTPLVF__TRB:CASSLRIPDTQYF;CRTSGSEKLFF,1,1
1642,TRA:CIVRVVAAGNKLTF__TRB:CASSPNRGYSPLHF,2,2
1643,TRA:CIVRVVVLFPLIW__TRB:CASHGQFFSGANVLTF,1,1
1644,TRA:CIVRVYPSNTGKLIF__TRB:CAISEGGGHQPQHF,1,1
1645,TRA:CIVSESFQKLVF__TRB:,1,1
1646,TRA:CIVSLDDKIIF__TRB:CASSRTGLTDYEQYF,1,1
1647,TRA:CIVSYQGNYGGSQGNLIF__TRB:CASSSGGLAKNIQYF,1,1
1648,TRA:CIVTSTSGTYKYIF__TRB:CASSPPRGLGGTEAFF,1,1
1649,TRA:CLAEGYYGQNFVF__TRB:CASRLPGTGGFGEQFF,14,14
1650,TRA:CLAGGGANNLFF__TRB:CSARHRGLAGESGNEQFF,3,3
1651,TRA:CLLGAAQGGSEKLVF__TRB:CASSITGSYNSPLHF,1,1
1652,TRA:CLLGDPAVTDKLIF__TRB:CASSLTLLAGDSYNEQFF,6,6
1653,TRA:CLSKAAGNKLTF__TRB:,2,2
1654,TRA:CLSKAAGNKLTF__TRB:CASSSLTGTGSHEQYF,27,28
1655,TRA:CLVAEGNTGFQKLVF__TRB:CASSSWTSGGAQETQYF,1,1
1656,TRA:CLVAFMNTGFQKLVF__TRB:CASSHRANPGNTIYF,2,3
1657,TRA:CLVGAHDYKLSF__TRB:CAWSVRQNTGELFF,1,1
1658,TRA:CLVGDKNAGNMLTF__TRB:CASGAGTGPWEQYF,1,1
1659,TRA:CLVGDPNDYKLSF;CVVINTGGFKTIF__TRB:CASSSIRQGGFLNEQFF,1,1
1660,TRA:CLVGDPQLSQNFVF__TRB:CASSLEMAFDEQFF,2,2
1661,TRA:CLVGDPSNTGKLIF__TRB:CASSFYSGRLDTQYF,1,1
1662,TRA:CLVGENSSASKIIF__TRB:CSARGQVGYNEQFF,1,1
1663,TRA:CLVGEVNNDMRF__TRB:CASSSLAGVGETQYF,21,21
1664,TRA:CLVGGDYTGGFKTIF__TRB:CASSLPLGTGGPANEQFF,3,3
1665,TRA:CLVGNNDMRF__TRB:CASSEDSADYTEAFF,1,1
1666,TRA:CLVGPDRAGNMLTF__TRB:CASSPGTSIYNEQFF,1,1
1667,TRA:CLVGPYSGAGSYQLTF__TRB:CASSQGTGRGNTEAFF,3,2
1668,TRA:CLVLDTGRRALTF__TRB:CASSSGTSGGSEQYF,9,9
1669,TRA:CLVVIYGQNFVF__TRB:CAISTRDRVPYEQYF,1,1
1670,TRA:CLVVNGTGKLIF__TRB:CASSPRAGYTF,2,2
1671,TRA:CLVVNSGGSNYKLTF__TRB:CASSVGGGRTSGEQYF,1,1
1672,TRA:CLVVTTGGFKTIF__TRB:CASQTGLAGGPSYEQYF,1,1
1673,TRA:CMQLVGTSYGKLTF__TRB:CASSLGRNSPLHF,1,1
1674,TRA:CMTSGSRLTF__TRB:CASSLARFPTVFYGYTF,1,2
1675,TRA:CRWDMRF__TRB:CASTIGQGASEAFF,1,1
1676,TRA:CSSNSGGSNYKLTF__TRB:CASHRGNQQYF,4,4
1677,TRA:CSTGAGSYQLTF__TRB:CASSEWVGEKLFF,1,1
1678,TRA:CTYSGGGADGLTF__TRB:CAIWGGFAGTEAFF;CASSFPWREEEDTQYF,1,2
1679,TRA:CVAFSGGYNKLIF__TRB:CASSIATGAPGANVLTF,1,1
1680,TRA:CVANAGKSTF__TRB:CATSDPRWGAAGELFF,16,16
1681,TRA:CVFNDMRF__TRB:CASSLTQGVSGELFF,4,4
1682,TRA:CVGRDDKIIF__TRB:CASSLWDSSILRETQYF,6,6
1683,TRA:CVPTGGYNKLIF__TRB:CASSEEGLASGANVLTF,3,3
1684,TRA:CVRGSNYKLTF__TRB:CSAPGLAGYNEQFF,2,2
1685,TRA:CVVGASGGSYIPTF__TRB:CASNHRGGRSYSNQPQHF,1,1
1686,TRA:CVVGGSNTGNQFYF__TRB:CSAAGGHSVGTDTQYF,4,4
1687,TRA:CVVGVDNYGQNFVF__TRB:CSLDAGLTGELFF,1,1
1688,TRA:CVVHGSSNTGKLIF__TRB:CASSFVSGGRGEQFF,1,1
1689,TRA:CVVHSGGYGGATNKLIF__TRB:CSASVRDRGLFEQYF,2,2
1690,TRA:CVVILPGTYKYIF__TRB:CAYQGLAGLEQYF,1,1
1691,TRA:CVVITSGGYNKLIF__TRB:CASSSLISGSDYNEQFF,1,1
1692,TRA:CVVKANARLMF__TRB:CASSFGNGYTF,4,5
1693,TRA:CVVKASGTYKYIF__TRB:CASSIRTGTGGLDEQFF,1,1
1694,TRA:CVVKDGGFKTIF__TRB:CASRASGGQDEQFF,8,8
1695,TRA:CVVNDWYGKLTF__TRB:CAISESTGRGQPQHF,1,1
1696,TRA:CVVNIEDDKIIF__TRB:CASSLGYGDPSSGNTIYF,1,1
1697,TRA:CVVNKASNYQLIW__TRB:,2,2
1698,TRA:CVVNKASNYQLIW__TRB:CASSFPQQFF,4,4
1699,TRA:CVVNKGGLIF__TRB:CASSEIRHIQYF,1,1
1700,TRA:CVVNMRASGTYKYIF__TRB:CASSQPQGVVLYEQYF,1,1
1701,TRA:CVVNNEVKTIF__TRB:CASSVGGQGYEQYF,1,1
1702,TRA:CVVNNGSSNTGKLIF__TRB:CATSSRQGEQPQHF,3,3
1703,TRA:CVVNNNARLMF__TRB:,1,1
1704,TRA:CVVNNNARLMF__TRB:CSARQGVITEAFF,1,1
1705,TRA:CVVNPFGYKLSF__TRB:CASSEEAGYTF,1,1
1706,TRA:CVVNPISSGSARQLTF__TRB:CASSETPGVSSYNEQFF,2,2
1707,TRA:CVVNPLRGGGATNKLIF__TRB:CASSYGFFGGVSGNEQFF,1,1
1708,TRA:CVVNQRGNKLVF__TRB:CASKDGNQPQHF,3,3
1709,TRA:CVVNSLTGNQFYF__TRB:CASTSGARDTQYF,1,1
1710,TRA:CVVNSPYGQNFVF__TRB:CASSPGERGGDNEQFF,1,1
1711,TRA:CVVNSWYALNF__TRB:CASSLGQASNEQYF,3,4
1712,TRA:CVVNTGKSTF__TRB:,2,2
1713,TRA:CVVNTGKSTF__TRB:CATSDPRQGAPGELFF,2,2
1714,TRA:CVVNWPGTYKYIF__TRB:CSAEYRDRSYEQYF,1,1
1715,TRA:CVVRDFNKFYF__TRB:CASSGPPGLSTDTQYF,1,1
1716,TRA:CVVRDFNKFYF__TRB:CASSLGGTEAFF,1,1
1717,TRA:CVVRGNYGGSQGNLIF__TRB:CASSSRQDGLREQYF,1,2
1718,TRA:CVVRGSYNTDKLIF__TRB:CASSQSTDTQYF,1,1
1719,TRA:CVVRNNNAGNMLTF__TRB:CASSPETGISNQPQHF,1,2
1720,TRA:CVVRRGGFKTIF__TRB:CASSPTGGDGGSENIQYF,1,1
1721,TRA:CVVSAGGGNKLTF__TRB:CASRTTGNTGELFF,2,2
1722,TRA:CVVSAGRGSTLGRLYF__TRB:CASSPDRVPTNEKLFF,1,1
1723,TRA:CVVSAMFSGGYNKLIF__TRB:CASSFTQGPGNTIYF,1,1
1724,TRA:CVVSARAGSYQLTF__TRB:CAWTSNTEAFF,1,1
1725,TRA:CVVSDRYTGNQFYF;CVVTRNTGGFKTIF__TRB:CASSFSSPGPNYEQYF;CASSSPATGGTEAFF,6,1
1726,TRA:CVVSDYSGNTPLVF__TRB:CASSLGVTYYNEQFF,4,4
1727,TRA:CVVSEPGANNLFF__TRB:CASSVDGGREETQYF,1,1
1728,TRA:CVVSEYNYGQNFVF__TRB:CSARIGQMNTEAFF,1,1
1729,TRA:CVVSLNQAGTALIF__TRB:CASSLGLYQETQYF,1,1
1730,TRA:CVVSLNYGGSQGNLIF__TRB:CASSLWREVTGELFF,1,1
1731,TRA:CVVSLTIGFGNVLHC__TRB:CASSLAGGRVNEQYF,1,1
1732,TRA:CVVSPSVTTDSWGKLQF__TRB:CSARDVSRTPTSTDTQYF,11,12
1733,TRA:CVVSPTLYGNNRLAF__TRB:,2,2
1734,TRA:CVVSPTLYGNNRLAF__TRB:CASSVGGRVAGYNEQFF,6,6
1735,TRA:CVVSSGGGADGLTF__TRB:CAISYGLGQVNTEAFF,3,3
1736,TRA:CVVSSGGGADGLTF__TRB:CASRLSSGVTDTQYF,1,2
1737,TRA:CVVSSYNAGNNRKLIW__TRB:CASSQSGLAGYNEQFF,1,1
1738,TRA:CVVTKFSNYQLIW__TRB:CASSFSEKLFF,5,6
1739,TRA:CVVTLKNDKIIF__TRB:CASSLRQGARGNTEAFF,2,2
1740,TRA:CVVTLYNYGQNFVF__TRB:CSARAGQMNTEAFF,2,2
1741,TRA:CVVTPGGSYIPTF__TRB:CSAGFEGNTIYF,2,3
1742,TRA:CVVTRNTGGFKTIF__TRB:,2,3
1743,TRA:CVVTRNTGGFKTIF__TRB:CASSFSSPGPNYEQYF,107,105
1744,TRA:CVVTSGTYKYIF__TRB:CASSLAGLQETQYF,2,2
1745,TRA:CVVTSYGGSQGNLIF__TRB:CAITRDVGTEAFF,1,1
1746,TRA:CVVTWNTDKLIF__TRB:CASSPPSLRSIDTQYF,1,1
1747,TRA:CVVVGSARQLTF__TRB:CASSWWDRAGEKLFF,1,1
1748,TRA:CVVYNQGGKLIF__TRB:CASSHSIAGGPYEQYF,1,1
1749,TRA:CWAGSYQLTF__TRB:CASSSQEPRDFSYNEQFF,5,4
1750,TRA:CYLWTSTSYGKLTF__TRB:CASSPWDSYSNQPQHF,1,2
1751,TRA:__TRB:CAGVSKRGTEAFF,1,1
1752,TRA:__TRB:CAIKIQDLYSYEQYF,1,1
1753,TRA:__TRB:CAISRTGGRFDTF,1,1
1754,TRA:__TRB:CAISVQGYEQYF,1,1
1755,TRA:__TRB:CARRAHSGNTIYF,3,3
1756,TRA:__TRB:CASGGEGHPGELFF,1,1
1757,TRA:__TRB:CASGHFRGQGEAFF,1,1
1758,TRA:__TRB:CASGPEGSPLRQEQFF,2,2
1759,TRA:__TRB:CASGRGVGPYNEQFF,2,2
1760,TRA:__TRB:CASHRGNQQYF,3,3
1761,TRA:__TRB:CASKPSLGSSPLHF,3,3
1762,TRA:__TRB:CASKWVRVTNEKLFF,1,1
1763,TRA:__TRB:CASLSFRSRDYGYTF,1,1
1764,TRA:__TRB:CASNPGTRNTEAFF,1,1
1765,TRA:__TRB:CASNSQQNEQFF,1,1
1766,TRA:__TRB:CASPRRGGYETQYF,65,64
1767,TRA:__TRB:CASRADSPNEQFF,1,1
1768,TRA:__TRB:CASRDEALQGGGYTF,3,3
1769,TRA:__TRB:CASRDWNEQFF,3,3
1770,TRA:__TRB:CASREGHSYEQYF,1,1
1771,TRA:__TRB:CASRPATGQVSGNQPQHF,1,1
1772,TRA:__TRB:CASRRGGPNNEQFF,1,1
1773,TRA:__TRB:CASRRQGYEQYF,3,3
1774,TRA:__TRB:CASRRTGDRYGYTF,1,1
1775,TRA:__TRB:CASRTTGNTGELFF,2,2
1776,TRA:__TRB:CASSADIHNEQFF,6,6
1777,TRA:__TRB:CASSAFLAIHEQFF,2,2
1778,TRA:__TRB:CASSAGLFTDTQYF,3,3
1779,TRA:__TRB:CASSAPRQGGRHGYTF,4,4
1780,TRA:__TRB:CASSARDRRRYGYTF,3,3
1781,TRA:__TRB:CASSDRTSGERETQYF,2,2
1782,TRA:__TRB:CASSDSYSTGELFF,1,1
1783,TRA:__TRB:CASSEAISPGDYGYTF,11,11
1784,TRA:__TRB:CASSEARRVLTYEQYF,1,1
1785,TRA:__TRB:CASSEGTSSWGNTIYF,1,1
1786,TRA:__TRB:CASSELAGGNNEQFF,1,1
1787,TRA:__TRB:CASSELGLGDTQYF,1,1
1788,TRA:__TRB:CASSFATGELFF,5,5
1789,TRA:__TRB:CASSFEGDRPQHF,2,2
1790,TRA:__TRB:CASSFEGRGQPQHF,1,1
1791,TRA:__TRB:CASSFFGEQETQYF,24,24
1792,TRA:__TRB:CASSFFTTYSNQPQHF,2,2
1793,TRA:__TRB:CASSFGGGSFEQFF,1,1
1794,TRA:__TRB:CASSFIRRGVAFF,2,2
1795,TRA:__TRB:CASSFLSGTDTQYF,1,1
1796,TRA:__TRB:CASSFPARTGYEQYF,1,1
1797,TRA:__TRB:CASSFPQQFF,43,43
1798,TRA:__TRB:CASSFQGAREKLFF,1,1
1799,TRA:__TRB:CASSFRLAGTGELFF,1,1
1800,TRA:__TRB:CASSFRLYGYTF,4,4
1801,TRA:__TRB:CASSFSIYEQYF,1,1
1802,TRA:__TRB:CASSFSSPGPNYEQYF,5,5
1803,TRA:__TRB:CASSFTTGRVTEAFF,1,1
1804,TRA:__TRB:CASSGGGRQYF,1,1
1805,TRA:__TRB:CASSGGLGGDEQFF,1,1
1806,TRA:__TRB:CASSGLAGGNEQFF,3,3
1807,TRA:__TRB:CASSGLAGSSYNEQFF,1,1
1808,TRA:__TRB:CASSGRNQETQYF,1,1
1809,TRA:__TRB:CASSGTGGWGYTF,1,1
1810,TRA:__TRB:CASSGTMRGRFYNEQFF,2,2
1811,TRA:__TRB:CASSGTRESFEQFF,1,1
1812,TRA:__TRB:CASSHITGTSGGEQFF,1,1
1813,TRA:__TRB:CASSHLGIAAWDEQFF,2,2
1814,TRA:__TRB:CASSHLSGANVLTF,2,2
1815,TRA:__TRB:CASSHRTFLGELFF,2,2
1816,TRA:__TRB:CASSIFISYEQYF,2,2
1817,TRA:__TRB:CASSIGRGDEQFF,2,2
1818,TRA:__TRB:CASSIPKAYNEQFF,1,1
1819,TRA:__TRB:CASSITGGNEQFF,1,1
1820,TRA:__TRB:CASSKDWTRYEQYF,1,1
1821,TRA:__TRB:CASSKRQRYAYEQYF,2,2
1822,TRA:__TRB:CASSLAADPQYNEQFF,1,1
1823,TRA:__TRB:CASSLAFLTQGGELFF,2,2
1824,TRA:__TRB:CASSLAGGGPPAQQYF,3,3
1825,TRA:__TRB:CASSLAGQGAQIWGYTF,1,1
1826,TRA:__TRB:CASSLAPGLKETQYF,1,1
1827,TRA:__TRB:CASSLARTGYTEAFF,1,1
1828,TRA:__TRB:CASSLAWSTHQPQHF,1,1
1829,TRA:__TRB:CASSLAYSNQPQHF,1,1
1830,TRA:__TRB:CASSLDRGENQPQHF,1,1
1831,TRA:__TRB:CASSLDRGGNQPQHF,4,4
1832,TRA:__TRB:CASSLEGDQPQHF,2,2
1833,TRA:__TRB:CASSLEGDREAFF,1,1
1834,TRA:__TRB:CASSLEGVNQPQHF,1,1
1835,TRA:__TRB:CASSLEIWTDNSPLHF,1,1
1836,TRA:__TRB:CASSLFQLAGSYNEQFF,1,1
1837,TRA:__TRB:CASSLGGSGTQYF,1,1
1838,TRA:__TRB:CASSLGGTRLEPQHF,1,1
1839,TRA:__TRB:CASSLGGYEQYF,1,1
1840,TRA:__TRB:CASSLGHRRWTQYF,4,4
1841,TRA:__TRB:CASSLGPFYGYTF,1,1
1842,TRA:__TRB:CASSLGTGDNQPQHF,2,2
1843,TRA:__TRB:CASSLGTGGYGYTF,2,2
1844,TRA:__TRB:CASSLGTSGSYEQYF,4,4
1845,TRA:__TRB:CASSLGTSSYEQYF,1,1
1846,TRA:__TRB:CASSLLDTQYF,1,1
1847,TRA:__TRB:CASSLLSGELFF,21,1
1848,TRA:__TRB:CASSLMQTRQNIQYF,1,1
1849,TRA:__TRB:CASSLNGRNEQYF,1,1
1850,TRA:__TRB:CASSLNRAGGPNEQFF,11,11
1851,TRA:__TRB:CASSLPLGQGSTYGYTF,3,3
1852,TRA:__TRB:CASSLRDEQFF,6,6
1853,TRA:__TRB:CASSLRTSGEYHEQYF,1,1
1854,TRA:__TRB:CASSLSLTGTGGTIYEQYF,2,2
1855,TRA:__TRB:CASSLTLLAGDSYNEQFF,8,8
1856,TRA:__TRB:CASSLTSRGAEAFF,1,1
1857,TRA:__TRB:CASSLTVLPSGNTEAFF,1,1
1858,TRA:__TRB:CASSLVAGGREQYF,3,3
1859,TRA:__TRB:CASSLVPGAYEQYF,13,10
1860,TRA:__TRB:CASSLVRGGYEQYF,1,1
1861,TRA:__TRB:CASSLWTEMDEQFF,1,1
1862,TRA:__TRB:CASSLYFPETQYF,1,1
1863,TRA:__TRB:CASSNRGGQETQYF,9,9
1864,TRA:__TRB:CASSPDGYEQYF,1,1
1865,TRA:__TRB:CASSPDMGQGYTF,2,2
1866,TRA:__TRB:CASSPFLAPGTEAFF,1,1
1867,TRA:__TRB:CASSPGLPSSYEQYF,1,1
1868,TRA:__TRB:CASSPIRTGDNEQFF,11,11
1869,TRA:__TRB:CASSPLDRGSGNTIYF,1,1
1870,TRA:__TRB:CASSPLPTGYEQYF,2,2
1871,TRA:__TRB:CASSPPASLDYGYTF,1,1
1872,TRA:__TRB:CASSPPDEQFF,4,4
1873,TRA:__TRB:CASSPPGTNYEKLFF,1,1
1874,TRA:__TRB:CASSPRDRLPSGANVLTF,1,1
1875,TRA:__TRB:CASSPRGRGYGYTF,1,1
1876,TRA:__TRB:CASSPRLAGTTDTQYF,2,2
1877,TRA:__TRB:CASSPTGPGYAEAFF,1,1
1878,TRA:__TRB:CASSPTGSSLGQPQHF,2,2
1879,TRA:__TRB:CASSPVGTRGGQETQYF,1,1
1880,TRA:__TRB:CASSPWGAYGYTF,1,1
1881,TRA:__TRB:CASSPWGGNSPLHF,19,19
1882,TRA:__TRB:CASSPYSGRAYEQYF,2,2
1883,TRA:__TRB:CASSQASRSQETQYF,1,1
1884,TRA:__TRB:CASSQDGGYSGEQFF,1,1
1885,TRA:__TRB:CASSQGRGAVDEQYF,1,1
1886,TRA:__TRB:CASSQLTGGGTDTQYF,1,1
1887,TRA:__TRB:CASSQQTRTSGRGEQYF,1,1
1888,TRA:__TRB:CASSQRQGIDMTSQFF,1,1
1889,TRA:__TRB:CASSQRVAGHNQPQHF,2,2
1890,TRA:__TRB:CASSQSARPQHF,3,3
1891,TRA:__TRB:CASSQSGTGVGEQYF,1,1
1892,TRA:__TRB:CASSQSSGNTIYF,1,1
1893,TRA:__TRB:CASSQVVGGSKNIQYF,1,1
1894,TRA:__TRB:CASSQYLRVGTSNNEQFF,2,2
1895,TRA:__TRB:CASSRDLCPPYGEQYF,2,2
1896,TRA:__TRB:CASSRERANSPLHF,1,1
1897,TRA:__TRB:CASSRILAGDGAEQFF,1,1
1898,TRA:__TRB:CASSRIRTAPNTEAFF,1,1
1899,TRA:__TRB:CASSRMGGRTDTQYF,1,1
1900,TRA:__TRB:CASSRPYNEQFF,2,2
1901,TRA:__TRB:CASSRTSGDEQFF,1,1
1902,TRA:__TRB:CASSSAWGGVDTEAFF,1,1
1903,TRA:__TRB:CASSSGTVAGELFF,5,5
1904,TRA:__TRB:CASSSLAGVGETQYF,8,8
1905,TRA:__TRB:CASSSLNTEAFF,3,3
1906,TRA:__TRB:CASSSQCVTTGGGYTF,1,1
1907,TRA:__TRB:CASSSRGGRADEQYF,5,5
1908,TRA:__TRB:CASSTGTGVQPQHF,1,1
1909,TRA:__TRB:CASSTQGANYGYTF,1,1
1910,TRA:__TRB:CASSTRRGWDGYTF,1,1
1911,TRA:__TRB:CASSTRVELEAFF,4,4
1912,TRA:__TRB:CASSTTRGMGSYNEQFF,2,2
1913,TRA:__TRB:CASSVEARNLETQYF,3,3
1914,TRA:__TRB:CASSVGLTFADTQYF,2,2
1915,TRA:__TRB:CASSVNHRGSYEQYF,1,1
1916,TRA:__TRB:CASSVQVHYSGNTIYF,1,1
1917,TRA:__TRB:CASSVSGSGRANEQFF,2,2
1918,TRA:__TRB:CASSVTRTEYGYTF,2,2
1919,TRA:__TRB:CASSVYEQYF,1,1
1920,TRA:__TRB:CASSWGQPLGTEAFF,1,1
1921,TRA:__TRB:CASSYGNRDAGYEQYF,1,1
1922,TRA:__TRB:CASSYGQGNTF,1,1
1923,TRA:__TRB:CASSYLTSGYTDTQYF,2,2
1924,TRA:__TRB:CASSYNQGYEQYF,1,1
1925,TRA:__TRB:CASSYTATNEKLFF,3,4
1926,TRA:__TRB:CASTFDGDYGYTF,1,1
1927,TRA:__TRB:CASTGGSHGYTF,1,1
1928,TRA:__TRB:CASTGRGSYEQYF,2,2
1929,TRA:__TRB:CASTGTASTDTQYF,2,2
1930,TRA:__TRB:CASTKSRNEQFF,1,1
1931,TRA:__TRB:CASTLAGGPREQYF,1,1
1932,TRA:__TRB:CASTSDGPGGNTIYF,1,1
1933,TRA:__TRB:CASTSGSGNSPLHF,4,4
1934,TRA:__TRB:CASTTIRRAYEKLFF,1,1
1935,TRA:__TRB:CATLDGEKVEGPFFEQFF,1,1
1936,TRA:__TRB:CATQGYYSNQPQHF,1,1
1937,TRA:__TRB:CATSDPPRRGDNEQFF,1,1
1938,TRA:__TRB:CATSGPRQDGELFF,1,1
1939,TRA:__TRB:CATSRDRGPLAEAFF,1,1
1940,TRA:__TRB:CATSRELTETVLGETQYF,2,2
1941,TRA:__TRB:CATYGGVTGELFF,7,7
1942,TRA:__TRB:CAWSEGRNQPQHF,1,1
1943,TRA:__TRB:CAWTKPGFSNTEAFF,1,1
1944,TRA:__TRB:CKAGGDYNEQFF,2,2
1945,TRA:__TRB:CSAATRPGGNYEQYF,3,3
1946,TRA:__TRB:CSAIDSQISGELFF,4,4
1947,TRA:__TRB:CSAIQGKDDTQYF,2,2
1948,TRA:__TRB:CSARDRTADQPQHF,1,1
1949,TRA:__TRB:CSAREVAAASYEQYF,3,3
1950,TRA:__TRB:CSARHRGLAGESGNEQFF,3,3
1951,TRA:__TRB:CSARQGVITEAFF,1,1
1952,TRA:__TRB:CSARRGGTYGYTF,2,2
1953,TRA:__TRB:CSARRSGSNEQFF,4,4
1954,TRA:__TRB:CSASIGQGGTQYF,4,4
1955,TRA:__TRB:CSASPSGGPSTDTQYF,1,1
1956,TRA:__TRB:CSASTPSGFSDTQYF,3,2
1957,TRA:__TRB:CSASVRGYGGYTF,3,3
1958,TRA:__TRB:CSATGGSVYSNQPQHF,1,1
1959,TRA:__TRB:CSGGGRTDEQFF,2,2
1960,TRA:__TRB:CSLDAGLTGELFF,2,2
1961,TRA:__TRB:CSVAGQGVSGEQFF,4,4
1962,TRA:__TRB:CSVAMAFQETQYF,6,5
1963,TRA:__TRB:CSVGQGAYEQYF,27,27
1964,TRA:__TRB:CSVGSGEGYEQYF,4,4
1965,TRA:__TRB:CSVIEVRKNIQYF,3,3
1966,TRA:__TRB:CSVRPSGNTIYF,3,3
1967,TRA:__TRB:CSVTLTSGGPTGAQYF,2,2
1968,TRA:__TRB:CSVVSGASQAFF,1,1
