clonotype_id,frequency,proportion,cdr3s_aa,cdr3s_nt
clonotype1,44,0.041825095057,TRB:CASSPWGGNSPLHF,TRB:TGTGCCAGCAGCCCCTGGGGGGGCAATTCACCCCTCCACTTT
clonotype2,42,0.0399239543726,TRA:CAVFVATGANSKLTF;TRB:CASSFLYTDTQYF,TRA:TGTGCTGTGTTCGTAGCAACTGGAGCCAATAGTAAGCTGACATTT;TRB:TGTGCCAGCAGTTTCCTATACACAGATACGCAGTATTTT
clonotype3,31,0.0294676806084,TRA:CIVRDNNAGNMLTF;TRB:CASSPWGGNSPLHF,TRA:TGCATCGTCAGAGATAATAATGCAGGCAACATGCTCACCTTT;TRB:TGTGCCAGCAGCCCCTGGGGGGGCAATTCACCCCTCCACTTT
clonotype4,29,0.027566539924,TRB:CASSFLYTDTQYF,TRB:TGTGCCAGCAGTTTCCTATACACAGATACGCAGTATTTT
clonotype5,25,0.0237642585551,TRB:CSVGQGAYEQYF,TRB:TGCAGCGTTGGACAGGGGGCCTACGAGCAGTACTTC
clonotype6,17,0.0161596958175,TRB:CASSNRLAGGEQYF,TRB:TGTGCCAGTAGTAATCGACTAGCGGGAGGAGAGCAGTACTTC
clonotype8,15,0.0142585551331,TRA:CAASASNFNKFYF;TRB:CSVGQGAYEQYF,TRA:TGTGCAGCAAGCGCGTCCAACTTCAACAAATTTTACTTT;TRB:TGCAGCGTTGGACAGGGGGCCTACGAGCAGTACTTC
clonotype7,15,0.0142585551331,TRA:CAATLPGTASKLTF;TRB:CSVRPSGNTIYF,TRA:TGTGCAGCAACCCTACCCGGCACTGCCAGTAAACTCACCTTT;TRB:TGCAGTGTCCGGCCCTCGGGAAACACCATATATTTT
clonotype9,12,0.0114068441065,TRB:CASTGTASTDTQYF,TRB:TGTGCCAGCACCGGGACCGCATCCACAGATACGCAGTATTTT
clonotype10,12,0.0114068441065,TRB:CASSLNRAGGPNEQFF,TRB:TGTGCCAGCAGCTTAAACCGGGCGGGAGGGCCTAATGAGCAGTTCTTC
clonotype11,11,0.0104562737643,TRB:CSVIGTDYGYTF,TRB:TGCAGCGTTATTGGGACGGACTATGGCTACACCTTC
clonotype13,10,0.00950570342205,TRA:CAMREKTGGGADGLTF;TRB:CASSGTGSVNYGYTF,TRA:TGTGCAATGAGAGAGAAAACAGGAGGAGGTGCTGACGGACTCACCTTT;TRB:TGTGCCAGCAGTGGAACAGGGAGTGTAAACTATGGCTACACCTTC
clonotype12,10,0.00950570342205,TRA:CIVRVNNDMRF;TRB:CASGPEGSPLRQEQFF,TRA:TGCATCGTCAGAGTTAACAATGACATGCGCTTT;TRB:TGTGCTAGTGGTCCCGAGGGGTCCCCCCTTCGACAGGAGCAGTTCTTC
clonotype15,10,0.00950570342205,TRA:CGTDRWGSGGSNYKLTF;TRB:CASSLGHRRWTQYF,TRA:TGCGGCACAGACCGCTGGGGGAGTGGAGGTAGCAACTATAAACTGACATTT;TRB:TGTGCCAGCAGCCTGGGACACCGTAGGTGGACCCAGTACTTC
clonotype14,10,0.00950570342205,TRA:CAMREGWDTGRRALTF;TRB:CASSEGQGAEEKLFF,TRA:TGTGCAATGAGAGAGGGCTGGGACACGGGCAGGAGAGCACTTACTTTT;TRB:TGTGCCAGCAGTGAAGGACAGGGGGCCGAAGAAAAACTGTTTTTT
clonotype16,10,0.00950570342205,TRA:CAVEVVNTGGFKTIF;TRB:CATYGGVTGELFF,TRA:TGTGCTGTCGAAGTAGTAAATACTGGAGGCTTCAAAACTATCTTT;TRB:TGTGCCACCTACGGGGGGGTCACCGGGGAGCTGTTTTTT
clonotype18,8,0.00760456273764,TRB:CASSSLAGVGETQYF,TRB:TGTGCCAGCAGCTCCCTAGCGGGAGTGGGAGAGACCCAGTACTTC
clonotype17,8,0.00760456273764,TRB:CASGPEGSPLRQEQFF,TRB:TGTGCTAGTGGTCCCGAGGGGTCCCCCCTTCGACAGGAGCAGTTCTTC
clonotype24,7,0.00665399239544,TRB:CSASGTGWSPLHF,TRB:TGCAGTGCTTCCGGGACAGGGTGGTCACCCCTCCACTTT
clonotype25,7,0.00665399239544,TRA:CIPEGNAGNMLTF;TRB:CASSDRTSGERETQYF,TRA:TGCATCCCTGAGGGGAATGCAGGCAACATGCTCACCTTT;TRB:TGTGCCAGCAGCGACCGGACTAGCGGGGAGCGAGAGACCCAGTACTTC
clonotype26,7,0.00665399239544,TRA:CAESETGANNLFF;TRB:CASTGTASTDTQYF,TRA:TGTGCAGAGAGCGAAACTGGGGCAAACAACCTCTTCTTT;TRB:TGTGCCAGCACCGGGACCGCATCCACAGATACGCAGTATTTT
clonotype27,7,0.00665399239544,TRA:CAPFNFNKFYF;TRB:CASSNRGGQETQYF,TRA:TGTGCTCCTTTCAACTTCAACAAATTTTACTTT;TRB:TGTGCCAGCAGCAACCGCGGGGGGCAAGAGACCCAGTACTTC
clonotype20,7,0.00665399239544,TRB:CASSLGHRRWTQYF,TRB:TGTGCCAGCAGCCTGGGACACCGTAGGTGGACCCAGTACTTC
clonotype21,7,0.00665399239544,TRB:CASSKRQRYAYEQYF,TRB:TGTGCCAGCAGCAAAAGACAGAGATATGCCTACGAGCAGTACTTC
clonotype22,7,0.00665399239544,TRA:CASGGGAQKLVF;TRB:CASTSTDSLTKVAFF,TRA:TGTGCCTCCGGCGGGGGAGCCCAGAAGCTGGTATTT;TRB:TGTGCCAGTACCTCTACTGACAGCCTAACAAAGGTGGCTTTCTTT
clonotype23,7,0.00665399239544,TRB:CASSQSARPQHF,TRB:TGTGCCAGCAGCCAATCGGCAAGGCCCCAGCATTTT
clonotype19,7,0.00665399239544,TRB:CSARHRGLAGESGNEQFF,TRB:TGCAGTGCCCGCCACAGGGGGCTAGCGGGAGAATCGGGCAATGAGCAGTTCTTC
clonotype30,6,0.00570342205323,TRB:CASSLGPLVGTEAFF,TRB:TGTGCCAGCAGCTTAGGGCCGCTGGTCGGCACTGAAGCTTTCTTT
clonotype28,6,0.00570342205323,TRA:CAESEGYSTLTF;TRB:CASSSGTVAGELFF,TRA:TGTGCAGAGAGTGAAGGATACAGCACCCTCACCTTT;TRB:TGTGCCAGCAGTTCCGGGACCGTGGCCGGGGAGCTGTTTTTT
clonotype29,6,0.00570342205323,TRB:CASSPPDEQFF,TRB:TGTGCCAGCAGCCCCCCGGATGAGCAGTTCTTC
clonotype37,5,0.00475285171103,TRA:CAVRALDRGSTLGRLYF;TRB:CASSIGRGDEQFF,TRA:TGTGCTGTGAGAGCGCTCGACAGAGGCTCAACCCTGGGGAGGCTATACTTT;TRB:TGTGCCAGTAGTATAGGACGGGGGGATGAGCAGTTCTTC
clonotype36,5,0.00475285171103,TRA:CASGGGADGLTF;TRB:CASSVGLTFADTQYF,TRA:TGTGCATCAGGAGGAGGTGCTGACGGACTCACCTTT;TRB:TGTGCCAGCAGCGTAGGACTAACCTTCGCAGATACGCAGTATTTT
clonotype35,5,0.00475285171103,TRA:CAVSSFAGGTSYGKLTF;TRB:CASSQSARPQHF,TRA:TGTGCTGTGAGCTCCTTTGCTGGTGGTACTAGCTATGGAAAGCTGACATTT;TRB:TGTGCCAGCAGCCAATCGGCAAGGCCCCAGCATTTT
clonotype34,5,0.00475285171103,TRB:CASSSGQGRSNYGYTF,TRB:TGTGCCAGCAGTTCGGGACAGGGACGGTCTAACTATGGCTACACCTTC
clonotype33,5,0.00475285171103,TRA:CVTKKAAGNKLTF;TRB:CASSGTMRGRFYNEQFF,TRA:TGTGTGACAAAAAAAGCTGCAGGCAACAAGCTAACTTTT;TRB:TGTGCCAGTAGCGGGACAATGCGGGGGAGGTTCTACAATGAGCAGTTCTTC
clonotype32,5,0.00475285171103,TRB:CASSSGTVAGELFF,TRB:TGTGCCAGCAGTTCCGGGACCGTGGCCGGGGAGCTGTTTTTT
clonotype31,5,0.00475285171103,TRA:CAGDPPYGQNFVF;TRB:CSVIGTDYGYTF,TRA:TGTGCAGGAGATCCCCCCTATGGTCAGAATTTTGTCTTT;TRB:TGCAGCGTTATTGGGACGGACTATGGCTACACCTTC
clonotype39,5,0.00475285171103,TRB:CKAGGDYNEQFF,TRB:TGCAAAGCGGGGGGGGACTACAATGAGCAGTTCTTC
clonotype38,5,0.00475285171103,TRA:CAVHPGYSSASKIIF;TRB:CASTLAGGPREQYF,TRA:TGTGCCGTCCACCCGGGGTACAGCAGTGCTTCCAAGATAATCTTT;TRB:TGTGCCAGCACACTAGCGGGGGGGCCGCGAGAGCAGTACTTC
clonotype42,4,0.00380228136882,TRA:CIVRVANNAGNMLTF;TRB:CASSFIRRGVAFF,TRA:TGCATCGTCAGAGTCGCTAATAATGCAGGCAACATGCTCACCTTT;TRB:TGTGCCAGCAGCTTTATCCGGAGGGGAGTAGCTTTCTTT
clonotype43,4,0.00380228136882,TRA:CLVGEVNNDMRF;TRB:CASSSLAGVGETQYF,TRA:TGCCTCGTGGGTGAGGTTAACAATGACATGCGCTTT;TRB:TGTGCCAGCAGCTCCCTAGCGGGAGTGGGAGAGACCCAGTACTTC
clonotype40,4,0.00380228136882,TRB:CSVAGQGVSGEQFF,TRB:TGCAGCGTTGCCGGACAGGGGGTAAGCGGCGAGCAGTTCTTC
clonotype41,4,0.00380228136882,TRA:CIVRVGGDSWGKLQF;TRB:CASSSLNTEAFF,TRA:TGCATCGTCAGAGTCGGAGGGGACAGCTGGGGGAAATTGCAGTTT;TRB:TGTGCCAGCAGTTCTCTGAACACTGAAGCTTTCTTT
clonotype46,4,0.00380228136882,TRB:CASSLTLLAGDSYNEQFF,TRB:TGTGCCAGCAGCTTAACCCTTTTAGCGGGAGACTCCTACAATGAGCAGTTCTTC
clonotype47,4,0.00380228136882,TRB:CSAREVAAASYEQYF;TRB:CADPPAGSSGANVLTF,TRB:TGCAGTGCTAGAGAGGTGGCGGCCGCCTCCTACGAGCAGTACTTC;TRB:TGTGCCGACCCTCCGGCAGGGAGCTCTGGGGCCAACGTCCTGACTTTC
clonotype44,4,0.00380228136882,TRB:CASSPETGISNQPQHF,TRB:TGTGCCAGCAGCCCCGAGACCGGGATTAGCAATCAGCCCCAGCATTTT
clonotype45,4,0.00380228136882,TRB:CASSDRTSGERETQYF,TRB:TGTGCCAGCAGCGACCGGACTAGCGGGGAGCGAGAGACCCAGTACTTC
clonotype48,4,0.00380228136882,TRB:CASSIGRGDEQFF,TRB:TGTGCCAGTAGTATAGGACGGGGGGATGAGCAGTTCTTC
clonotype49,4,0.00380228136882,TRB:CATYGGVTGELFF,TRB:TGTGCCACCTACGGGGGGGTCACCGGGGAGCTGTTTTTT
clonotype60,4,0.00380228136882,TRB:CSVRDRGLYGYTF,TRB:TGCAGCGTCCGGGACAGGGGCCTCTATGGCTACACCTTC
clonotype61,4,0.00380228136882,TRB:CASSGTMRGRFYNEQFF,TRB:TGTGCCAGTAGCGGGACAATGCGGGGGAGGTTCTACAATGAGCAGTTCTTC
clonotype62,4,0.00380228136882,TRA:CVVNRNSSASKIIF;TRB:CASSVEPGGALGTEAFF,TRA:TGTGTGGTGAACAGGAACAGCAGTGCTTCCAAGATAATCTTT;TRB:TGTGCCAGCAGCGTAGAGCCAGGGGGGGCCTTGGGCACTGAAGCTTTCTTT
clonotype59,4,0.00380228136882,TRB:CASSNRGGQETQYF,TRB:TGTGCCAGCAGCAACCGCGGGGGGCAAGAGACCCAGTACTTC
clonotype58,4,0.00380228136882,TRA:CAGSGAGSYQLTF;TRB:CASSAHSANQPQHF,TRA:TGTGCTGGTTCTGGGGCTGGGAGTTACCAACTCACTTTC;TRB:TGTGCCAGCAGCGCACACAGCGCCAATCAGCCCCAGCATTTT
clonotype55,4,0.00380228136882,TRB:CSAIDSQISGELFF,TRB:TGCAGTGCTATAGATAGCCAGATCTCCGGGGAGCTGTTTTTT
clonotype54,4,0.00380228136882,TRB:CSATGTGGQGEKLFF,TRB:TGCAGTGCTACCGGGACAGGGGGACAGGGCGAAAAACTGTTTTTT
clonotype57,4,0.00380228136882,TRA:CASGGGAQKLVF;TRA:CALSDNERSGGSNYKLTF;TRB:CASTSTDSLTKVAFF,TRA:TGTGCCTCCGGCGGGGGAGCCCAGAAGCTGGTATTT;TRA:TGTGCTCTAAGTGATAACGAAAGGAGTGGAGGTAGCAACTATAAACTGACATTT;TRB:TGTGCCAGTACCTCTACTGACAGCCTAACAAAGGTGGCTTTCTTT
clonotype56,4,0.00380228136882,TRA:CAMSEKGTDKLIF;TRB:CSAQPLGETQYF,TRA:TGTGCAATGAGCGAGAAGGGAACCGACAAGCTCATCTTT;TRB:TGCAGTGCTCAACCTTTGGGAGAGACCCAGTACTTC
clonotype51,4,0.00380228136882,TRB:CASSFIRRGVAFF,TRB:TGTGCCAGCAGCTTTATCCGGAGGGGAGTAGCTTTCTTT
clonotype50,4,0.00380228136882,TRA:CALSGSSGGYQKVTF;TRB:CSVDRGPGYTF,TRA:TGTGCTCTAAGTGGAAGTTCTGGGGGTTACCAGAAAGTTACCTTT;TRB:TGCAGCGTTGACAGGGGGCCTGGCTACACCTTC
clonotype53,4,0.00380228136882,TRB:CSAATRPGGNYEQYF,TRB:TGCAGTGCCGCAACGAGGCCGGGGGGGAACTACGAGCAGTACTTC
clonotype52,4,0.00380228136882,TRA:CIVREALNDMRF;TRB:CASSAGLFTDTQYF,TRA:TGCATCGTCAGAGAGGCCCTCAATGACATGCGCTTT;TRB:TGTGCCAGCAGCGCCGGATTGTTCACAGATACGCAGTATTTT
clonotype79,3,0.00285171102662,TRB:CSVRPSGNTIYF,TRB:TGCAGTGTCCGGCCCTCGGGAAACACCATATATTTT
clonotype78,3,0.00285171102662,TRA:CVANEASGGYQKVTF;TRB:CASSREGVRRTEAFF,TRA:TGTGTGGCGAACGAGGCATCTGGGGGTTACCAGAAAGTTACCTTT;TRB:TGTGCCAGCAGCAGAGAAGGGGTCAGGAGGACTGAAGCTTTCTTT
clonotype73,3,0.00285171102662,TRB:CASSLGGYEQYF,TRB:TGTGCCAGCAGCTTAGGGGGCTACGAGCAGTACTTC
clonotype72,3,0.00285171102662,TRA:CALSDNERSGGSNYKLTF;TRB:CASTSTDSLTKVAFF,TRA:TGTGCTCTAAGTGATAACGAAAGGAGTGGAGGTAGCAACTATAAACTGACATTT;TRB:TGTGCCAGTACCTCTACTGACAGCCTAACAAAGGTGGCTTTCTTT
clonotype71,3,0.00285171102662,TRA:CAASGASYDKVIF;TRB:CASAAALAKNIQYF,TRA:TGTGCAGCAAGCGGGGCCTCCTACGACAAGGTGATATTT;TRB:TGTGCCAGCGCGGCAGCTCTAGCCAAAAACATTCAGTACTTC
clonotype70,3,0.00285171102662,TRB:CASSVGLTFADTQYF,TRB:TGTGCCAGCAGCGTAGGACTAACCTTCGCAGATACGCAGTATTTT
clonotype77,3,0.00285171102662,TRA:CIVRVGGDSWGKLQF;TRB:CASSSLNTEAFF,TRA:TGCATCGTCAGAGTCGGAGGTGACAGCTGGGGGAAATTGCAGTTT;TRB:TGTGCCAGCAGTAGCCTGAACACTGAAGCTTTCTTT
clonotype76,3,0.00285171102662,TRA:CAYRVQYSGAGSYQLTF;TRB:CKAGGDYNEQFF,TRA:TGTGCTTATAGGGTGCAATACTCTGGGGCTGGGAGTTACCAACTCACTTTC;TRB:TGCAAAGCGGGGGGGGACTACAATGAGCAGTTCTTC
clonotype75,3,0.00285171102662,TRB:CASSTRDTGYGYTF,TRB:TGTGCCAGCAGCACGCGGGACACCGGCTATGGCTACACCTTC
clonotype74,3,0.00285171102662,TRA:CALSEASTGANSKLTF;TRB:CASSPPDEQFF,TRA:TGTGCTCTGAGTGAGGCATCCACTGGAGCCAATAGTAAGCTGACATTT;TRB:TGTGCCAGCAGCCCCCCGGATGAGCAGTTCTTC
clonotype82,3,0.00285171102662,TRB:CASSLSLTGTGGTIYEQYF,TRB:TGCGCCAGCAGCTTGTCCTTAACCGGGACAGGGGGGACTATATACGAGCAGTACTTC
clonotype80,3,0.00285171102662,TRB:CASKPSLGSSPLHF,TRB:TGTGCCAGTAAACCCTCTTTGGGGAGTTCACCCCTCCACTTT
clonotype68,3,0.00285171102662,TRA:CAYRRGGANNLFF;TRB:CASSNRLAGGEQYF,TRA:TGTGCTTATAGGAGGGGCGGGGCAAACAACCTCTTCTTT;TRB:TGTGCCAGTAGTAATCGACTAGCGGGAGGAGAGCAGTACTTC
clonotype69,3,0.00285171102662,TRB:CASSEWGGTDTQYF,TRB:TGTGCCAGCAGCGAGTGGGGGGGCACAGATACGCAGTATTTT
clonotype63,3,0.00285171102662,TRA:CAFILTGNQFYF;TRB:CASKPSLGSSPLHF,TRA:TGTGCTTTCATACTCACCGGTAACCAGTTCTATTTT;TRB:TGTGCCAGTAAACCCTCTTTGGGGAGTTCACCCCTCCACTTT
clonotype64,3,0.00285171102662,TRA:CAVVGSARQLTF;TRB:CSVRPSGNTIYF,TRA:TGTGCCGTGGTGGGTTCTGCAAGGCAACTGACCTTT;TRB:TGCAGTGTCCGGCCCTCGGGAAACACCATATATTTT
clonotype65,3,0.00285171102662,TRA:CVVRNNNAGNMLTF;TRB:CASSPETGISNQPQHF,TRA:TGTGTGGTGAGGAATAATAATGCAGGCAACATGCTCACCTTT;TRB:TGTGCCAGCAGCCCCGAGACCGGGATTAGCAATCAGCCCCAGCATTTT
clonotype66,3,0.00285171102662,TRB:CASRPRPGLRGANVLTF,TRB:TGCGCCAGCAGGCCTAGGCCAGGGTTACGCGGGGCCAACGTCCTGACTTTC
clonotype67,3,0.00285171102662,TRA:CAQATRGSYIPTF;TRB:CASSFAAAGRWTEAFF,TRA:TGTGCTCAGGCCACCCGAGGAAGCTACATACCTACATTT;TRB:TGCGCCAGCAGCTTCGCAGCAGCCGGGCGCTGGACTGAAGCTTTCTTT
clonotype81,3,0.00285171102662,TRB:CATSDPPRRGDNEQFF,TRB:TGTGCCACCAGTGACCCACCTCGGCGGGGGGACAATGAGCAGTTCTTC
clonotype139,2,0.00190114068441,TRA:CILLNNNAGNMLTF;TRB:CASSEWGGTDTQYF,TRA:TGCATCCTCCTGAATAATAATGCAGGCAACATGCTCACCTTT;TRB:TGTGCCAGCAGCGAGTGGGGGGGCACAGATACGCAGTATTTT
clonotype138,2,0.00190114068441,TRA:CAYKTSGSRLTF;TRB:CASSPTGGIEAFF,TRA:TGTGCTTATAAGACCAGTGGCTCTAGGTTGACCTTT;TRB:TGTGCCAGCAGCCCGACCGGGGGGATAGAAGCTTTCTTT
clonotype137,2,0.00190114068441,TRB:CASSPNRGSLYEQYF,TRB:TGTGCCAGCTCACCGAATAGGGGCAGTCTCTACGAGCAGTACTTC
clonotype136,2,0.00190114068441,TRA:CVVRGNYGGSQGNLIF;TRB:CASSSRQDGLREQYF,TRA:TGTGTGGTGAGGGGGAATTATGGAGGAAGCCAAGGAAATCTCATCTTT;TRB:TGTGCCAGCAGCTCCCGACAGGATGGATTGAGGGAGCAGTACTTC
clonotype135,2,0.00190114068441,TRA:CAGWDSGTYKYIF;TRB:CSARATGYEQYF,TRA:TGTGCAGGATGGGACTCAGGAACCTACAAATACATCTTT;TRB:TGCAGTGCTAGAGCGACAGGATACGAGCAGTACTTC
clonotype134,2,0.00190114068441,TRA:CAATSYGKLTF;TRB:CASSLEQGSGTEAFF,TRA:TGTGCAGCCACTAGCTATGGAAAGCTGACATTT;TRB:TGTGCCAGCAGCTTGGAACAGGGATCGGGCACTGAAGCTTTCTTT
clonotype133,2,0.00190114068441,TRA:CILRAGNYGQNFVF;TRB:CASSVGLTFADTQYF,TRA:TGCATCCTGAGGGCCGGTAACTATGGTCAGAATTTTGTCTTT;TRB:TGTGCCAGCAGCGTAGGACTAACCTTCGCAGATACGCAGTATTTT
clonotype132,2,0.00190114068441,TRA:CAASATPVRTNYGGSQGNLIF;TRB:CASSSIRLGRPFF,TRA:TGTGCAGCAAGCGCGACCCCCGTGAGGACAAATTATGGAGGAAGCCAAGGAAATCTCATCTTT;TRB:TGTGCCAGCAGCTCCATTCGCCTTGGCCGACCCTTCTTC
clonotype131,2,0.00190114068441,TRA:CAMRDPPDDYKLSF;TRB:CASSWGRGGVSPLHF,TRA:TGTGCAATGAGAGATCCCCCCGACGACTACAAGCTCAGCTTT;TRB:TGTGCCAGCAGTTGGGGGCGCGGGGGCGTTTCACCCCTCCACTTT
clonotype130,2,0.00190114068441,TRB:CASSEGQGAEEKLFF,TRB:TGTGCCAGCAGTGAAGGACAGGGGGCCGAAGAAAAACTGTTTTTT
clonotype91,2,0.00190114068441,TRB:CASSLAPGLKETQYF,TRB:TGCGCCAGCAGCTTGGCTCCGGGACTGAAAGAGACCCAGTACTTC
clonotype90,2,0.00190114068441,TRB:CASTLAGGPREQYF,TRB:TGTGCCAGCACACTAGCGGGGGGGCCGCGAGAGCAGTACTTC
clonotype93,2,0.00190114068441,TRA:CAASPSTQAGTALIF;TRB:CASRAGYGYTF,TRA:TGTGCAGCAAGCCCTTCGACCCAGGCAGGAACTGCTCTGATCTTT;TRB:TGTGCCAGCAGGGCAGGCTATGGCTACACCTTC
clonotype92,2,0.00190114068441,TRA:CAVTRPNRDDKIIF;TRB:CASSPRDRVFSNTDTQYF,TRA:TGTGCTGTGACCCGGCCGAACAGAGATGACAAGATCATCTTT;TRB:TGTGCCAGCAGCCCCCGGGACAGGGTCTTTTCTAACACAGATACGCAGTATTTT
clonotype95,2,0.00190114068441,TRA:CAVDAPGGSYIPTF;TRB:CASSVEPGGALGTEAFF,TRA:TGTGCTGTGGACGCGCCAGGAGGAAGCTACATACCTACATTT;TRB:TGTGCCAGCAGCGTAGAGCCAGGGGGGGCCTTGGGCACTGAAGCTTTCTTT
clonotype94,2,0.00190114068441,TRA:CAAMEGNNDMRF;TRB:CASSPGLMNTEAFF,TRA:TGTGCAGCAATGGAGGGCAACAATGACATGCGCTTT;TRB:TGTGCCAGCAGCCCCGGACTTATGAACACTGAAGCTTTCTTT
clonotype97,2,0.00190114068441,TRB:CASRVIGYEQYF,TRB:TGTGCCAGCAGGGTGATCGGATACGAGCAGTACTTC
clonotype96,2,0.00190114068441,TRA:CAATLPGTASKLTF;TRA:CAVVGSARQLTF;TRB:CSVRPSGNTIYF,TRA:TGTGCAGCAACCCTACCCGGCACTGCCAGTAAACTCACCTTT;TRA:TGTGCCGTGGTGGGTTCTGCAAGGCAACTGACCTTT;TRB:TGCAGTGTCCGGCCCTCGGGAAACACCATATATTTT
clonotype99,2,0.00190114068441,TRB:CAWSVRTGELFF,TRB:TGTGCCTGGAGTGTCCGCACCGGGGAGCTGTTTTTT
clonotype98,2,0.00190114068441,TRB:CSVTLTSGGPTGAQYF,TRB:TGCAGCGTCACCCTGACTAGCGGGGGGCCCACCGGGGCCCAGTACTTC
clonotype108,2,0.00190114068441,TRA:CAVRYGQNFVF;TRB:CASSLEGDQPQHF,TRA:TGTGCTGTCCGCTATGGTCAGAATTTTGTCTTT;TRB:TGCGCCAGCAGCTTGGAAGGGGATCAGCCCCAGCATTTT
clonotype109,2,0.00190114068441,TRB:CSLGLDGGPQHF,TRB:TGCAGTCTCGGACTTGACGGGGGGCCCCAGCATTTT
clonotype102,2,0.00190114068441,TRA:CAMSETNRDDKIIF;TRB:CAIKIQDLYSYEQYF,TRA:TGTGCAATGAGTGAAACGAACAGAGATGACAAGATCATCTTT;TRB:TGTGCCATTAAGATACAGGACCTTTACTCCTACGAGCAGTACTTC
clonotype103,2,0.00190114068441,TRB:CASSHPLGGGGTDTQYF,TRB:TGTGCCAGCAGCCACCCTCTCGGGGGCGGGGGCACAGATACGCAGTATTTT
clonotype100,2,0.00190114068441,TRA:CAFILTGNQFYF,TRA:TGTGCTTTCATACTCACCGGTAACCAGTTCTATTTT
clonotype101,2,0.00190114068441,TRB:CASSPPNEGAAGELFF,TRB:TGTGCCAGCAGCCCCCCAAATGAGGGGGCGGCCGGGGAGCTGTTTTTT
clonotype106,2,0.00190114068441,TRA:CAVFVATGANSKLTF,TRA:TGTGCTGTGTTCGTAGCAACTGGAGCCAATAGTAAGCTGACATTT
clonotype107,2,0.00190114068441,TRB:CASSPGLMNTEAFF,TRB:TGTGCCAGCAGCCCCGGACTTATGAACACTGAAGCTTTCTTT
clonotype104,2,0.00190114068441,TRA:CAVLGDGNKLVF;TRB:CASSRTSGTNEQFF,TRA:TGTGCAGTCCTGGGCGATGGAAACAAACTGGTCTTT;TRB:TGCGCCAGCAGCCGAACTAGCGGAACCAATGAGCAGTTCTTC
clonotype105,2,0.00190114068441,TRB:CSAREVAAASYEQYF,TRB:TGCAGTGCTAGAGAGGTGGCGGCCGCCTCCTACGAGCAGTACTTC
clonotype144,2,0.00190114068441,TRA:CAALNTNAGKSTF;TRB:CASSGTVEFPLNTEAFF,TRA:TGTGCAGCCCTTAACACCAATGCAGGCAAATCAACCTTT;TRB:TGTGCCAGCAGTGGGACTGTTGAGTTCCCCTTGAACACTGAAGCTTTCTTT
clonotype142,2,0.00190114068441,TRB:CASNDLEVTGELFF,TRB:TGTGCCAGCAACGACCTGGAGGTCACCGGGGAGCTGTTTTTT
clonotype143,2,0.00190114068441,TRA:CAAGGSQGNLIF;TRB:CASRLSSGVTDTQYF,TRA:TGTGCAGCTGGAGGAAGCCAAGGAAATCTCATCTTT;TRB:TGTGCCAGCAGGCTAAGTAGCGGGGTAACAGATACGCAGTATTTT
clonotype140,2,0.00190114068441,TRB:CASSLAQARNSPLHF,TRB:TGCGCCAGCAGCTTGGCACAGGCTCGTAATTCACCCCTCCACTTT
clonotype141,2,0.00190114068441,TRA:CAVNPYGQNFVF;TRB:CATLTSKVTSDTQYF,TRA:TGTGCCGTGAACCCCTATGGTCAGAATTTTGTCTTT;TRB:TGTGCCACGTTGACTAGCAAAGTAACGTCCGATACGCAGTATTTT
clonotype129,2,0.00190114068441,TRB:CASSGTGSVNYGYTF,TRB:TGTGCCAGCAGTGGAACAGGGAGTGTAAACTATGGCTACACCTTC
clonotype127,2,0.00190114068441,TRB:CASAAALAKNIQYF,TRB:TGTGCCAGCGCGGCAGCTCTAGCCAAAAACATTCAGTACTTC
clonotype86,2,0.00190114068441,TRA:CAMSARGGATNKLIF;TRB:CASRRAGSQPQHF,TRA:TGTGCAATGAGCGCGCGGGGTGGTGCTACAAACAAGCTCATCTTT;TRB:TGTGCCAGCAGGAGGGCCGGTAGTCAGCCCCAGCATTTT
clonotype84,2,0.00190114068441,TRA:CAVRKATDSWGKFQF;TRB:CASSPGLAGGPGTGELFF,TRA:TGTGCCGTGAGGAAGGCAACTGACAGCTGGGGGAAATTCCAGTTT;TRB:TGTGCCAGCAGCCCAGGACTAGCGGGGGGGCCGGGCACCGGGGAGCTGTTTTTT
clonotype85,2,0.00190114068441,TRA:CALSDPSGSRLTF;TRB:CASSKRQRYAYEQYF,TRA:TGTGCTCTGAGTGATCCCAGTGGCTCTAGGTTGACCTTT;TRB:TGTGCCAGCAGCAAAAGACAGAGATATGCCTACGAGCAGTACTTC
clonotype83,2,0.00190114068441,TRB:CAISEPSYEQYF,TRB:TGTGCCATCAGTGAGCCCTCCTACGAGCAGTACTTC
clonotype88,2,0.00190114068441,TRA:CATDQTDSWGKFQF;TRB:CASSSTGEQFF,TRA:TGTGCTACGGACCAAACTGACAGCTGGGGGAAATTCCAGTTT;TRB:TGTGCCAGCAGCTCGACGGGCGAGCAGTTCTTC
clonotype89,2,0.00190114068441,TRA:CILRGAGGTSYGKLTF;TRB:CASSLQGANYEQYF,TRA:TGCATCCTGAGAGGGGCTGGTGGTACTAGCTATGGAAAGCTGACATTT;TRB:TGTGCCAGCAGTTTACAGGGGGCTAACTACGAGCAGTACTTC
clonotype115,2,0.00190114068441,TRB:CSVIEVRKNIQYF,TRB:TGCAGCGTTATTGAAGTTAGAAAAAACATTCAGTACTTC
clonotype114,2,0.00190114068441,TRB:CASSLRQGARGNTEAFF,TRB:TGTGCCAGCAGTCTGCGACAGGGGGCAAGAGGGAACACTGAAGCTTTCTTT
clonotype117,2,0.00190114068441,TRB:CASSLEGDQPQHF,TRB:TGCGCCAGCAGCTTGGAAGGGGATCAGCCCCAGCATTTT
clonotype116,2,0.00190114068441,TRA:CAVNTGNQFYF;TRB:CASSLTRGQPQHF,TRA:TGTGCTGTGAACACCGGTAACCAGTTCTATTTT;TRB:TGCGCCAGCAGCCTGACCCGCGGTCAGCCCCAGCATTTT
clonotype111,2,0.00190114068441,TRA:CAVYGGSQGNLIF;TRB:CASSLGGTRLEPQHF,TRA:TGTGCTGTGTATGGAGGAAGCCAAGGAAATCTCATCTTT;TRB:TGTGCCAGCAGCTTGGGGGGGACCCGCTTGGAGCCCCAGCATTTT
clonotype110,2,0.00190114068441,TRA:CAMREKTGGGADGLTF,TRA:TGTGCAATGAGAGAGAAAACAGGAGGAGGTGCTGACGGACTCACCTTT
clonotype113,2,0.00190114068441,TRA:CATPLVGNARLMF;TRB:CASSYTATNEKLFF,TRA:TGTGCAACCCCTCTCGTAGGAAATGCCAGACTCATGTTT;TRB:TGTGCCAGCAGTTATACAGCGACTAATGAAAAACTGTTTTTT
clonotype112,2,0.00190114068441,TRB:CASSYTATNEKLFF,TRB:TGTGCCAGCAGTTATACAGCGACTAATGAAAAACTGTTTTTT
clonotype119,2,0.00190114068441,TRA:CLLGDPAVTDKLIF;TRB:CASSLTLLAGDSYNEQFF,TRA:TGTCTTCTGGGAGATCCGGCGGTCACCGACAAGCTCATCTTT;TRB:TGTGCCAGCAGCTTAACCCTTTTAGCGGGAGACTCCTACAATGAGCAGTTCTTC
clonotype118,2,0.00190114068441,TRA:CAGRGSGNTPLVF;TRB:CASRPRPGLRGANVLTF,TRA:TGTGCTGGGCGAGGTTCAGGAAACACACCTCTTGTCTTT;TRB:TGCGCCAGCAGGCCTAGGCCAGGGTTACGCGGGGCCAACGTCCTGACTTTC
clonotype128,2,0.00190114068441,TRB:CASTREGVRETQYF,TRB:TGTGCCAGCACTCGGGAGGGGGTAAGAGAGACCCAGTACTTC
clonotype124,2,0.00190114068441,TRB:CSASVRDRGLFEQYF,TRB:TGCAGTGCTAGCGTTAGGGACAGGGGGCTCTTCGAGCAGTACTTC
clonotype125,2,0.00190114068441,TRA:CAVDSGNTPLVF;TRB:CSAATRPGGNYEQYF,TRA:TGTGCTGTAGATTCAGGAAACACACCTCTTGTCTTT;TRB:TGCAGTGCCGCAACGAGGCCGGGGGGGAACTACGAGCAGTACTTC
clonotype126,2,0.00190114068441,TRB:CASSLWGTRGNYEQYF,TRB:TGTGCCAGCAGCTTGTGGGGCACACGAGGAAACTACGAGCAGTACTTC
clonotype120,2,0.00190114068441,TRB:CASSAGLFTDTQYF,TRB:TGTGCCAGCAGCGCCGGATTGTTCACAGATACGCAGTATTTT
clonotype121,2,0.00190114068441,TRB:CASSPGLPSSYEQYF,TRB:TGTGCCAGCAGCCCCGGACTTCCAAGCTCCTACGAGCAGTACTTC
clonotype122,2,0.00190114068441,TRA:CALSDFGNQFYF;TRB:CASSFVRRVYNEQFF,TRA:TGTGCTCTGAGTGATTTCGGTAACCAGTTCTATTTT;TRB:TGTGCCAGCAGCTTCGTACGACGGGTCTACAATGAGCAGTTCTTC
clonotype123,2,0.00190114068441,TRB:CASSSLFTGANVLTF,TRB:TGTGCCAGCAGCTCCCTGTTTACTGGGGCCAACGTCCTGACTTTC
clonotype87,2,0.00190114068441,TRA:CAVKNDYKLSF;TRB:CASTREGVRETQYF,TRA:TGTGCTGTGAAGAACGACTACAAGCTCAGCTTT;TRB:TGTGCCAGCACTCGGGAGGGGGTAAGAGAGACCCAGTACTTC
clonotype472,1,0.000950570342205,TRB:CASSSLNTEAFF,TRB:TGTGCCAGCAGTTCTCTGAACACTGAAGCTTTCTTT
clonotype378,1,0.000950570342205,TRA:CALSGGSNYQLIW;TRB:CASSSLFTGANVLTF,TRA:TGTGCTCTGAGTGGGGGGAGCAACTATCAGTTAATCTGG;TRB:TGTGCCAGCAGCTCCCTGTTTACTGGGGCCAACGTCCTGACTTTC
clonotype229,1,0.000950570342205,TRA:CAVDYYGNNRLAF;TRB:CASSDRGRTGELFF,TRA:TGTGCTGTGGATTACTATGGGAACAACAGACTCGCTTTT;TRB:TGTGCCAGCAGCGACAGGGGAAGGACCGGGGAGCTGTTTTTT
clonotype228,1,0.000950570342205,TRB:CASSHVTWASEPSTDTQYF,TRB:TGTGCCAGCAGCCACGTTACGTGGGCTAGCGAGCCTAGCACAGATACGCAGTATTTT
clonotype222,1,0.000950570342205,TRB:CSTLYSNQPQHF,TRB:TGCAGTACCCTTTACAGCAATCAGCCCCAGCATTTT
clonotype220,1,0.000950570342205,TRB:CSARATGYEQYF,TRB:TGCAGTGCTAGAGCGACAGGATACGAGCAGTACTTC
clonotype226,1,0.000950570342205,TRB:CASSLRGANEQFF,TRB:TGTGCCAGCAGTTTACGGGGGGCCAATGAGCAGTTCTTC
clonotype322,1,0.000950570342205,TRB:CASSPGPNYEQYF,TRB:TGTGCCAGCAGCCCCGGGCCGAACTACGAGCAGTACTTC
clonotype323,1,0.000950570342205,TRB:CATSRLPGQIRSYEQYF,TRB:TGTGCCACCAGCAGACTCCCCGGACAGATACGCTCCTACGAGCAGTACTTC
clonotype458,1,0.000950570342205,TRA:CAMRRWGGGFKTIF;TRB:CSARDGARGPTYEQFF,TRA:TGTGCAATGAGGAGGTGGGGTGGAGGCTTCAAAACTATCTTT;TRB:TGCAGTGCTAGAGATGGGGCCCGGGGGCCCACCTATGAGCAGTTCTTC
clonotype459,1,0.000950570342205,TRB:CASSLGAFGYGYTF,TRB:TGTGCCAGCAGCTTAGGAGCCTTCGGCTATGGCTACACCTTC
clonotype450,1,0.000950570342205,TRA:CAMREGENNARLMF;TRB:CSVPGTGDLGYTF,TRA:TGTGCAATGAGAGAGGGAGAGAACAATGCCAGACTCATGTTT;TRB:TGCAGCGTTCCCGGGACAGGGGATCTTGGCTACACCTTC
clonotype451,1,0.000950570342205,TRA:CAAANFNKFYF,TRA:TGTGCAGCAGCCAACTTCAACAAATTTTACTTT
clonotype452,1,0.000950570342205,TRB:CASSLSLRTGSYEQYF,TRB:TGTGCCAGCAGTTTATCCCTTCGGACAGGTTCCTACGAGCAGTACTTC
clonotype453,1,0.000950570342205,TRA:CAPGGDSSYKLIF;TRB:CASSLGPGEANEQFF,TRA:TGTGCGCCCGGAGGGGATAGCAGCTATAAATTGATCTTC;TRB:TGCGCCAGCAGCTTGGGGCCGGGGGAAGCCAATGAGCAGTTCTTC
clonotype454,1,0.000950570342205,TRA:CAYKVDSNYQLIW;TRB:CASSYSPPWSTVEQFF,TRA:TGTGCTTATAAGGTGGATAGCAACTATCAGTTAATCTGG;TRB:TGTGCCAGCAGTTACTCCCCCCCTTGGAGCACGGTTGAGCAGTTCTTC
clonotype455,1,0.000950570342205,TRA:CAMREAISGGYNKLIF;TRB:CASSKEGKSYEQYF,TRA:TGTGCAATGAGAGAGGCCATTTCTGGTGGCTACAATAAGCTGATTTTT;TRB:TGTGCCAGCAGCAAGGAGGGCAAATCCTACGAGCAGTACTTC
clonotype456,1,0.000950570342205,TRB:CSATGKPNYGYTF,TRB:TGCAGCGCGACAGGGAAGCCCAACTATGGCTACACCTTC
clonotype457,1,0.000950570342205,TRA:CATDGDNNNDMRF;TRA:CAVTRPNRDDKIIF;TRB:CASSPRDRVFSNTDTQYF,TRA:TGTGCTACGGACGGCGACAATAACAATGACATGCGCTTT;TRA:TGTGCTGTGACCCGGCCGAACAGAGATGACAAGATCATCTTT;TRB:TGTGCCAGCAGCCCCCGGGACAGGGTCTTTTCTAACACAGATACGCAGTATTTT
clonotype357,1,0.000950570342205,TRA:CAAQNTGNQFYF;TRB:CASSQLTGGRVGETQYF,TRA:TGTGCTGCCCAGAACACCGGTAACCAGTTCTATTTT;TRB:TGCGCCAGCAGCCAGCTGACAGGGGGTCGGGTGGGAGAGACCCAGTACTTC
clonotype356,1,0.000950570342205,TRA:CVGDMRF,TRA:TGTGTAGGGGACATGCGCTTT
clonotype355,1,0.000950570342205,TRA:CILRDHPSGTYKYIF;TRB:CSVIEVRKNIQYF,TRA:TGCATCCTGAGAGACCACCCCTCAGGAACCTACAAATACATCTTT;TRB:TGCAGCGTTATTGAAGTTAGAAAAAACATTCAGTACTTC
clonotype354,1,0.000950570342205,TRA:CALSESSNQGGKLIF;TRB:CASSGTGSVNYGYTF,TRA:TGTGCTCTGAGTGAGTCGAGCAACCAGGGAGGAAAGCTTATCTTC;TRB:TGTGCCAGCAGTGGAACAGGGAGTGTAAACTATGGCTACACCTTC
clonotype353,1,0.000950570342205,TRA:CAGNDYKLSF;TRB:CASSTWETYEQYF,TRA:TGTGCAGGGAACGACTACAAGCTCAGCTTT;TRB:TGTGCCAGCAGCACTTGGGAAACCTACGAGCAGTACTTC
clonotype352,1,0.000950570342205,TRA:CIVRPIYNFNKFYF;TRB:CASSLAQSYEQYF,TRA:TGCATCGTCAGGCCCATATACAACTTCAACAAATTTTACTTT;TRB:TGCGCCAGCAGCTTGGCGCAATCCTACGAGCAGTACTTC
clonotype351,1,0.000950570342205,TRB:CASTGGNTQYF,TRB:TGTGCCAGCACCGGAGGAAATACGCAGTATTTT
clonotype299,1,0.000950570342205,TRA:CAVGGDKYNNNDMRF;TRB:CASSYYANRADTQYF,TRA:TGTGCTGTCGGGGGGGACAAATACAATAACAATGACATGCGCTTT;TRB:TGTGCCAGCAGTTACTACGCCAACAGGGCAGATACGCAGTATTTT
clonotype296,1,0.000950570342205,TRA:CAFFTAGNMLTF;TRB:CASSPPPQGEQYF,TRA:TGTGCTTTCTTTACCGCAGGCAACATGCTCACCTTT;TRB:TGTGCCAGCAGCCCTCCCCCCCAGGGCGAGCAGTACTTC
clonotype297,1,0.000950570342205,TRA:CILSERDNYGQNFVF;TRA:CGTVTNTGNQFYF;TRB:CASSQTPRIAYGYTF,TRA:TGCATCCTGAGCGAACGGGATAACTATGGTCAGAATTTTGTCTTT;TRA:TGCGGCACAGTCACGAACACCGGTAACCAGTTCTATTTT;TRB:TGCGCCAGCAGCCAAACCCCCAGGATCGCCTATGGCTACACCTTC
clonotype294,1,0.000950570342205,TRB:CSPRTPGGNEQYF,TRB:TGCAGCCCGCGGACGCCAGGGGGTAACGAGCAGTACTTC
clonotype295,1,0.000950570342205,TRA:CIPVNNNAGNMLTF;TRB:CASSIKTGTEAFF,TRA:TGCATCCCTGTGAATAATAATGCAGGCAACATGCTCACCTTT;TRB:TGTGCCAGTAGTATAAAGACAGGTACTGAAGCTTTCTTT
clonotype292,1,0.000950570342205,TRB:CASSLQETQYF,TRB:TGCGCCAGCAGTCTACAAGAGACCCAGTACTTC
clonotype293,1,0.000950570342205,TRA:CAATDNTGTASKLTF;TRB:CASSQRAPYHEQYF,TRA:TGTGCAGCAACCGATAATACCGGCACTGCCAGTAAACTCACCTTT;TRB:TGTGCCAGCAGTCAAAGGGCACCCTATCACGAGCAGTACTTC
clonotype290,1,0.000950570342205,TRA:CAPWDFNKFYF;TRB:CASSLRGSGTGELFF,TRA:TGTGCCCCATGGGACTTCAACAAATTTTACTTT;TRB:TGTGCCAGCAGCTTAAGGGGGAGTGGAACCGGGGAGCTGTTTTTT
clonotype291,1,0.000950570342205,TRA:CVVNGAPMNTGFQKLVF;TRB:CASSELGLGDTQYF,TRA:TGTGTGGTGAACGGGGCCCCCATGAACACAGGCTTTCAGAAACTTGTATTT;TRB:TGTGCCAGCAGTGAATTGGGACTCGGAGATACGCAGTATTTT
clonotype328,1,0.000950570342205,TRA:CAVDAPGGSYIPTF;TRA:CVVNRNSSASKIIF;TRB:CASSVEPGGALGTEAFF,TRA:TGTGCTGTGGACGCGCCAGGAGGAAGCTACATACCTACATTT;TRA:TGTGTGGTGAACAGGAACAGCAGTGCTTCCAAGATAATCTTT;TRB:TGTGCCAGCAGCGTAGAGCCAGGGGGGGCCTTGGGCACTGAAGCTTTCTTT
clonotype242,1,0.000950570342205,TRA:CATGRLRSYNTDKLIF;TRB:CASSLAGGSYNEQFF,TRA:TGTGCTACGGGTAGGCTTCGATCTTATAACACCGACAAGCTCATCTTT;TRB:TGCGCCAGCAGCTTGGCCGGCGGAAGCTACAATGAGCAGTTCTTC
clonotype173,1,0.000950570342205,TRB:CASSEPSRDRGLPSKNIQYF,TRB:TGCGCCAGCAGTGAGCCAAGCCGGGACAGGGGCCTACCCTCCAAAAACATTCAGTACTTC
clonotype172,1,0.000950570342205,TRA:CAVFVATGANSKLTF;TRB:CSAIDSQISGELFF,TRA:TGTGCTGTGTTCGTAGCAACTGGAGCCAATAGTAAGCTGACATTT;TRB:TGCAGTGCTATAGATAGCCAGATCTCCGGGGAGCTGTTTTTT
clonotype171,1,0.000950570342205,TRA:CVVNQGNNNDMRF;TRB:CASSPQADKREKLFF,TRA:TGTGTGGTGAACCAGGGCAATAACAATGACATGCGCTTT;TRB:TGTGCCAGCAGCCCCCAGGCAGATAAGAGGGAAAAACTGTTTTTT
clonotype170,1,0.000950570342205,TRA:CAMSEPGGFKTIF;TRB:CASSPRTGERVYTEAFF,TRA:TGTGCAATGAGCGAGCCTGGAGGCTTCAAAACTATCTTT;TRB:TGTGCCAGCAGTCCGAGGACAGGGGAGAGGGTTTATACTGAAGCTTTCTTT
clonotype177,1,0.000950570342205,TRA:CAMREGGRSDYKLSF;TRB:CASSPQGIAKNIQYF,TRA:TGTGCAATGAGAGAGGGCGGCCGAAGCGACTACAAGCTCAGCTTT;TRB:TGTGCCAGCAGCCCACAGGGGATCGCCAAAAACATTCAGTACTTC
clonotype176,1,0.000950570342205,TRB:CASSLSSGGHTEAFF,TRB:TGTGCCAGCAGCTTGTCCTCGGGGGGGCACACTGAAGCTTTCTTT
clonotype175,1,0.000950570342205,TRB:CASSQDLAQETQYF,TRB:TGCGCCAGCAGCCAAGATTTGGCCCAAGAGACCCAGTACTTC
clonotype174,1,0.000950570342205,TRB:CASSHLGLPVNTEAFF,TRB:TGTGCCAGCTCACACCTGGGACTGCCGGTGAACACTGAAGCTTTCTTT
clonotype179,1,0.000950570342205,TRB:CASSSPGRNEQYF,TRB:TGTGCCAGCAGCTCCCCGGGTCGCAACGAGCAGTACTTC
clonotype178,1,0.000950570342205,TRA:CVVTLKNDKIIF;TRB:CASSLRQGARGNTEAFF,TRA:TGTGTGGTGACCCTAAAAAATGACAAGATCATCTTT;TRB:TGTGCCAGCAGTCTGCGACAGGGGGCAAGAGGGAACACTGAAGCTTTCTTT
clonotype319,1,0.000950570342205,TRA:CVVTPRSYNTDKLIF;TRB:CASSIVEGLGQITGELFF,TRA:TGTGTGGTGACCCCAAGATCTTATAACACCGACAAGCTCATCTTT;TRB:TGTGCCAGTAGTATAGTAGAGGGGTTGGGGCAGATCACCGGGGAGCTGTTTTTT
clonotype318,1,0.000950570342205,TRB:CASSYPAGGTLFGELFF,TRB:TGTGCCAGCTCTTACCCAGCGGGGGGAACTTTATTCGGGGAGCTGTTTTTT
clonotype313,1,0.000950570342205,TRB:CASSLRGNEQFF,TRB:TGTGCCAGCAGCTTGAGGGGGAATGAGCAGTTCTTC
clonotype312,1,0.000950570342205,TRB:CASSTRRGWDGYTF,TRB:TGTGCCAGTAGTACCCGACGGGGTTGGGATGGCTACACCTTC
clonotype311,1,0.000950570342205,TRB:CASSVGASGVQFF,TRB:TGTGCCAGCAGCGTAGGGGCTAGCGGCGTGCAGTTCTTC
clonotype310,1,0.000950570342205,TRA:CAGQPNTGNQFYF;TRB:CATSHPSGGGEGGYTF,TRA:TGTGCTGGGCAGCCGAACACCGGTAACCAGTTCTATTTT;TRB:TGTGCCACCAGCCACCCCTCAGGAGGGGGCGAAGGTGGCTACACCTTC
clonotype317,1,0.000950570342205,TRB:CASRLSSGVTDTQYF,TRB:TGTGCCAGCAGGCTAAGTAGCGGGGTAACAGATACGCAGTATTTT
clonotype316,1,0.000950570342205,TRB:CSARGDRDTEAFF,TRB:TGCAGTGCTAGAGGGGACAGGGACACTGAAGCTTTCTTT
clonotype315,1,0.000950570342205,TRB:CASSLGRNTEAFF,TRB:TGTGCCAGTAGTCTTGGGCGGAACACTGAAGCTTTCTTT
clonotype314,1,0.000950570342205,TRA:CVHTGGFKTIF;TRB:CASSFKFGRGKDTEAFF,TRA:TGTGTACATACTGGAGGCTTCAAAACTATCTTT;TRB:TGTGCCAGCAGTTTTAAGTTTGGCAGAGGTAAAGACACTGAAGCTTTCTTT
clonotype252,1,0.000950570342205,TRA:CAASPRSYAGGTSYGKLTF;TRB:CAISECDYEQYF,TRA:TGTGCTGCCTCGCCACGGTCCTACGCTGGTGGTACTAGCTATGGAAAGCTGACATTT;TRB:TGTGCCATCAGTGAGTGTGACTACGAGCAGTACTTC
clonotype253,1,0.000950570342205,TRA:CAVKGLTGGGNKLTF,TRA:TGTGCTGTGAAGGGACTCACGGGAGGAGGAAACAAACTCACCTTT
clonotype250,1,0.000950570342205,TRB:CASHWASGTYEQYF,TRB:TGCGCCAGCCACTGGGCTAGCGGGACCTACGAGCAGTACTTC
clonotype251,1,0.000950570342205,TRB:CAWGVGEGAQHF,TRB:TGTGCCTGGGGCGTCGGCGAGGGGGCCCAGCATTTT
clonotype256,1,0.000950570342205,TRA:CVVRPGSYIPTF;TRB:CASSTRDGYTGELFF,TRA:TGTGTGGTGAGGCCAGGAAGCTACATACCTACATTT;TRB:TGTGCCAGCAGTACCCGGGACGGATACACCGGGGAGCTGTTTTTT
clonotype257,1,0.000950570342205,TRB:CASSRHPKQGLDEQFF,TRB:TGTGCCAGCAGCCGACACCCGAAACAGGGGCTCGATGAGCAGTTCTTC
clonotype254,1,0.000950570342205,TRB:CSVGSGEGYEQYF,TRB:TGCAGCGTTGGGTCGGGAGAGGGTTACGAGCAGTACTTC
clonotype255,1,0.000950570342205,TRB:CASSSRDRAPEAFF,TRB:TGTGCCAGCAGCTCCCGGGACAGGGCTCCTGAAGCTTTCTTT
clonotype258,1,0.000950570342205,TRA:CAVGPMGGYNKLIF;TRB:CASSTRDTGYGYTF,TRA:TGTGCTGTGGGTCCCATGGGTGGCTACAATAAGCTGATTTTT;TRB:TGTGCCAGCAGCACGCGGGACACCGGCTATGGCTACACCTTC
clonotype259,1,0.000950570342205,TRA:CAYRSDYNTDKLIF;TRB:CASSHPLGGGGTDTQYF,TRA:TGTGCTTATAGGAGCGATTATAACACCGACAAGCTCATCTTT;TRB:TGTGCCAGCAGCCACCCTCTCGGGGGCGGGGGCACAGATACGCAGTATTTT
clonotype407,1,0.000950570342205,TRB:CASSSQGLGNEQFF,TRB:TGTGCCAGCAGTTCACAGGGGCTAGGAAATGAGCAGTTCTTC
clonotype406,1,0.000950570342205,TRB:CSVVSGASQAFF,TRB:TGCAGCGTTGTTTCAGGGGCGAGTCAAGCTTTCTTT
clonotype405,1,0.000950570342205,TRA:CAMRKKGGSEKLVF,TRA:TGTGCAATGAGAAAAAAAGGCGGATCTGAAAAGCTGGTCTTT
clonotype404,1,0.000950570342205,TRB:CASSQARDPTSEAFF,TRB:TGTGCCAGCAGCCAAGCCCGGGATCCAACCTCTGAAGCTTTCTTT
clonotype403,1,0.000950570342205,TRB:CASSSLGEAGKYNEQFF,TRB:TGTGCCAGCAGCTCCCTAGGAGAAGCGGGAAAGTACAATGAGCAGTTCTTC
clonotype402,1,0.000950570342205,TRA:CAARNNDMRF;TRB:CASSLRLGGTQYF,TRA:TGTGCAGCAAGAAACAATGACATGCGCTTT;TRB:TGTGCCAGCAGCTTACGCTTGGGCGGTACGCAGTATTTT
clonotype401,1,0.000950570342205,TRA:CAGDSGYALNF;TRB:CAARVGTEAFF,TRA:TGTGCAGGAGATTCCGGGTATGCACTCAACTTC;TRB:TGTGCCGCGAGGGTTGGCACTGAAGCTTTCTTT
clonotype400,1,0.000950570342205,TRB:CASSTVAGDYNEQFF,TRB:TGTGCCAGCAGCACTGTAGCGGGGGATTACAATGAGCAGTTCTTC
clonotype409,1,0.000950570342205,TRA:CAVLDSNYQLIW;TRB:CASSLTPGGGTDTQYF,TRA:TGTGCTGTCCTCGATAGCAACTATCAGTTAATCTGG;TRB:TGTGCCAGCAGCCTCACTCCGGGGGGAGGCACAGATACGCAGTATTTT
clonotype408,1,0.000950570342205,TRA:CAYRSANAGNNRKLIW;TRB:CASSWGQEYYEQYF,TRA:TGTGCTTATAGGAGCGCGAATGCTGGCAACAACCGTAAGCTGATTTGG;TRB:TGTGCCAGCAGTTGGGGACAGGAATACTACGAGCAGTACTTC
clonotype216,1,0.000950570342205,TRA:CAVDSGYALNF;TRB:CASSFGTFTSPLHF,TRA:TGTGCTGTGGACTCCGGGTATGCACTCAACTTC;TRB:TGTGCCAGCAGCTTCGGGACATTTACTTCACCCCTCCACTTT
clonotype217,1,0.000950570342205,TRB:CASSLQPPGEQYF,TRB:TGTGCCAGCAGTTTGCAGCCCCCGGGCGAGCAGTACTTC
clonotype214,1,0.000950570342205,TRA:CAMDTGNQFYF;TRB:CASTFDGDYGYTF,TRA:TGTGCAATGGACACCGGTAACCAGTTCTATTTT;TRB:TGTGCCAGCACCTTTGACGGGGACTATGGCTACACCTTC
clonotype215,1,0.000950570342205,TRA:CAMREWGHFNKFYF;TRB:CASSFPGTGDYNEQFF,TRA:TGTGCAATGAGAGAATGGGGCCACTTCAACAAATTTTACTTT;TRB:TGTGCCAGCAGTTTCCCCGGGACAGGGGACTACAATGAGCAGTTCTTC
clonotype212,1,0.000950570342205,TRA:CATIYNFNKFYF;TRB:CASSLQETQYF,TRA:TGTGCAACGATATACAACTTCAACAAATTTTACTTT;TRB:TGCGCCAGCAGTCTACAAGAGACCCAGTACTTC
clonotype213,1,0.000950570342205,TRA:CAMREGWDTGRRALTF;TRB:CSVGQGAYEQYF;TRB:CASSEGQGAEEKLFF,TRA:TGTGCAATGAGAGAGGGCTGGGACACGGGCAGGAGAGCACTTACTTTT;TRB:TGCAGCGTTGGACAGGGGGCCTACGAGCAGTACTTC;TRB:TGTGCCAGCAGTGAAGGACAGGGGGCCGAAGAAAAACTGTTTTTT
clonotype210,1,0.000950570342205,TRA:CAVPTPRLYNQGGKLIF;TRB:CASSLNRAGGPNEQFF,TRA:TGTGCTGTCCCCACTCCCCGCCTTTATAACCAGGGAGGAAAGCTTATCTTC;TRB:TGTGCCAGCAGCTTAAACCGGGCGGGAGGGCCTAATGAGCAGTTCTTC
clonotype211,1,0.000950570342205,TRB:CASSLRGINYGYTF,TRB:TGTGCCAGCAGCTTAAGGGGGATTAACTATGGCTACACCTTC
clonotype218,1,0.000950570342205,TRA:CALIYSTGGGNKLTF;TRB:CAISSGQGLSGDTQYF,TRA:TGTGCTCTGATTTACTCCACGGGAGGAGGAAACAAACTCACCTTT;TRB:TGTGCCATCTCCTCCGGACAGGGGCTTTCTGGAGATACGCAGTATTTT
clonotype219,1,0.000950570342205,TRB:CASRKAGGQFF,TRB:TGTGCCAGCAGGAAAGCGGGGGGGCAGTTCTTC
clonotype289,1,0.000950570342205,TRA:CALDRASNTGKLIF;TRB:CASTGGSHGYTF,TRA:TGTGCTCTAGACAGGGCTAGCAACACAGGCAAACTAATCTTT;TRB:TGCGCCAGCACGGGGGGCTCTCATGGCTACACCTTC
clonotype449,1,0.000950570342205,TRA:CAVEPGYNARLMF;TRB:CAILTSGSSYEQYF,TRA:TGTGCCGTGGAGCCTGGGTACAATGCCAGACTCATGTTT;TRB:TGCGCCATCTTGACTAGCGGGAGCTCCTACGAGCAGTACTTC
clonotype448,1,0.000950570342205,TRA:CALSSAGGTSYGKLTF;TRB:CASSPPSGGPNTQYF,TRA:TGTGCTCTGAGTAGCGCTGGTGGTACTAGCTATGGAAAGCTGACATTT;TRB:TGTGCCAGCAGCCCTCCCTCGGGGGGGCCTAATACGCAGTATTTT
clonotype288,1,0.000950570342205,TRA:CAVRRALTF,TRA:TGTGCCGTGAGGAGAGCACTTACTTTT
clonotype443,1,0.000950570342205,TRB:CASSSRSTGEETQYF,TRB:TGTGCCAGCAGCTCACGATCGACAGGGGAAGAGACCCAGTACTTC
clonotype442,1,0.000950570342205,TRA:CASGGGAQKLVF;TRA:CALSDNERSGGSNYKLTF;TRB:CASTSTDSLTKVAFF;TRB:CASTFTDSLTKVAFF,TRA:TGTGCCTCCGGCGGGGGAGCCCAGAAGCTGGTATTT;TRA:TGTGCTCTAAGTGATAACGAAAGGAGTGGAGGTAGCAACTATAAACTGACATTT;TRB:TGTGCCAGTACCTCTACTGACAGCCTAACAAAGGTGGCTTTCTTT;TRB:TGTGCCAGTACCTTTACTGACAGCCTAACAAAGGTGGCTTTCTTT
clonotype441,1,0.000950570342205,TRA:CAPNQAGTALIF;TRB:CASSQDGGYSGEQFF,TRA:TGTGCTCCTAACCAGGCAGGAACTGCTCTGATCTTT;TRB:TGTGCCAGCAGCCAAGATGGAGGATATTCGGGTGAGCAGTTCTTC
clonotype440,1,0.000950570342205,TRA:CAVRDPGAGSYQLTF;TRB:CASSPGSPEAFF,TRA:TGTGCTGTGAGAGACCCTGGGGCTGGGAGTTACCAACTCACTTTC;TRB:TGTGCCAGCAGCCCCGGGAGCCCTGAAGCTTTCTTT
clonotype447,1,0.000950570342205,TRB:CASSQEAGISNQPQHF,TRB:TGTGCCAGCAGCCAAGAGGCGGGCATCAGCAATCAGCCCCAGCATTTT
clonotype446,1,0.000950570342205,TRA:CAFMKPWDAGGTSYGKLTF;TRB:CASSRRTVGSSGANVLTF,TRA:TGTGCTTTCATGAAGCCCTGGGATGCTGGTGGTACTAGCTATGGAAAGCTGACATTT;TRB:TGTGCCAGCAGCCGTCGGACAGTGGGAAGCTCTGGGGCCAACGTCCTGACTTTC
clonotype445,1,0.000950570342205,TRB:CASKDRYYEQYF,TRB:TGTGCCAGCAAGGACAGGTACTACGAGCAGTACTTC
clonotype444,1,0.000950570342205,TRA:CAVRESWGKLQF;TRB:CSAREVAAASYEQYF;TRB:CADPPAGSSGANVLTF,TRA:TGTGCTGTGAGGGAAAGCTGGGGGAAATTGCAGTTT;TRB:TGCAGTGCTAGAGAGGTGGCGGCCGCCTCCTACGAGCAGTACTTC;TRB:TGTGCCGACCCTCCGGCAGGGAGCTCTGGGGCCAACGTCCTGACTTTC
clonotype362,1,0.000950570342205,TRB:CASSIKVGTEAFF,TRB:TGTGCCAGTAGTATAAAGGTCGGCACTGAAGCTTTCTTT
clonotype363,1,0.000950570342205,TRA:CAMREPLFSSGSARQLTF;TRA:CAASIGSNFGNEKLTF;TRB:CASSQDPQGPTNEKLFF,TRA:TGTGCAATGAGAGAGCCCCTGTTTTCTTCTGGTTCTGCAAGGCAACTGACCTTT;TRA:TGTGCAGCAAGTATAGGATCTAACTTTGGAAATGAGAAATTAACCTTT;TRB:TGCGCCAGCAGCCAAGACCCACAGGGACCAACTAATGAAAAACTGTTTTTT
clonotype360,1,0.000950570342205,TRA:CAMREPYSGAGSYQLTF;TRB:CACLQGVTSGKRSDTQYF,TRA:TGTGCAATGAGAGAGCCATACTCTGGGGCTGGGAGTTACCAACTCACTTTC;TRB:TGTGCCTGTCTCCAAGGGGTTACTAGCGGGAAACGGTCGGATACGCAGTATTTT
clonotype361,1,0.000950570342205,TRA:CAVRDPSGGSYIPTF;TRB:CASSPPNEGAAGELFF,TRA:TGTGCTGTGAGAGACCCATCAGGAGGAAGCTACATACCTACATTT;TRB:TGTGCCAGCAGCCCCCCAAATGAGGGGGCGGCCGGGGAGCTGTTTTTT
clonotype366,1,0.000950570342205,TRA:CAARWWRSNTGKLIF;TRB:CAWSVGTASNYGYTF,TRA:TGTGCAGCAAGGTGGTGGCGTAGCAACACAGGCAAACTAATCTTT;TRB:TGTGCCTGGAGTGTTGGGACAGCTTCTAACTATGGCTACACCTTC
clonotype367,1,0.000950570342205,TRA:CAFGGGGSEKLVF;TRB:CASSLVRGGYEQYF,TRA:TGTGCTTTTGGGGGAGGCGGATCTGAAAAGCTGGTCTTT;TRB:TGTGCCAGCAGCCTCGTGCGGGGAGGCTACGAGCAGTACTTC
clonotype364,1,0.000950570342205,TRA:CIPEGNAGNMLTF;TRA:CAGRGGSNYKLTF;TRB:CASSDRTSGERETQYF,TRA:TGCATCCCTGAGGGGAATGCAGGCAACATGCTCACCTTT;TRA:TGTGCAGGGCGGGGGGGTAGCAACTATAAACTGACATTT;TRB:TGTGCCAGCAGCGACCGGACTAGCGGGGAGCGAGAGACCCAGTACTTC
clonotype365,1,0.000950570342205,TRB:CASSLAGTGNREQYF,TRB:TGTGCCAGCAGCTTAGCTGGGACAGGGAACCGCGAGCAGTACTTC
clonotype281,1,0.000950570342205,TRA:CATDGDNNNDMRF;TRB:CASSPRDRVFSNTDTQYF,TRA:TGTGCTACGGACGGCGACAATAACAATGACATGCGCTTT;TRB:TGTGCCAGCAGCCCCCGGGACAGGGTCTTTTCTAACACAGATACGCAGTATTTT
clonotype280,1,0.000950570342205,TRB:CASSGDGQRAYEQYF,TRB:TGTGCCAGCAGCGGGGATGGACAGAGAGCCTACGAGCAGTACTTC
clonotype368,1,0.000950570342205,TRA:CAAPKGGMTTDSWGKLQF;TRB:CASSQELYWPSGTEAFF,TRA:TGTGCAGCACCAAAAGGGGGGATGACAACTGACAGCTGGGGGAAATTGCAGTTT;TRB:TGCGCCAGCAGCCAAGAATTGTATTGGCCGAGTGGGACTGAAGCTTTCTTT
clonotype282,1,0.000950570342205,TRB:CASSRGPYEQYF,TRB:TGTGCCAGCAGCCGGGGCCCCTACGAGCAGTACTTC
clonotype285,1,0.000950570342205,TRB:CASSPWGGTGYGYTF,TRB:TGTGCCAGCAGCCCCTGGGGGGGCACTGGCTATGGCTACACCTTC
clonotype284,1,0.000950570342205,TRB:CASSLQGANYEQYF,TRB:TGTGCCAGCAGTTTACAGGGGGCTAACTACGAGCAGTACTTC
clonotype287,1,0.000950570342205,TRA:CAISGSNDYKLSF;TRA:CAVRDYRGTNAGKSTF;TRB:CASSARDRRRYGYTF,TRA:TGTGCAATCTCTGGTTCTAACGACTACAAGCTCAGCTTT;TRA:TGTGCTGTGAGAGATTATAGAGGGACCAATGCAGGCAAATCAACCTTT;TRB:TGTGCCAGCAGCGCTAGGGACAGGCGCCGATATGGCTACACCTTC
clonotype286,1,0.000950570342205,TRB:CASSQERRISQETQYF,TRB:TGCGCCAGCAGCCAAGAACGCCGAATTTCTCAAGAGACCCAGTACTTC
clonotype283,1,0.000950570342205,TRB:CASSQSGTGVGEQYF,TRB:TGCGCCAGCAGCCAATCCGGGACAGGCGTGGGAGAGCAGTACTTC
clonotype369,1,0.000950570342205,TRB:CSARDLFGGTEAFF,TRB:TGCAGTGCTAGAGACCTCTTTGGGGGTACTGAAGCTTTCTTT
clonotype148,1,0.000950570342205,TRB:CASGSVGPLYGYTF,TRB:TGTGCCAGCGGCTCGGTCGGGCCCCTCTATGGCTACACCTTC
clonotype149,1,0.000950570342205,TRB:CASSWGQPLGTEAFF,TRB:TGTGCCAGTAGTTGGGGTCAGCCCTTAGGCACTGAAGCTTTCTTT
clonotype146,1,0.000950570342205,TRB:CASSDIGRSYEQYF,TRB:TGTGCCAGCAGTGACATCGGCAGATCCTACGAGCAGTACTTC
clonotype147,1,0.000950570342205,TRB:CASSTEKGLASFDTQYF,TRB:TGTGCCAGCAGCACCGAAAAGGGTCTAGCAAGTTTTGATACGCAGTATTTT
clonotype145,1,0.000950570342205,TRB:CASGRQGRSTPLHF,TRB:TGTGCCAGCGGAAGACAGGGTCGCTCAACACCCCTCCACTTT
clonotype223,1,0.000950570342205,TRA:CIVRDNNAGNMLTF;TRB:CASSPWGGNSPLHF;TRB:CASSFVGNEQYF,TRA:TGCATCGTCAGAGATAATAATGCAGGCAACATGCTCACCTTT;TRB:TGTGCCAGCAGCCCCTGGGGGGGCAATTCACCCCTCCACTTT;TRB:TGTGCCAGCAGCTTTGTCGGCAACGAGCAGTACTTC
clonotype221,1,0.000950570342205,TRA:CAVWRETSGSRLTF;TRB:CASSRGGHYGYTF,TRA:TGTGCTGTCTGGAGAGAAACCAGTGGCTCTAGGTTGACCTTT;TRB:TGTGCCAGCTCCCGGGGGGGTCACTATGGCTACACCTTC
clonotype227,1,0.000950570342205,TRB:CASSLGTGEGYEQYF,TRB:TGTGCCAGCAGCTTGGGGACAGGGGAAGGCTACGAGCAGTACTTC
clonotype225,1,0.000950570342205,TRA:CPFSCPQGAQKLVF;TRA:CAYRSAKDYGGSQGNLIF;TRB:CATSDSQRPPYEQYF,TRA:TGCCCATTCAGTTGCCCCCAGGGAGCCCAGAAGCTGGTATTT;TRA:TGTGCTTATAGGAGCGCGAAGGATTATGGAGGAAGCCAAGGAAATCTCATCTTT;TRB:TGTGCCACCAGTGATTCACAGCGACCCCCCTACGAGCAGTACTTC
clonotype326,1,0.000950570342205,TRB:CASSLGARAPYGYTF,TRB:TGTGCCAGCAGCTTAGGAGCCAGGGCCCCCTATGGCTACACCTTC
clonotype327,1,0.000950570342205,TRA:CAVTEGFKTIF;TRB:CASSHLGLPVNTEAFF,TRA:TGTGCTGTGACCGAGGGCTTCAAAACTATCTTT;TRB:TGTGCCAGCTCACACCTGGGACTGCCGGTGAACACTGAAGCTTTCTTT
clonotype324,1,0.000950570342205,TRA:CAVQARSNDYKLSF;TRB:CASSPGANTGELFF,TRA:TGTGCTGTGCAGGCCAGGTCTAACGACTACAAGCTCAGCTTT;TRB:TGTGCCAGCAGCCCAGGGGCGAACACCGGGGAGCTGTTTTTT
clonotype325,1,0.000950570342205,TRB:CASNHRGGRSYSNQPQHF,TRB:TGTGCCAGCAACCATCGGGGCGGACGATCTTATAGCAATCAGCCCCAGCATTTT
clonotype249,1,0.000950570342205,TRB:CASSDLPSRDRVWEQFF,TRB:TGTGCCAGCAGTGACCTCCCATCCCGGGACAGGGTGTGGGAGCAGTTCTTC
clonotype248,1,0.000950570342205,TRA:CILSERDNYGQNFVF;TRB:CASSQTPRIAYGYTF,TRA:TGCATCCTGAGCGAACGGGATAACTATGGTCAGAATTTTGTCTTT;TRB:TGCGCCAGCAGCCAAACCCCCAGGATCGCCTATGGCTACACCTTC
clonotype320,1,0.000950570342205,TRB:CASSGNNEQFF,TRB:TGTGCCAGCAGCGGAAACAATGAGCAGTTCTTC
clonotype321,1,0.000950570342205,TRA:CAGQTNAGKSTF;TRA:CAGNAGNNRKLIW;TRB:CASRERGGPTEAFF,TRA:TGTGCGGGCCAAACCAATGCAGGCAAATCAACCTTT;TRA:TGTGCTGGTAATGCTGGCAACAACCGTAAGCTGATTTGG;TRB:TGTGCCAGCAGGGAAAGAGGGGGGCCAACTGAAGCTTTCTTT
clonotype245,1,0.000950570342205,TRA:CAVTIVGGSYIPTF;TRB:CASSLSSGGHTEAFF,TRA:TGTGCCGTGACTATAGTAGGAGGAAGCTACATACCTACATTT;TRB:TGTGCCAGCAGCTTGTCCTCGGGGGGGCACACTGAAGCTTTCTTT
clonotype244,1,0.000950570342205,TRB:CSARYGGGPGELFF,TRB:TGCAGTGCTAGATACGGGGGGGGACCCGGGGAGCTGTTTTTT
clonotype247,1,0.000950570342205,TRA:CAVKERDYGQNFVF;TRB:CASSSGQGRSNYGYTF,TRA:TGTGCTGTGAAGGAAAGGGACTATGGTCAGAATTTTGTCTTT;TRB:TGTGCCAGCAGTTCGGGACAGGGACGGTCTAACTATGGCTACACCTTC
clonotype246,1,0.000950570342205,TRB:CASSMGLWDEAFF,TRB:TGTGCCAGTAGTATGGGACTATGGGATGAAGCTTTCTTT
clonotype241,1,0.000950570342205,TRA:CILLYDNYGQNFVF;TRA:CAPFNFNKFYF;TRB:CASSNRGGQETQYF;TRB:CASSLVLAPLRLFF,TRA:TGCATCCTGTTATACGATAACTATGGTCAGAATTTTGTCTTT;TRA:TGTGCTCCTTTCAACTTCAACAAATTTTACTTT;TRB:TGTGCCAGCAGCAACCGCGGGGGGCAAGAGACCCAGTACTTC;TRB:TGTGCCAGCAGCTTAGTCTTGGCTCCCCTCCGTTTGTTTTTT
clonotype240,1,0.000950570342205,TRA:CAVRRSNTGKLIF;TRB:CASSLDRGGNQPQHF,TRA:TGTGCTGTGAGAAGAAGCAACACAGGCAAACTAATCTTT;TRB:TGCGCCAGCAGCTTGGACCGAGGGGGCAATCAGCCCCAGCATTTT
clonotype243,1,0.000950570342205,TRB:CASSLGTGGYGYTF,TRB:TGTGCCAGCAGCTTAGGGACAGGGGGCTATGGCTACACCTTC
clonotype329,1,0.000950570342205,TRB:CASSASTSGSYEQYF,TRB:TGTGCCAGCAGCGCCTCGACTAGCGGCTCCTACGAGCAGTACTTC
clonotype182,1,0.000950570342205,TRB:CASSPGTGTSYNEQFF,TRB:TGTGCCAGCAGCCCCGGGACCGGGACTTCCTACAATGAGCAGTTCTTC
clonotype183,1,0.000950570342205,TRB:CAISEGRPPTLDTQYF,TRB:TGTGCCATCAGTGAGGGGCGACCCCCCACCTTGGATACGCAGTATTTT
clonotype180,1,0.000950570342205,TRB:CASSASGNRGNEQFF,TRB:TGTGCCAGCAGCGCTAGCGGGAACAGGGGGAATGAGCAGTTCTTC
clonotype181,1,0.000950570342205,TRA:CILNSGGSNYKLTF;TRB:CASSLMPSGTYEQYF,TRA:TGCATCCTGAATAGTGGAGGTAGCAACTATAAACTGACATTT;TRB:TGTGCCAGCAGCTTGATGCCTAGCGGTACCTACGAGCAGTACTTC
clonotype186,1,0.000950570342205,TRA:CAARGPGGYQKVTF;TRA:CAVKGLTGGGNKLTF;TRB:CASRVEVTGGDQPQHF,TRA:TGTGCAGCAAGGGGGCCTGGGGGTTACCAGAAAGTTACCTTT;TRA:TGTGCTGTGAAGGGACTCACGGGAGGAGGAAACAAACTCACCTTT;TRB:TGTGCCAGCAGGGTAGAAGTTACAGGGGGGGATCAGCCCCAGCATTTT
clonotype187,1,0.000950570342205,TRB:CASSPRRGQRLAEQYF,TRB:TGTGCCAGCAGCCCCAGGAGGGGACAGAGACTCGCCGAGCAGTACTTC
clonotype184,1,0.000950570342205,TRA:CAMRDSGAGSYQLTF;TRB:CASSLPLGQGSTYGYTF,TRA:TGTGCAATGAGAGACTCTGGGGCTGGGAGTTACCAACTCACTTTC;TRB:TGTGCCAGCAGCTTGCCGCTTGGACAGGGGAGCACCTATGGCTACACCTTC
clonotype185,1,0.000950570342205,TRB:CASSPDGYEQYF,TRB:TGTGCCAGCAGCCCAGACGGCTACGAGCAGTACTTC
clonotype188,1,0.000950570342205,TRB:CSAGFEGNTIYF,TRB:TGCAGTGCCGGGTTTGAAGGAAACACCATATATTTT
clonotype189,1,0.000950570342205,TRB:CASSFRLTGAYEQYF,TRB:TGTGCCAGCAGCTTCCGACTAACTGGGGCCTACGAGCAGTACTTC
clonotype432,1,0.000950570342205,TRB:CASSSFWYEQYF,TRB:TGTGCCAGCAGTTCATTCTGGTACGAGCAGTACTTC
clonotype433,1,0.000950570342205,TRB:CASRGGTSVTNEQFF,TRB:TGTGCCAGCAGGGGCGGAACTAGCGTCACCAATGAGCAGTTCTTC
clonotype430,1,0.000950570342205,TRB:CASSARQREPYEQFF,TRB:TGTGCCAGCAGCGCGCGGCAGCGGGAGCCGTATGAGCAGTTCTTC
clonotype431,1,0.000950570342205,TRB:CASSLQGGNYGYTF,TRB:TGTGCCAGCAGTTTACAGGGGGGGAACTATGGCTACACCTTC
clonotype436,1,0.000950570342205,TRA:CALPPKYIF;TRB:CASSLAGGSYNEQFF,TRA:TGCGCCCTACCCCCCAAATACATCTTT;TRB:TGTGCCAGCAGCTTAGCGGGAGGGTCCTACAATGAGCAGTTCTTC
clonotype437,1,0.000950570342205,TRA:CAVRDIRFSGGYNKLIF;TRB:CSAREPVYEQYF,TRA:TGTGCTGTGAGAGACATACGATTTTCTGGTGGCTACAATAAGCTGATTTTT;TRB:TGCAGTGCTAGAGAGCCAGTATACGAGCAGTACTTC
clonotype434,1,0.000950570342205,TRA:CAYNQGAQKLVF;TRB:CASSTPSGGTPGNTIYF,TRA:TGTGCTTATAACCAGGGAGCCCAGAAGCTGGTATTT;TRB:TGTGCCAGCAGCACCCCCTCGGGGGGAACTCCTGGAAACACCATATATTTT
clonotype435,1,0.000950570342205,TRB:CASSGDWYYNEQFF,TRB:TGTGCCAGCAGTGGGGATTGGTATTACAATGAGCAGTTCTTC
clonotype438,1,0.000950570342205,TRA:CAVDNAGNNRKLIW;TRB:CAISEFSSGSEQYF,TRA:TGTGCTGTGGATAATGCTGGCAACAACCGTAAGCTGATTTGG;TRB:TGTGCCATCAGTGAGTTCTCTAGCGGGAGCGAGCAGTACTTC
clonotype439,1,0.000950570342205,TRA:CAATLPGTASKLTF;TRA:CAVVGSARLLTF;TRB:CSVRPSGNTIYF,TRA:TGTGCAGCAACCCTACCCGGCACTGCCAGTAAACTCACCTTT;TRA:TGTGCCGTGGTGGGTTCTGCAAGGCTACTGACCTTT;TRB:TGCAGTGTCCGGCCCTCGGGAAACACCATATATTTT
clonotype201,1,0.000950570342205,TRB:CVEGGTDYGYTF,TRB:TGTGTCGAGGGTGGAACAGACTATGGCTACACCTTC
clonotype200,1,0.000950570342205,TRA:CAVRDYGGSQGNLIF;TRB:CASRLTMNTGELFF,TRA:TGTGCCGTGAGGGATTATGGAGGAAGCCAAGGAAATCTCATCTTT;TRB:TGCGCCAGCAGACTCACTATGAACACCGGGGAGCTGTTTTTT
clonotype203,1,0.000950570342205,TRA:CAYRSISGGGADGLTF;TRB:CASSLPGGNTEAFF,TRA:TGTGCTTATAGGAGCATTTCAGGAGGAGGTGCTGACGGACTCACCTTT;TRB:TGCGCCAGCAGCCTACCGGGGGGGAACACTGAAGCTTTCTTT
clonotype202,1,0.000950570342205,TRA:CALSDAGYKRDDKIIF;TRB:CASSVGRGQSGNTIYF,TRA:TGTGCTCTGAGTGATGCAGGGTATAAACGAGATGACAAGATCATCTTT;TRB:TGTGCCAGCAGCGTAGGTCGAGGCCAATCTGGAAACACCATATATTTT
clonotype205,1,0.000950570342205,TRB:CASSFGGSSYEQYF,TRB:TGTGCCAGCAGCTTCGGCGGGAGCTCCTACGAGCAGTACTTC
clonotype204,1,0.000950570342205,TRA:CAMSRNAGNMLTF;TRB:CSANDVVGRNNEQFF,TRA:TGTGCAATGAGTCGTAATGCAGGCAACATGCTCACCTTT;TRB:TGCAGTGCTAACGACGTAGTAGGGCGGAACAATGAGCAGTTCTTC
clonotype207,1,0.000950570342205,TRA:CAVNGGSQGNLIF;TRB:CASSNRAGKFF,TRA:TGTGCCGTGAATGGAGGAAGCCAAGGAAATCTCATCTTT;TRB:TGTGCCAGCAGCAACAGGGCGGGGAAGTTCTTC
clonotype206,1,0.000950570342205,TRA:CAFMTSGTYKYIF;TRB:CASRLTGPAYEQYF,TRA:TGTGCTTTCATGACCTCAGGAACCTACAAATACATCTTT;TRB:TGTGCCAGCAGGTTGACAGGGCCCGCCTACGAGCAGTACTTC
clonotype209,1,0.000950570342205,TRA:CAMRKKGGSEKLVF;TRB:CASRPQGAIYEQYF,TRA:TGTGCAATGAGAAAAAAAGGCGGATCTGAAAAGCTGGTCTTT;TRB:TGTGCCAGCAGGCCACAGGGGGCCATCTACGAGCAGTACTTC
clonotype208,1,0.000950570342205,TRB:CASSREGVRRTEAFF,TRB:TGTGCCAGCAGCAGAGAAGGGGTCAGGAGGACTGAAGCTTTCTTT
clonotype380,1,0.000950570342205,TRB:CASSSLNTEAFF,TRB:TGTGCCAGCAGTTCTTTGAACACTGAAGCTTTCTTT
clonotype381,1,0.000950570342205,TRA:CASGAGGGADGLTF;TRB:CASSPGGSYGYTF,TRA:TGTGCCTCCGGGGCAGGAGGAGGTGCTGACGGACTCACCTTT;TRB:TGTGCCAGTTCTCCGGGAGGAAGCTATGGCTACACCTTC
clonotype382,1,0.000950570342205,TRB:CASSSRLAGEREQFF,TRB:TGTGCCAGCAGCTCCCGTCTAGCGGGAGAACGTGAGCAGTTCTTC
clonotype383,1,0.000950570342205,TRA:CAVSHGSARQLTF;TRB:CASRTRGTDGRNQPQHF,TRA:TGCGCTGTGAGTCACGGTTCTGCAAGGCAACTGACCTTT;TRB:TGTGCCAGCAGAACCCGAGGGACCGACGGCCGCAATCAGCCCCAGCATTTT
clonotype384,1,0.000950570342205,TRB:CAWTIGSYEQYF,TRB:TGTGCCTGGACTATCGGGTCCTACGAGCAGTACTTC
clonotype385,1,0.000950570342205,TRA:CARRYGGSQGNLIF;TRB:CASSPLDQETQYF,TRA:TGTGCCCGACGTTATGGAGGAAGCCAAGGAAATCTCATCTTT;TRB:TGTGCCAGCAGCCCCCTGGACCAAGAGACCCAGTACTTC
clonotype386,1,0.000950570342205,TRB:CASSLEVLGNEQFF,TRB:TGTGCCAGCAGCTTAGAGGTGTTAGGGAATGAGCAGTTCTTC
clonotype387,1,0.000950570342205,TRB:CSVGAGEGYEQYF,TRB:TGCAGCGTGGGAGCGGGAGAGGGATACGAGCAGTACTTC
clonotype388,1,0.000950570342205,TRA:CIVLVWAGGTSYGKLTF;TRB:CSVRDRGLYGYTF,TRA:TGCATCGTGCTTGTATGGGCTGGTGGTACTAGCTATGGAAAGCTGACATTT;TRB:TGCAGCGTCCGGGACAGGGGCCTCTATGGCTACACCTTC
clonotype389,1,0.000950570342205,TRB:CASSPLAGTDTQYF,TRB:TGTGCCAGCAGCCCACTAGCGGGCACAGATACGCAGTATTTT
clonotype474,1,0.000950570342205,TRB:CASSLGGQSTDTQYF,TRB:TGTGCCAGCAGCTTAGGCGGACAGAGCACAGATACGCAGTATTTT
clonotype475,1,0.000950570342205,TRB:CASSPRDRSPLRSQHF,TRB:TGTGCCAGCAGTCCCCGGGACAGGTCACCGTTGAGGTCCCAGCATTTT
clonotype379,1,0.000950570342205,TRB:CASRITGDFEKLFF,TRB:TGTGCCAGCCGGATAACAGGGGACTTTGAAAAACTGTTTTTT
clonotype473,1,0.000950570342205,TRA:CAGNSGYSTLTF;TRB:CSVTLTSGGPTGAQYF,TRA:TGTGCAGGGAATTCAGGATACAGCACCCTCACCTTT;TRB:TGCAGCGTCACCCTGACTAGCGGGGGGCCCACCGGGGCCCAGTACTTC
clonotype470,1,0.000950570342205,TRB:CASSPWDRGTYLAKNIQYF,TRB:TGTGCCAGCAGCCCATGGGACAGGGGAACCTATCTAGCCAAAAACATTCAGTACTTC
clonotype471,1,0.000950570342205,TRB:CASLELAGAGELFF,TRB:TGTGCCAGCCTAGAACTAGCGGGAGCCGGGGAGCTGTTTTTT
clonotype375,1,0.000950570342205,TRA:CAASSNQGGKLIF;TRB:CASSLGPNYEQYF,TRA:TGTGCAGCAAGCAGTAACCAGGGAGGAAAGCTTATCTTC;TRB:TGTGCCAGCAGCCTAGGACCGAACTACGAGCAGTACTTC
clonotype374,1,0.000950570342205,TRA:CAMRVPGGYNKLIF;TRB:CASSQERRISQETQYF,TRA:TGTGCAATGAGGGTCCCTGGTGGCTACAATAAGCTGATTTTT;TRB:TGCGCCAGCAGCCAAGAACGCCGAATTTCTCAAGAGACCCAGTACTTC
clonotype377,1,0.000950570342205,TRA:CIVRVGGDSWGKLQF,TRA:TGCATCGTCAGAGTCGGGGGTGACAGCTGGGGGAAATTGCAGTTT
clonotype376,1,0.000950570342205,TRB:CASSIYGQGADEQYF,TRB:TGTGCCAGTAGTATTTACGGACAGGGGGCCGACGAGCAGTACTTC
clonotype371,1,0.000950570342205,TRA:CAASRSGNYQLIW;TRB:CASTPAVGVYEQYF,TRA:TGTGCAGCAAGCAGGAGCGGCAACTATCAGTTAATCTGG;TRB:TGTGCCAGTACCCCGGCGGTAGGGGTTTACGAGCAGTACTTC
clonotype370,1,0.000950570342205,TRA:CIVRDNNAGNMLTF;TRB:CASSNRGGQETQYF;TRB:CASSPWGGNSPLHF,TRA:TGCATCGTCAGAGATAATAATGCAGGCAACATGCTCACCTTT;TRB:TGTGCCAGCAGCAACCGCGGGGGGCAAGAGACCCAGTACTTC;TRB:TGTGCCAGCAGCCCCTGGGGGGGCAATTCACCCCTCCACTTT
clonotype373,1,0.000950570342205,TRA:CAVPPAGGTSYGKLTF;TRB:CSAVGGTSNQPQHF,TRA:TGTGCCGTGCCGCCTGCTGGTGGTACTAGCTATGGAAAGCTGACATTT;TRB:TGCAGTGCTGTGGGCGGGACCAGCAATCAGCCCCAGCATTTT
clonotype372,1,0.000950570342205,TRA:CAASILLLRPGAAGNKLTF;TRA:CAFRTGGSYIPTF;TRB:CASNDLEVTGELFF,TRA:TGTGCAGCAAGCATTCTGTTACTACGACCTGGAGCTGCAGGCAACAAGCTAACTTTT;TRA:TGTGCTTTCAGAACAGGAGGAAGCTACATACCTACATTT;TRB:TGTGCCAGCAACGACCTGGAGGTCACCGGGGAGCTGTTTTTT
clonotype274,1,0.000950570342205,TRA:CAMGSGGADGLTF;TRB:CASSAFLAIHEQFF,TRA:TGTGCAATGGGCTCTGGAGGTGCTGACGGACTCACCTTT;TRB:TGTGCCAGCAGCGCGTTTCTAGCGATCCATGAGCAGTTCTTC
clonotype275,1,0.000950570342205,TRB:CASSLRFGSGGDEQYF,TRB:TGTGCCAGCAGCTTAAGGTTCGGTAGCGGGGGTGACGAGCAGTACTTC
clonotype276,1,0.000950570342205,TRB:CASSLTGPSNTEAFF,TRB:TGCGCCAGCAGCCTAACCGGGCCGTCGAACACTGAAGCTTTCTTT
clonotype277,1,0.000950570342205,TRA:CALILLFSGGYNKLIF;TRB:CASSPDGYEQYF,TRA:TGTGCTCTGATTCTACTGTTTTCTGGTGGCTACAATAAGCTGATTTTT;TRB:TGTGCCAGCAGCCCAGACGGCTACGAGCAGTACTTC
clonotype270,1,0.000950570342205,TRB:CASSPSGTPNYGYTF,TRB:TGTGCCAGCAGCCCTAGCGGGACGCCGAACTATGGCTACACCTTC
clonotype271,1,0.000950570342205,TRB:CSAAIQGTQYF,TRB:TGCAGTGCTGCGATCCAGGGTACGCAGTATTTT
clonotype272,1,0.000950570342205,TRA:CIVRDNNAGNMLTF,TRA:TGCATCGTCAGAGATAATAATGCAGGCAACATGCTCACCTTT
clonotype273,1,0.000950570342205,TRA:CALSEASTGANSKLTF;TRB:CSVGQGAYEQYF;TRB:CASSPPDEQFF,TRA:TGTGCTCTGAGTGAGGCATCCACTGGAGCCAATAGTAAGCTGACATTT;TRB:TGCAGCGTTGGACAGGGGGCCTACGAGCAGTACTTC;TRB:TGTGCCAGCAGCCCCCCGGATGAGCAGTTCTTC
clonotype278,1,0.000950570342205,TRA:CAVQASGGSQGNLIF;TRA:CVVNNNDMRF;TRB:CASSLSPRESPLHF,TRA:TGTGCTGTGCAGGCGTCAGGAGGAAGCCAAGGAAATCTCATCTTT;TRA:TGTGTGGTGAACAACAATGACATGCGCTTT;TRB:TGTGCCAGCAGCCTCAGCCCAAGGGAATCACCCCTCCACTTT
clonotype279,1,0.000950570342205,TRA:CAVSENYGGSQGNLIF;TRB:CASSQFGASPGNTIYF,TRA:TGTGCTGTGAGTGAGAATTATGGAGGAAGCCAAGGAAATCTCATCTTT;TRB:TGTGCCAGCAGCCAATTTGGGGCTTCCCCAGGAAACACCATATATTTT
clonotype159,1,0.000950570342205,TRB:CASRQGQGGAFF,TRB:TGTGCCAGCAGGCAGGGACAGGGGGGAGCTTTCTTT
clonotype158,1,0.000950570342205,TRA:CAASSFRFSDGQKLLF;TRB:CAWDTGPGVDEQFF,TRA:TGTGCAGCAAGTTCCTTCCGGTTTTCAGATGGCCAGAAGCTGCTCTTT;TRB:TGTGCCTGGGATACGGGACCTGGGGTGGATGAGCAGTTCTTC
clonotype151,1,0.000950570342205,TRB:CSARGAGTDYNEQFF,TRB:TGCAGTGCTAGAGGGGCCGGGACAGACTACAATGAGCAGTTCTTC
clonotype150,1,0.000950570342205,TRA:CAGGSYIPTF;TRB:CASSLGLGRGEQYF,TRA:TGTGCAGGAGGAAGCTACATACCTACATTT;TRB:TGTGCTAGCAGCTTAGGCCTGGGTCGGGGCGAGCAGTACTTC
clonotype153,1,0.000950570342205,TRB:CASSRAGYSYEQYF,TRB:TGTGCCAGCAGTCGCGCGGGCTACTCCTACGAGCAGTACTTC
clonotype152,1,0.000950570342205,TRA:CATDQTDSWGKFQF;TRA:CALSEWNQGGKLIF;TRB:CASSSTGEQFF,TRA:TGTGCTACGGACCAAACTGACAGCTGGGGGAAATTCCAGTTT;TRA:TGTGCTCTGAGTGAATGGAACCAGGGAGGAAAGCTTATCTTC;TRB:TGTGCCAGCAGCTCGACGGGCGAGCAGTTCTTC
clonotype155,1,0.000950570342205,TRA:CMSLSNNAGNMLTF,TRA:TGCATGTCCTTATCGAATAATGCAGGCAACATGCTCACCTTT
clonotype154,1,0.000950570342205,TRA:CVVSDPRNAGNMLTF;TRB:CASSLKWGRALEKLFF,TRA:TGTGTTGTGAGTGATCCAAGGAATGCAGGCAACATGCTCACCTTT;TRB:TGTGCCAGCAGTTTGAAGTGGGGACGGGCTCTCGAAAAACTGTTTTTT
clonotype157,1,0.000950570342205,TRB:CSARDLISGTRETQYF,TRB:TGCAGTGCTAGAGATCTGATCAGCGGGACTCGGGAGACCCAGTACTTC
clonotype156,1,0.000950570342205,TRA:CAGPRDSWGKLQF;TRA:CVVISNYGGSQGNLIF;TRB:CAIWGDGNTIYF,TRA:TGTGCAGGGCCACGAGACAGCTGGGGGAAATTGCAGTTT;TRA:TGTGTGGTGATTTCCAATTATGGAGGAAGCCAAGGAAATCTCATCTTT;TRB:TGTGCCATCTGGGGGGATGGAAACACCATATATTTT
clonotype308,1,0.000950570342205,TRB:CASSPWLGQVVNTEAFF,TRB:TGTGCCAGCAGTCCCTGGCTTGGACAGGTGGTGAACACTGAAGCTTTCTTT
clonotype298,1,0.000950570342205,TRB:CASSLGGTRLEPQHF,TRB:TGTGCCAGCAGCTTGGGGGGGACCCGCTTGGAGCCCCAGCATTTT
clonotype460,1,0.000950570342205,TRA:CAVRGGDTDKLIF;TRA:CAYRSAFYNAGNMLTF;TRB:CASSIARRVTPLHF,TRA:TGTGCTGTCAGAGGGGGGGACACCGACAAGCTCATCTTT;TRA:TGTGCTTATAGGAGCGCGTTTTACAATGCAGGCAACATGCTCACCTTT;TRB:TGTGCCAGTAGTATAGCCCGTCGGGTTACACCCCTCCACTTT
clonotype350,1,0.000950570342205,TRA:CAARGPGGYQKVTF,TRA:TGTGCAGCAAGGGGGCCTGGGGGTTACCAGAAAGTTACCTTT
clonotype466,1,0.000950570342205,TRA:CAVNGGLTGGGNKLTF;TRB:CASSVKVFIVGRSQRYGYTF;TRB:CASSYSGAQGWETQYF,TRA:TGTGCCGTGAATGGGGGACTCACGGGAGGAGGAAACAAACTCACCTTT;TRB:TGTGCCAGCAGCGTAAAGGTCTTCATAGTGGGAAGGTCGCAACGGTATGGCTACACCTTC;TRB:TGTGCCAGCAGTTACTCTGGGGCACAGGGATGGGAGACCCAGTACTTC
clonotype300,1,0.000950570342205,TRB:CASSWGQEYYEQYF,TRB:TGTGCCAGCAGTTGGGGACAGGAATACTACGAGCAGTACTTC
clonotype359,1,0.000950570342205,TRA:CAMRERYTGGFKTIF;TRB:CSVVVRDSQGDSNQPQHF,TRA:TGTGCAATGAGAGAGCGTTATACTGGAGGCTTCAAAACTATCTTT;TRB:TGCAGCGTTGTAGTTAGGGACAGCCAGGGAGATAGCAATCAGCCCCAGCATTTT
clonotype468,1,0.000950570342205,TRB:CASSEAISPGDYGYTF,TRB:TGTGCCAGCAGTGAAGCGATATCTCCAGGAGATTATGGCTACACCTTC
clonotype358,1,0.000950570342205,TRA:CAGVDGAGSYQLTF,TRA:TGTGCAGGTGTGGACGGGGCTGGGAGTTACCAACTCACTTTC
clonotype331,1,0.000950570342205,TRA:CAVGVRGGADGLTF;TRB:CASIPGTRLGTQYF,TRA:TGTGCTGTGGGTGTAAGAGGAGGTGCTGACGGACTCACCTTT;TRB:TGTGCCAGCATACCGGGAACTAGGTTAGGTACGCAGTATTTT
clonotype239,1,0.000950570342205,TRA:CAARKGRTTSGTYKYIF;TRB:CASSYPLADPQETQYF,TRA:TGTGCAGCAAGAAAGGGACGCACTACCTCAGGAACCTACAAATACATCTTT;TRB:TGTGCCAGCAGTTACCCACTAGCGGACCCCCAAGAGACCCAGTACTTC
clonotype238,1,0.000950570342205,TRA:CATDGNTDKLIF;TRB:CASSLAGGGPPAQQYF,TRA:TGTGCTACGGACGGCAACACCGACAAGCTCATCTTT;TRB:TGTGCCAGCAGCTTAGCGGGCGGAGGGCCTCCCGCACAGCAGTACTTC
clonotype330,1,0.000950570342205,TRB:CASSYPGQGLRQPQHF,TRB:TGTGCCAGCAGTTACCCTGGACAGGGGTTGCGGCAGCCCCAGCATTTT
clonotype333,1,0.000950570342205,TRB:CASSFNSREYRTDTQYF,TRB:TGTGCCAGCAGTTTCAACTCCAGGGAGTATCGCACAGATACGCAGTATTTT
clonotype332,1,0.000950570342205,TRA:CVVTPGGSYIPTF;TRB:CSAGFEGNTIYF,TRA:TGTGTGGTGACCCCAGGAGGAAGCTACATACCTACATTT;TRB:TGCAGTGCCGGGTTTGAAGGAAACACCATATATTTT
clonotype335,1,0.000950570342205,TRB:CASSWPQTSTGELFF,TRB:TGTGCCAGCAGCTGGCCCCAGACGTCCACCGGGGAGCTGTTTTTT
clonotype334,1,0.000950570342205,TRB:CSAWAGTNSYEQYF,TRB:TGCAGCGCTTGGGCGGGGACGAACTCCTACGAGCAGTACTTC
clonotype337,1,0.000950570342205,TRA:CASPPGGGADGLTF;TRB:CASSGDWYYNEQFF,TRA:TGTGCCTCCCCCCCAGGAGGAGGTGCTGACGGACTCACCTTT;TRB:TGTGCCAGCAGTGGGGATTGGTATTACAATGAGCAGTTCTTC
clonotype336,1,0.000950570342205,TRA:CAMREPLFSSGSARQLTF;TRB:CASSQDPQGPTNEKLFF,TRA:TGTGCAATGAGAGAGCCCCTGTTTTCTTCTGGTTCTGCAAGGCAACTGACCTTT;TRB:TGCGCCAGCAGCCAAGACCCACAGGGACCAACTAATGAAAAACTGTTTTTT
clonotype230,1,0.000950570342205,TRB:CASSENVDTGELFF,TRB:TGTGCCAGCAGTGAAAACGTTGACACCGGGGAGCTGTTTTTT
clonotype338,1,0.000950570342205,TRB:CASSQFSDHEQFF,TRB:TGCGCCAGCAGCCAATTCAGTGACCATGAGCAGTTCTTC
clonotype232,1,0.000950570342205,TRB:CASSGITGELFF,TRB:TGTGCCAGCAGTGGGATCACCGGGGAGCTGTTTTTT
clonotype233,1,0.000950570342205,TRA:CAISGSNDYKLSF;TRB:CASSARDRRRYGYTF,TRA:TGTGCAATCTCTGGTTCTAACGACTACAAGCTCAGCTTT;TRB:TGTGCCAGCAGCGCTAGGGACAGGCGCCGATATGGCTACACCTTC
clonotype234,1,0.000950570342205,TRA:CAVRSFRGGADGLTF;TRB:CASREGLAGKWDSYNEQFF,TRA:TGTGCTGTCAGATCTTTCCGAGGAGGTGCTGACGGACTCACCTTT;TRB:TGTGCCAGCAGGGAGGGACTAGCGGGCAAATGGGACTCCTACAATGAGCAGTTCTTC
clonotype235,1,0.000950570342205,TRB:CSGDLLGTREQYF,TRB:TGCAGTGGGGACCTTCTGGGGACTCGCGAGCAGTACTTC
clonotype236,1,0.000950570342205,TRA:CAVAFFKAAGNKLTF;TRB:CASSLGPLVGTEAFF,TRA:TGTGCTGTGGCCTTTTTCAAAGCTGCAGGCAACAAGCTAACTTTT;TRB:TGTGCCAGCAGCTTAGGGCCGCTGGTCGGCACTGAAGCTTTCTTT
clonotype237,1,0.000950570342205,TRA:CAVLLNTGFQKLVF;TRB:CASSYRDRSTDTQYF,TRA:TGTGCTGTCCTCTTGAACACAGGCTTTCAGAAACTTGTATTT;TRB:TGTGCCAGCAGTTATCGGGACAGATCCACAGATACGCAGTATTTT
clonotype339,1,0.000950570342205,TRA:CAMREGGTGGFKTIF;TRB:CASSASGGSSLPDTQYF,TRA:TGTGCAATGAGAGAGGGTGGGACTGGAGGCTTCAAAACTATCTTT;TRB:TGTGCCAGCAGCGCCTCAGGGGGCAGTAGTCTTCCAGATACGCAGTATTTT
clonotype231,1,0.000950570342205,TRA:CGAPIYNQGGKLIF;TRA:CAYRSANAGNNRKLIW;TRB:CASSWGQEYYEQYF,TRA:TGCGGCGCGCCGATTTATAACCAGGGAGGAAAGCTTATCTTC;TRA:TGTGCTTATAGGAGCGCGAATGCTGGCAACAACCGTAAGCTGATTTGG;TRB:TGTGCCAGCAGTTGGGGACAGGAATACTACGAGCAGTACTTC
clonotype199,1,0.000950570342205,TRB:CASSMGRDQPQHF,TRB:TGTGCCAGTAGTATGGGGAGGGATCAGCCCCAGCATTTT
clonotype198,1,0.000950570342205,TRB:CASSAGLFTDTQYF;TRB:CASSLGGEQPQHF,TRB:TGTGCCAGCAGCGCCGGATTGTTCACAGATACGCAGTATTTT;TRB:TGTGCCAGCAGCTTGGGTGGGGAACAGCCCCAGCATTTT
clonotype195,1,0.000950570342205,TRA:CASNTGNQFYF;TRB:CASSRTQGQPLHF,TRA:TGTGCTTCGAACACCGGTAACCAGTTCTATTTT;TRB:TGCGCCAGCAGCCGGACACAGGGCCAACCCCTCCACTTT
clonotype194,1,0.000950570342205,TRB:CASSLAGIETQYF,TRB:TGCGCCAGCAGCTTGGCGGGGATTGAGACCCAGTACTTC
clonotype197,1,0.000950570342205,TRB:CASSPPGRDNEAFF,TRB:TGTGCCAGCAGCCCTCCGGGTAGGGACAATGAAGCTTTCTTT
clonotype196,1,0.000950570342205,TRB:CASSENPHLPGEKLFF,TRB:TGTGCCAGCAGTGAGAACCCCCATTTGCCAGGTGAAAAACTGTTTTTT
clonotype191,1,0.000950570342205,TRB:CSARDPRGSSYEQYF,TRB:TGCAGTGCTAGAGATCCCAGGGGAAGCTCCTACGAGCAGTACTTC
clonotype190,1,0.000950570342205,TRA:CALSRADSWGKLQF;TRB:CASSLPAAHPYEQYF,TRA:TGTGCTCTGAGTCGGGCCGACAGCTGGGGGAAATTGCAGTTT;TRB:TGTGCCAGCAGCTTACCGGCGGCTCACCCCTACGAGCAGTACTTC
clonotype193,1,0.000950570342205,TRB:CASSSGPPPIF,TRB:TGTGCCAGCAGTTCCGGGCCCCCTCCAATTTTT
clonotype192,1,0.000950570342205,TRA:CAVEEWGNTPLVF;TRB:CASSYSRVDRDTQYF,TRA:TGTGCTGTGGAGGAATGGGGAAACACACCTCTTGTCTTT;TRB:TGTGCCAGCAGCTACAGTAGGGTAGACAGGGATACGCAGTATTTT
clonotype429,1,0.000950570342205,TRA:CILRGAGGTSYGKLTF;TRB:CASSLQGGNYGYTF,TRA:TGCATCCTGAGGGGAGCTGGTGGTACTAGCTATGGAAAGCTGACATTT;TRB:TGTGCCAGCAGTTTACAGGGGGGGAACTATGGCTACACCTTC
clonotype428,1,0.000950570342205,TRB:CASSSSGTGVHGYTF,TRB:TGTGCCAGCAGTTCCTCCGGGACAGGGGTTCATGGCTACACCTTC
clonotype425,1,0.000950570342205,TRB:CASSLEQGSGTEAFF,TRB:TGTGCCAGCAGCTTGGAACAGGGATCGGGCACTGAAGCTTTCTTT
clonotype424,1,0.000950570342205,TRB:CASSPPGDIRYGYTF,TRB:TGTGCCAGCTCACCACCGGGGGACATAAGATATGGCTACACCTTC
clonotype427,1,0.000950570342205,TRB:CASSLGGLAKNIQYF,TRB:TGTGCCAGCAGCTTGGGAGGGCTAGCCAAAAACATTCAGTACTTC
clonotype426,1,0.000950570342205,TRB:CASSLGPNYEQYF,TRB:TGTGCCAGCAGCCTAGGACCGAACTACGAGCAGTACTTC
clonotype421,1,0.000950570342205,TRB:CSAPGMDTGELFF,TRB:TGCAGTGCCCCTGGGATGGACACCGGGGAGCTGTTTTTT
clonotype420,1,0.000950570342205,TRA:CAVRESWGKLQF;TRB:CSAREVAAASYEQYF,TRA:TGTGCTGTGAGGGAAAGCTGGGGGAAATTGCAGTTT;TRB:TGCAGTGCTAGAGAGGTGGCGGCCGCCTCCTACGAGCAGTACTTC
clonotype423,1,0.000950570342205,TRB:CASSSGGREAFF,TRB:TGTGCCAGCAGTTCCGGGGGCAGAGAAGCTTTCTTT
clonotype422,1,0.000950570342205,TRA:CAVDGYQKVTF;TRB:CASSQTFRGQGTEAFF,TRA:TGCGCTGTGGACGGTTACCAGAAAGTTACCTTT;TRB:TGCGCCAGCAGCCAAACCTTTAGGGGGCAGGGCACTGAAGCTTTCTTT
clonotype344,1,0.000950570342205,TRA:CGTEYFSGGKLIF;TRA:CATIYNFNKFYF,TRA:TGCGGCACAGAGTACTTTAGTGGTGGAAAGCTTATCTTC;TRA:TGTGCAACGATATACAACTTCAACAAATTTTACTTT
clonotype345,1,0.000950570342205,TRA:CAVIGAIGFGNVLHC;TRB:CSARYVPNYGYTF,TRA:TGTGCTGTGATTGGGGCGATAGGCTTTGGGAATGTGCTGCATTGC;TRB:TGCAGTGCTAGATATGTCCCTAACTATGGCTACACCTTC
clonotype346,1,0.000950570342205,TRB:CASSLSSNTEAFF,TRB:TGTGCTAGCAGCTTAAGCTCGAACACTGAAGCTTTCTTT
clonotype347,1,0.000950570342205,TRA:CAVIDTGRRALTF;TRB:CASSLAREYEQYF,TRA:TGTGCTGTGATTGACACGGGCAGGAGAGCACTTACTTTT;TRB:TGTGCCAGCAGCTTAGCGAGGGAGTACGAGCAGTACTTC
clonotype340,1,0.000950570342205,TRA:CAFMKPEVSNQFYF;TRB:CASSLAQARNSPLHF,TRA:TGTGCTTTCATGAAGCCTGAAGTGAGTAACCAGTTCTATTTT;TRB:TGCGCCAGCAGCTTGGCACAGGCTCGTAATTCACCCCTCCACTTT
clonotype341,1,0.000950570342205,TRA:CAVPTPRLYNQGGKLIF;TRA:CAYRSANAGNNRKLIW;TRB:CASSLNRAGGPNEQFF;TRB:CASSWGQEYYEQYF,TRA:TGTGCTGTCCCCACTCCCCGCCTTTATAACCAGGGAGGAAAGCTTATCTTC;TRA:TGTGCTTATAGGAGCGCGAATGCTGGCAACAACCGTAAGCTGATTTGG;TRB:TGTGCCAGCAGCTTAAACCGGGCGGGAGGGCCTAATGAGCAGTTCTTC;TRB:TGTGCCAGCAGTTGGGGACAGGAATACTACGAGCAGTACTTC
clonotype342,1,0.000950570342205,TRB:CASSLSPGQGPSSYNEQFF,TRB:TGTGCCAGCAGCCTCTCTCCGGGACAGGGGCCGTCCTCCTACAATGAGCAGTTCTTC
clonotype343,1,0.000950570342205,TRB:CASSLWLRGFYNEQFF,TRB:TGTGCCAGCAGCCTATGGCTCAGAGGGTTCTACAATGAGCAGTTCTTC
clonotype348,1,0.000950570342205,TRA:CAETSGTYKYIF,TRA:TGTGCAGAGACCTCAGGAACCTACAAATACATCTTT
clonotype349,1,0.000950570342205,TRB:CASSFGREADTQYF,TRB:TGTGCCAGCAGTTTCGGGCGGGAGGCAGATACGCAGTATTTT
clonotype160,1,0.000950570342205,TRA:CAMTSYNFNKFYF;TRB:CASSSIRLGRPFF,TRA:TGTGCAATGACCTCATACAACTTCAACAAATTTTACTTT;TRB:TGTGCCAGCAGCTCCATTCGCCTTGGCCGACCCTTCTTC
clonotype161,1,0.000950570342205,TRB:CASSAHSANQPQHF,TRB:TGTGCCAGCAGCGCACACAGCGCCAATCAGCCCCAGCATTTT
clonotype162,1,0.000950570342205,TRB:CASRNAGRPRTQYF,TRB:TGCGCCAGCAGGAATGCGGGGAGACCCCGTACGCAGTATTTT
clonotype163,1,0.000950570342205,TRA:CAFMKPGAGSYQLTF;TRB:CAIQTGRTEAFF,TRA:TGTGCTTTCATGAAGCCAGGGGCTGGGAGTTACCAACTCACTTTC;TRB:TGTGCCATTCAGACGGGGCGTACTGAAGCTTTCTTT
clonotype164,1,0.000950570342205,TRA:CAVTTGSQFYF;TRB:CASSDRLAGTTDTQYF,TRA:TGTGCTGTGACCACCGGGAGTCAGTTCTATTTT;TRB:TGTGCCAGCAGCGACCGACTAGCGGGGACCACAGATACGCAGTATTTT
clonotype165,1,0.000950570342205,TRB:CASSLLAGHTGELFF,TRB:TGTGCCAGCAGCCTACTAGCGGGGCATACCGGGGAGCTGTTTTTT
clonotype166,1,0.000950570342205,TRA:CAAGFKAAGNKLTF;TRB:CASSPVRGRYEQYF,TRA:TGTGCAGCGGGATTCAAAGCTGCAGGCAACAAGCTAACTTTT;TRB:TGTGCCAGCAGCCCAGTACGGGGCCGCTACGAGCAGTACTTC
clonotype167,1,0.000950570342205,TRB:CASSVEARNLETQYF,TRB:TGTGCCAGCAGCGTAGAGGCCAGGAATCTGGAGACCCAGTACTTC
clonotype168,1,0.000950570342205,TRA:CAVRDPGEAYKYIF;TRB:CASSVSGSGRANEQFF,TRA:TGTGCTGTGAGAGATCCCGGAGAAGCCTACAAATACATCTTT;TRB:TGCGCCAGCAGTGTCTCCGGGTCGGGGAGGGCCAATGAGCAGTTCTTC
clonotype169,1,0.000950570342205,TRB:CASSSTGEQFF,TRB:TGTGCCAGCAGCTCGACGGGCGAGCAGTTCTTC
clonotype393,1,0.000950570342205,TRA:CAMSATSSASKIIF;TRB:CASSVETGGTGELFF,TRA:TGTGCAATGAGCGCGACCAGCAGTGCTTCCAAGATAATCTTT;TRB:TGTGCCAGCAGCGTAGAGACAGGGGGGACCGGGGAGCTGTTTTTT
clonotype392,1,0.000950570342205,TRA:CAALFNQAGTALIF;TRA:CAVSGVGGFKTIF;TRB:CASSLAKGRYGYTF,TRA:TGTGCAGCCCTGTTTAACCAGGCAGGAACTGCTCTGATCTTT;TRA:TGTGCTGTGAGTGGAGTTGGAGGCTTCAAAACTATCTTT;TRB:TGTGCCAGCAGCTTAGCGAAGGGTCGGTATGGCTACACCTTC
clonotype391,1,0.000950570342205,TRB:CASSRGGGTEAFF,TRB:TGTGCCAGCAGCCGTGGGGGAGGGACTGAAGCTTTCTTT
clonotype390,1,0.000950570342205,TRA:CAVSFNDKLIF;TRB:CASSLAVTGGGETQYF,TRA:TGTGCTGTGAGTTTCAACGACAAGCTCATCTTT;TRB:TGTGCCAGCAGCTTAGCGGTGACAGGGGGCGGAGAGACCCAGTACTTC
clonotype397,1,0.000950570342205,TRB:CASGLTNQGYGYTF,TRB:TGTGCTAGTGGTTTGACGAACCAGGGTTATGGCTACACCTTC
clonotype396,1,0.000950570342205,TRA:CAANDYKLSF;TRB:CATTSGQASTEAFF,TRA:TGTGCAGCAAACGACTACAAGCTCAGCTTT;TRB:TGTGCCACCACCTCGGGACAGGCGAGCACTGAAGCTTTCTTT
clonotype395,1,0.000950570342205,TRA:CAPPGGSSNTGKLIF;TRB:CATSVGTGELFF,TRA:TGTGCCCCACCGGGAGGCTCTAGCAACACAGGCAAACTAATCTTT;TRB:TGCGCCACCTCCGTAGGGACCGGGGAGCTGTTTTTT
clonotype394,1,0.000950570342205,TRB:CASSQANGTGKTQETQYF,TRB:TGTGCCAGCAGCCAAGCTAATGGGACAGGGAAAACTCAAGAGACCCAGTACTTC
clonotype399,1,0.000950570342205,TRB:CASSFMINSNEQFF,TRB:TGTGCCAGCAGTTTCATGATAAATAGCAATGAGCAGTTCTTC
clonotype398,1,0.000950570342205,TRA:CAGGGADGLTF;TRB:CASSPKVYRTYEQYF,TRA:TGTGCGGGAGGAGGTGCTGACGGACTCACCTTT;TRB:TGTGCCAGCAGTCCAAAAGTATACAGGACCTACGAGCAGTACTTC
clonotype224,1,0.000950570342205,TRB:CASSKRQGSPDTQYF,TRB:TGTGCCAGCAGTAAGCGACAGGGGAGCCCAGATACGCAGTATTTT
clonotype461,1,0.000950570342205,TRB:CAISGGGPGYTF,TRB:TGTGCCATCAGTGGGGGGGGACCCGGCTACACCTTC
clonotype309,1,0.000950570342205,TRB:CASSLAADPQYNEQFF,TRB:TGTGCCAGCAGCTTAGCCGCGGACCCACAATATAATGAGCAGTTCTTC
clonotype463,1,0.000950570342205,TRA:CAMRLGGFGNVLHC;TRA:CAVRDIERNFNKFYF;TRB:CASSPSGGLYNEQFF,TRA:TGTGCAATGAGACTGGGGGGCTTTGGGAATGTGCTGCATTGC;TRA:TGTGCTGTGAGAGACATTGAACGGAACTTCAACAAATTTTACTTT;TRB:TGTGCCAGCAGCCCCTCGGGGGGACTATACAATGAGCAGTTCTTC
clonotype462,1,0.000950570342205,TRA:CAVDDYKLSF;TRB:CASSQGYGNNQPQHF,TRA:TGTGCTGTCGACGACTACAAGCTCAGCTTT;TRB:TGCGCCAGCAGCCAAGGGTATGGGAACAATCAGCCCCAGCATTTT
clonotype465,1,0.000950570342205,TRB:CASSLGQGGMDEQYF,TRB:TGCGCCAGCAGCCTCGGACAGGGAGGGATGGACGAGCAGTACTTC
clonotype464,1,0.000950570342205,TRA:CAASVGQGNLIF;TRB:CASSVLGGNEQFF,TRA:TGTGCAGCAAGCGTAGGCCAAGGAAATCTCATCTTT;TRB:TGTGCCAGCAGCGTCCTTGGGGGGAATGAGCAGTTCTTC
clonotype467,1,0.000950570342205,TRA:CAVNSRRAGGFKTIF;TRB:CASRVIGYEQYF,TRA:TGTGCCGTGAACTCAAGGCGTGCTGGAGGCTTCAAAACTATCTTT;TRB:TGTGCCAGCAGGGTGATCGGATACGAGCAGTACTTC
clonotype469,1,0.000950570342205,TRB:CASSLDRGGTEAFF,TRB:TGTGCCAGCAGCTTAGACAGAGGGGGCACTGAAGCTTTCTTT
clonotype301,1,0.000950570342205,TRB:CASSVYGLAEYNEQFF,TRB:TGTGCCAGCAGCGTTTATGGACTAGCGGAATACAATGAGCAGTTCTTC
clonotype302,1,0.000950570342205,TRA:CAMREGAESGAGSYQLTF;TRB:CASSQEFRANNQPQHF,TRA:TGTGCAATGAGAGAGGGCGCGGAATCTGGGGCTGGGAGTTACCAACTCACTTTC;TRB:TGTGCCAGCAGCCAAGAATTCAGGGCTAACAATCAGCCCCAGCATTTT
clonotype303,1,0.000950570342205,TRA:CAAPTNFGNEKLTF;TRB:CSAYRLAGGSLTSHYEQYF,TRA:TGTGCTGCCCCTACTAACTTTGGAAATGAGAAATTAACCTTT;TRB:TGCAGTGCCTACCGACTAGCGGGAGGGTCTCTTACTTCCCACTACGAGCAGTACTTC
clonotype304,1,0.000950570342205,TRB:CSARATGGDTQYF,TRB:TGCAGTGCTAGAGCCACAGGGGGAGATACGCAGTATTTT
clonotype305,1,0.000950570342205,TRB:CASSTRDGRTDTQYF,TRB:TGTGCCAGCAGTACCCGGGACGGACGCACAGATACGCAGTATTTT
clonotype306,1,0.000950570342205,TRB:CASSPPTESYGYTF,TRB:TGTGCCAGCTCACCACCGACAGAGAGCTATGGCTACACCTTC
clonotype307,1,0.000950570342205,TRA:CAAWDFNKFYF;TRB:CASSLRGAGELFF,TRA:TGTGCAGCGTGGGACTTCAACAAATTTTACTTT;TRB:TGTGCCAGCAGTCTCAGGGGTGCCGGGGAGCTGTTTTTT
clonotype267,1,0.000950570342205,TRA:CAVDELRDDKIIF;TRB:CASSQLVGNTGELFF,TRA:TGTGCCGTGGACGAACTTAGAGATGACAAGATCATCTTT;TRB:TGTGCCAGCAGCCAACTCGTCGGGAACACCGGGGAGCTGTTTTTT
clonotype266,1,0.000950570342205,TRA:CAATLPGTASKLTF,TRA:TGTGCAGCAACCCTACCCGGCACTGCCAGTAAACTCACCTTT
clonotype265,1,0.000950570342205,TRA:CAGRLTGGGNKLTF;TRB:CASSGDRLIPNYGYTF,TRA:TGTGCTGGTAGACTCACGGGAGGAGGAAACAAACTCACCTTT;TRB:TGTGCCAGCAGTGGGGACAGACTTATACCTAACTATGGCTACACCTTC
clonotype264,1,0.000950570342205,TRB:CASSYSRYEGPYEQYF,TRB:TGTGCCAGCAGTTACTCCAGGTACGAGGGGCCCTACGAGCAGTACTTC
clonotype263,1,0.000950570342205,TRA:CAAGGSQGNLIF;TRA:CAGLKTSYDKVIF;TRB:CASRLSSGVTDTQYF,TRA:TGTGCAGCTGGAGGAAGCCAAGGAAATCTCATCTTT;TRA:TGTGCAGGTTTGAAAACCTCCTACGACAAGGTGATATTT;TRB:TGTGCCAGCAGGCTAAGTAGCGGGGTAACAGATACGCAGTATTTT
clonotype262,1,0.000950570342205,TRA:CIVRDNNAGNMLTF;TRA:CAASASNFNKFYF;TRB:CSVGQGAYEQYF;TRB:CASSPWGGNSPLHF,TRA:TGCATCGTCAGAGATAATAATGCAGGCAACATGCTCACCTTT;TRA:TGTGCAGCAAGCGCGTCCAACTTCAACAAATTTTACTTT;TRB:TGCAGCGTTGGACAGGGGGCCTACGAGCAGTACTTC;TRB:TGTGCCAGCAGCCCCTGGGGGGGCAATTCACCCCTCCACTTT
clonotype261,1,0.000950570342205,TRA:CAMRGEYGNKLVF;TRB:CSVAPTGPGWANVLTF,TRA:TGTGCAATGAGAGGGGAATATGGAAACAAACTGGTCTTT;TRB:TGCAGTGTTGCACCGACAGGGCCTGGCTGGGCCAACGTCCTGACTTTC
clonotype260,1,0.000950570342205,TRB:CASGQGSYEQYF,TRB:TGTGCCAGCGGACAAGGCTCCTACGAGCAGTACTTC
clonotype269,1,0.000950570342205,TRA:CVVNIVLDMRF,TRA:TGTGTGGTGAACATAGTCTTGGACATGCGCTTT
clonotype268,1,0.000950570342205,TRB:CASSLVPSGSRGEQFF,TRB:TGTGCCAGCAGCTTAGTTCCTAGCGGGAGTAGGGGTGAGCAGTTCTTC
clonotype414,1,0.000950570342205,TRA:CAGEGSGAGSYQLTF;TRB:CASSVGGGYTDTQYF,TRA:TGTGCAGGGGAGGGCTCTGGGGCTGGGAGTTACCAACTCACTTTC;TRB:TGTGCCAGCAGCGTAGGCGGGGGGTACACAGATACGCAGTATTTT
clonotype415,1,0.000950570342205,TRA:CVVNLNSWGKFQF;TRB:CASSISIEKLFF,TRA:TGTGTGGTGAACTTAAACAGCTGGGGGAAATTCCAGTTT;TRB:TGTGCCAGTAGTATATCGATTGAAAAACTGTTTTTT
clonotype416,1,0.000950570342205,TRA:CIVRVLLGGYQKVTF;TRB:CSARDRTSGTYEQYF,TRA:TGCATCGTCAGAGTCCTCCTTGGGGGTTACCAGAAAGTTACCTTT;TRB:TGCAGTGCTAGAGATCGGACTAGCGGTACCTACGAGCAGTACTTC
clonotype417,1,0.000950570342205,TRA:CAVQTDSWGKFQF;TRB:CASSLGEGTGGYTF,TRA:TGTGCAGTACAAACTGACAGCTGGGGGAAATTCCAGTTT;TRB:TGTGCCAGCAGCTTGGGCGAGGGGACGGGCGGCTACACCTTC
clonotype410,1,0.000950570342205,TRA:CAGKGYGQNFVF;TRB:CASSVAGTSGRAADNEQFF,TRA:TGTGCAGGGAAGGGCTATGGTCAGAATTTTGTCTTT;TRB:TGTGCCAGCAGCGTAGCCGGGACTAGCGGGAGGGCCGCGGATAATGAGCAGTTCTTC
clonotype411,1,0.000950570342205,TRA:CAGQLYEDKIIF;TRB:CASSLQETQYF,TRA:TGTGCTGGGCAGCTTTATGAAGACAAGATCATCTTT;TRB:TGCGCCAGCAGTCTACAAGAGACCCAGTACTTC
clonotype412,1,0.000950570342205,TRB:CASSPGPVIATEAFF,TRB:TGTGCCAGCTCACCAGGTCCGGTCATTGCGACTGAAGCTTTCTTT
clonotype413,1,0.000950570342205,TRB:CASTRPSMEAFF,TRB:TGTGCCAGCACCCGCCCGTCAATGGAAGCTTTCTTT
clonotype418,1,0.000950570342205,TRB:CASGGLGQSEKLFF,TRB:TGTGCCAGCGGGGGACTAGGACAGAGTGAAAAACTGTTTTTT
clonotype419,1,0.000950570342205,TRB:CASGPRWGTSRRGIYGYTF,TRB:TGTGCCAGTGGGCCCCGCTGGGGGACATCGAGGAGAGGAATCTATGGCTACACCTTC
